Date;JourDeLaSemaine;ZoneAnalyse;DureeVisite;CategorieVisiteurs;TypeDeJour;Volume
2017-05-10;Mercredi;Zone FIMU;Duree10h;Resident;Periode normale;535
2017-05-10;Mercredi;Zone FIMU;Duree10h;Touriste Etranger;Periode normale;#
2017-05-10;Mercredi;Zone FIMU;Duree10h;Touriste Français;Periode normale;103
2017-05-10;Mercredi;Zone FIMU;Duree10h-18h;Resident;Periode normale;2727
2017-05-10;Mercredi;Zone FIMU;Duree10h-18h;Touriste Etranger;Periode normale;40
2017-05-10;Mercredi;Zone FIMU;Duree10h-18h;Touriste Français;Periode normale;1206
2017-05-10;Mercredi;Zone FIMU;Duree2h;Resident;Periode normale;2364
2017-05-10;Mercredi;Zone FIMU;Duree2h;Touriste Etranger;Periode normale;36
2017-05-10;Mercredi;Zone FIMU;Duree2h;Touriste Français;Periode normale;1385
2017-05-10;Mercredi;Zone FIMU;Duree3h;Resident;Periode normale;3179
2017-05-10;Mercredi;Zone FIMU;Duree3h;Touriste Etranger;Periode normale;54
2017-05-10;Mercredi;Zone FIMU;Duree3h;Touriste Français;Periode normale;1993
2017-05-10;Mercredi;Zone FIMU;Duree4h;Resident;Periode normale;1323
2017-05-10;Mercredi;Zone FIMU;Duree4h;Touriste Etranger;Periode normale;#
2017-05-10;Mercredi;Zone FIMU;Duree4h;Touriste Français;Periode normale;854
2017-05-10;Mercredi;Zone FIMU;Duree5h;Resident;Periode normale;1221
2017-05-10;Mercredi;Zone FIMU;Duree5h;Touriste Etranger;Periode normale;#
2017-05-10;Mercredi;Zone FIMU;Duree5h;Touriste Français;Periode normale;762
2017-05-10;Mercredi;Zone FIMU;Duree6h;Resident;Periode normale;849
2017-05-10;Mercredi;Zone FIMU;Duree6h;Touriste Etranger;Periode normale;#
2017-05-10;Mercredi;Zone FIMU;Duree6h;Touriste Français;Periode normale;486
2017-05-10;Mercredi;Zone FIMU;Duree7h;Resident;Periode normale;1158
2017-05-10;Mercredi;Zone FIMU;Duree7h;Touriste Etranger;Periode normale;#
2017-05-10;Mercredi;Zone FIMU;Duree7h;Touriste Français;Periode normale;528
2017-05-10;Mercredi;Zone FIMU;Duree8h;Resident;Periode normale;804
2017-05-10;Mercredi;Zone FIMU;Duree8h;Touriste Etranger;Periode normale;#
2017-05-10;Mercredi;Zone FIMU;Duree8h;Touriste Français;Periode normale;425
2017-05-10;Mercredi;Zone FIMU;Duree9h;Resident;Periode normale;578
2017-05-10;Mercredi;Zone FIMU;Duree9h;Touriste Etranger;Periode normale;#
2017-05-10;Mercredi;Zone FIMU;Duree9h;Touriste Français;Periode normale;259
2017-05-11;Jeudi;Zone FIMU;Duree10h;Resident;Periode normale;480
2017-05-11;Jeudi;Zone FIMU;Duree10h;Touriste Etranger;Periode normale;#
2017-05-11;Jeudi;Zone FIMU;Duree10h;Touriste Français;Periode normale;223
2017-05-11;Jeudi;Zone FIMU;Duree10h-18h;Resident;Periode normale;2729
2017-05-11;Jeudi;Zone FIMU;Duree10h-18h;Touriste Etranger;Periode normale;29
2017-05-11;Jeudi;Zone FIMU;Duree10h-18h;Touriste Français;Periode normale;1130
2017-05-11;Jeudi;Zone FIMU;Duree2h;Resident;Periode normale;2686
2017-05-11;Jeudi;Zone FIMU;Duree2h;Touriste Etranger;Periode normale;36
2017-05-11;Jeudi;Zone FIMU;Duree2h;Touriste Français;Periode normale;1436
2017-05-11;Jeudi;Zone FIMU;Duree3h;Resident;Periode normale;3334
2017-05-11;Jeudi;Zone FIMU;Duree3h;Touriste Etranger;Periode normale;70
2017-05-11;Jeudi;Zone FIMU;Duree3h;Touriste Français;Periode normale;1662
2017-05-11;Jeudi;Zone FIMU;Duree4h;Resident;Periode normale;1621
2017-05-11;Jeudi;Zone FIMU;Duree4h;Touriste Etranger;Periode normale;26
2017-05-11;Jeudi;Zone FIMU;Duree4h;Touriste Français;Periode normale;1011
2017-05-11;Jeudi;Zone FIMU;Duree5h;Resident;Periode normale;1101
2017-05-11;Jeudi;Zone FIMU;Duree5h;Touriste Etranger;Periode normale;#
2017-05-11;Jeudi;Zone FIMU;Duree5h;Touriste Français;Periode normale;557
2017-05-11;Jeudi;Zone FIMU;Duree6h;Resident;Periode normale;720
2017-05-11;Jeudi;Zone FIMU;Duree6h;Touriste Etranger;Periode normale;#
2017-05-11;Jeudi;Zone FIMU;Duree6h;Touriste Français;Periode normale;598
2017-05-11;Jeudi;Zone FIMU;Duree7h;Resident;Periode normale;1291
2017-05-11;Jeudi;Zone FIMU;Duree7h;Touriste Etranger;Periode normale;#
2017-05-11;Jeudi;Zone FIMU;Duree7h;Touriste Français;Periode normale;629
2017-05-11;Jeudi;Zone FIMU;Duree8h;Resident;Periode normale;821
2017-05-11;Jeudi;Zone FIMU;Duree8h;Touriste Etranger;Periode normale;#
2017-05-11;Jeudi;Zone FIMU;Duree8h;Touriste Français;Periode normale;382
2017-05-11;Jeudi;Zone FIMU;Duree9h;Resident;Periode normale;816
2017-05-11;Jeudi;Zone FIMU;Duree9h;Touriste Etranger;Periode normale;64
2017-05-11;Jeudi;Zone FIMU;Duree9h;Touriste Français;Periode normale;234
2017-05-12;Vendredi;Zone FIMU;Duree10h;Resident;Periode normale;496
2017-05-12;Vendredi;Zone FIMU;Duree10h;Touriste Français;Periode normale;257
2017-05-12;Vendredi;Zone FIMU;Duree10h-18h;Resident;Periode normale;2704
2017-05-12;Vendredi;Zone FIMU;Duree10h-18h;Touriste Etranger;Periode normale;21
2017-05-12;Vendredi;Zone FIMU;Duree10h-18h;Touriste Français;Periode normale;1173
2017-05-12;Vendredi;Zone FIMU;Duree2h;Resident;Periode normale;2692
2017-05-12;Vendredi;Zone FIMU;Duree2h;Touriste Etranger;Periode normale;21
2017-05-12;Vendredi;Zone FIMU;Duree2h;Touriste Français;Periode normale;1484
2017-05-12;Vendredi;Zone FIMU;Duree3h;Resident;Periode normale;4016
2017-05-12;Vendredi;Zone FIMU;Duree3h;Touriste Etranger;Periode normale;63
2017-05-12;Vendredi;Zone FIMU;Duree3h;Touriste Français;Periode normale;2053
2017-05-12;Vendredi;Zone FIMU;Duree4h;Resident;Periode normale;1476
2017-05-12;Vendredi;Zone FIMU;Duree4h;Touriste Etranger;Periode normale;23
2017-05-12;Vendredi;Zone FIMU;Duree4h;Touriste Français;Periode normale;759
2017-05-12;Vendredi;Zone FIMU;Duree5h;Resident;Periode normale;1052
2017-05-12;Vendredi;Zone FIMU;Duree5h;Touriste Etranger;Periode normale;#
2017-05-12;Vendredi;Zone FIMU;Duree5h;Touriste Français;Periode normale;547
2017-05-12;Vendredi;Zone FIMU;Duree6h;Resident;Periode normale;1067
2017-05-12;Vendredi;Zone FIMU;Duree6h;Touriste Etranger;Periode normale;#
2017-05-12;Vendredi;Zone FIMU;Duree6h;Touriste Français;Periode normale;452
2017-05-12;Vendredi;Zone FIMU;Duree7h;Resident;Periode normale;1373
2017-05-12;Vendredi;Zone FIMU;Duree7h;Touriste Etranger;Periode normale;#
2017-05-12;Vendredi;Zone FIMU;Duree7h;Touriste Français;Periode normale;595
2017-05-12;Vendredi;Zone FIMU;Duree8h;Resident;Periode normale;889
2017-05-12;Vendredi;Zone FIMU;Duree8h;Touriste Etranger;Periode normale;#
2017-05-12;Vendredi;Zone FIMU;Duree8h;Touriste Français;Periode normale;344
2017-05-12;Vendredi;Zone FIMU;Duree9h;Resident;Periode normale;615
2017-05-12;Vendredi;Zone FIMU;Duree9h;Touriste Etranger;Periode normale;#
2017-05-12;Vendredi;Zone FIMU;Duree9h;Touriste Français;Periode normale;266
2017-05-14;Dimanche;Zone FIMU;Duree10h;Resident;Periode normale;381
2017-05-14;Dimanche;Zone FIMU;Duree10h;Touriste Etranger;Periode normale;33
2017-05-14;Dimanche;Zone FIMU;Duree10h;Touriste Français;Periode normale;92
2017-05-14;Dimanche;Zone FIMU;Duree10h-18h;Resident;Periode normale;2979
2017-05-14;Dimanche;Zone FIMU;Duree10h-18h;Touriste Etranger;Periode normale;42
2017-05-14;Dimanche;Zone FIMU;Duree10h-18h;Touriste Français;Periode normale;1131
2017-05-14;Dimanche;Zone FIMU;Duree2h;Resident;Periode normale;1217
2017-05-14;Dimanche;Zone FIMU;Duree2h;Touriste Etranger;Periode normale;31
2017-05-14;Dimanche;Zone FIMU;Duree2h;Touriste Français;Periode normale;778
2017-05-14;Dimanche;Zone FIMU;Duree3h;Resident;Periode normale;2134
2017-05-14;Dimanche;Zone FIMU;Duree3h;Touriste Etranger;Periode normale;34
2017-05-14;Dimanche;Zone FIMU;Duree3h;Touriste Français;Periode normale;1109
2017-05-14;Dimanche;Zone FIMU;Duree4h;Resident;Periode normale;1033
2017-05-14;Dimanche;Zone FIMU;Duree4h;Touriste Etranger;Periode normale;26
2017-05-14;Dimanche;Zone FIMU;Duree4h;Touriste Français;Periode normale;368
2017-05-14;Dimanche;Zone FIMU;Duree5h;Resident;Periode normale;530
2017-05-14;Dimanche;Zone FIMU;Duree5h;Touriste Etranger;Periode normale;21
2017-05-14;Dimanche;Zone FIMU;Duree5h;Touriste Français;Periode normale;329
2017-05-14;Dimanche;Zone FIMU;Duree6h;Resident;Periode normale;570
2017-05-14;Dimanche;Zone FIMU;Duree6h;Touriste Etranger;Periode normale;#
2017-05-14;Dimanche;Zone FIMU;Duree6h;Touriste Français;Periode normale;164
2017-05-14;Dimanche;Zone FIMU;Duree7h;Resident;Periode normale;813
2017-05-14;Dimanche;Zone FIMU;Duree7h;Touriste Etranger;Periode normale;#
2017-05-14;Dimanche;Zone FIMU;Duree7h;Touriste Français;Periode normale;260
2017-05-14;Dimanche;Zone FIMU;Duree8h;Resident;Periode normale;330
2017-05-14;Dimanche;Zone FIMU;Duree8h;Touriste Etranger;Periode normale;28
2017-05-14;Dimanche;Zone FIMU;Duree8h;Touriste Français;Periode normale;205
2017-05-14;Dimanche;Zone FIMU;Duree9h;Resident;Periode normale;368
2017-05-14;Dimanche;Zone FIMU;Duree9h;Touriste Etranger;Periode normale;#
2017-05-14;Dimanche;Zone FIMU;Duree9h;Touriste Français;Periode normale;148
2017-05-15;Lundi;Zone FIMU;Duree10h;Resident;Periode normale;679
2017-05-15;Lundi;Zone FIMU;Duree10h;Touriste Etranger;Periode normale;#
2017-05-15;Lundi;Zone FIMU;Duree10h;Touriste Français;Periode normale;153
2017-05-15;Lundi;Zone FIMU;Duree10h-18h;Resident;Periode normale;2746
2017-05-15;Lundi;Zone FIMU;Duree10h-18h;Touriste Etranger;Periode normale;23
2017-05-15;Lundi;Zone FIMU;Duree10h-18h;Touriste Français;Periode normale;1276
2017-05-15;Lundi;Zone FIMU;Duree2h;Resident;Periode normale;2282
2017-05-15;Lundi;Zone FIMU;Duree2h;Touriste Etranger;Periode normale;36
2017-05-15;Lundi;Zone FIMU;Duree2h;Touriste Français;Periode normale;1350
2017-05-15;Lundi;Zone FIMU;Duree3h;Resident;Periode normale;2948
2017-05-15;Lundi;Zone FIMU;Duree3h;Touriste Etranger;Periode normale;92
2017-05-15;Lundi;Zone FIMU;Duree3h;Touriste Français;Periode normale;1538
2017-05-15;Lundi;Zone FIMU;Duree4h;Resident;Periode normale;1429
2017-05-15;Lundi;Zone FIMU;Duree4h;Touriste Etranger;Periode normale;32
2017-05-15;Lundi;Zone FIMU;Duree4h;Touriste Français;Periode normale;643
2017-05-15;Lundi;Zone FIMU;Duree5h;Resident;Periode normale;974
2017-05-15;Lundi;Zone FIMU;Duree5h;Touriste Etranger;Periode normale;#
2017-05-15;Lundi;Zone FIMU;Duree5h;Touriste Français;Periode normale;473
2017-05-15;Lundi;Zone FIMU;Duree6h;Resident;Periode normale;815
2017-05-15;Lundi;Zone FIMU;Duree6h;Touriste Etranger;Periode normale;25
2017-05-15;Lundi;Zone FIMU;Duree6h;Touriste Français;Periode normale;640
2017-05-15;Lundi;Zone FIMU;Duree7h;Resident;Periode normale;1249
2017-05-15;Lundi;Zone FIMU;Duree7h;Touriste Etranger;Periode normale;#
2017-05-15;Lundi;Zone FIMU;Duree7h;Touriste Français;Periode normale;584
2017-05-15;Lundi;Zone FIMU;Duree8h;Resident;Periode normale;833
2017-05-15;Lundi;Zone FIMU;Duree8h;Touriste Français;Periode normale;469
2017-05-15;Lundi;Zone FIMU;Duree9h;Resident;Periode normale;467
2017-05-15;Lundi;Zone FIMU;Duree9h;Touriste Etranger;Periode normale;#
2017-05-15;Lundi;Zone FIMU;Duree9h;Touriste Français;Periode normale;182
2017-05-16;Mardi;Zone FIMU;Duree10h;Resident;Periode normale;654
2017-05-16;Mardi;Zone FIMU;Duree10h;Touriste Etranger;Periode normale;#
2017-05-16;Mardi;Zone FIMU;Duree10h;Touriste Français;Periode normale;203
2017-05-16;Mardi;Zone FIMU;Duree10h-18h;Resident;Periode normale;2715
2017-05-16;Mardi;Zone FIMU;Duree10h-18h;Touriste Etranger;Periode normale;38
2017-05-16;Mardi;Zone FIMU;Duree10h-18h;Touriste Français;Periode normale;1247
2017-05-16;Mardi;Zone FIMU;Duree2h;Resident;Periode normale;2394
2017-05-16;Mardi;Zone FIMU;Duree2h;Touriste Etranger;Periode normale;47
2017-05-16;Mardi;Zone FIMU;Duree2h;Touriste Français;Periode normale;1424
2017-05-16;Mardi;Zone FIMU;Duree3h;Resident;Periode normale;3378
2017-05-16;Mardi;Zone FIMU;Duree3h;Touriste Etranger;Periode normale;110
2017-05-16;Mardi;Zone FIMU;Duree3h;Touriste Français;Periode normale;2013
2017-05-16;Mardi;Zone FIMU;Duree4h;Resident;Periode normale;1510
2017-05-16;Mardi;Zone FIMU;Duree4h;Touriste Etranger;Periode normale;#
2017-05-16;Mardi;Zone FIMU;Duree4h;Touriste Français;Periode normale;836
2017-05-16;Mardi;Zone FIMU;Duree5h;Resident;Periode normale;979
2017-05-16;Mardi;Zone FIMU;Duree5h;Touriste Etranger;Periode normale;#
2017-05-16;Mardi;Zone FIMU;Duree5h;Touriste Français;Periode normale;723
2017-05-16;Mardi;Zone FIMU;Duree6h;Resident;Periode normale;968
2017-05-16;Mardi;Zone FIMU;Duree6h;Touriste Etranger;Periode normale;#
2017-05-16;Mardi;Zone FIMU;Duree6h;Touriste Français;Periode normale;459
2017-05-16;Mardi;Zone FIMU;Duree7h;Resident;Periode normale;1284
2017-05-16;Mardi;Zone FIMU;Duree7h;Touriste Etranger;Periode normale;#
2017-05-16;Mardi;Zone FIMU;Duree7h;Touriste Français;Periode normale;554
2017-05-16;Mardi;Zone FIMU;Duree8h;Resident;Periode normale;865
2017-05-16;Mardi;Zone FIMU;Duree8h;Touriste Français;Periode normale;443
2017-05-16;Mardi;Zone FIMU;Duree9h;Resident;Periode normale;622
2017-05-16;Mardi;Zone FIMU;Duree9h;Touriste Français;Periode normale;161
2017-05-17;Mercredi;Zone FIMU;Duree10h;Resident;Periode normale;502
2017-05-17;Mercredi;Zone FIMU;Duree10h;Touriste Etranger;Periode normale;#
2017-05-17;Mercredi;Zone FIMU;Duree10h;Touriste Français;Periode normale;273
2017-05-17;Mercredi;Zone FIMU;Duree10h-18h;Resident;Periode normale;2831
2017-05-17;Mercredi;Zone FIMU;Duree10h-18h;Touriste Etranger;Periode normale;27
2017-05-17;Mercredi;Zone FIMU;Duree10h-18h;Touriste Français;Periode normale;1194
2017-05-17;Mercredi;Zone FIMU;Duree2h;Resident;Periode normale;2309
2017-05-17;Mercredi;Zone FIMU;Duree2h;Touriste Etranger;Periode normale;52
2017-05-17;Mercredi;Zone FIMU;Duree2h;Touriste Français;Periode normale;1444
2017-05-17;Mercredi;Zone FIMU;Duree3h;Resident;Periode normale;3234
2017-05-17;Mercredi;Zone FIMU;Duree3h;Touriste Etranger;Periode normale;76
2017-05-17;Mercredi;Zone FIMU;Duree3h;Touriste Français;Periode normale;1779
2017-05-17;Mercredi;Zone FIMU;Duree4h;Resident;Periode normale;1546
2017-05-17;Mercredi;Zone FIMU;Duree4h;Touriste Etranger;Periode normale;#
2017-05-17;Mercredi;Zone FIMU;Duree4h;Touriste Français;Periode normale;723
2017-05-17;Mercredi;Zone FIMU;Duree5h;Resident;Periode normale;931
2017-05-17;Mercredi;Zone FIMU;Duree5h;Touriste Etranger;Periode normale;#
2017-05-17;Mercredi;Zone FIMU;Duree5h;Touriste Français;Periode normale;466
2017-05-17;Mercredi;Zone FIMU;Duree6h;Resident;Periode normale;950
2017-05-17;Mercredi;Zone FIMU;Duree6h;Touriste Etranger;Periode normale;#
2017-05-17;Mercredi;Zone FIMU;Duree6h;Touriste Français;Periode normale;434
2017-05-17;Mercredi;Zone FIMU;Duree7h;Resident;Periode normale;1011
2017-05-17;Mercredi;Zone FIMU;Duree7h;Touriste Etranger;Periode normale;36
2017-05-17;Mercredi;Zone FIMU;Duree7h;Touriste Français;Periode normale;550
2017-05-17;Mercredi;Zone FIMU;Duree8h;Resident;Periode normale;637
2017-05-17;Mercredi;Zone FIMU;Duree8h;Touriste Etranger;Periode normale;#
2017-05-17;Mercredi;Zone FIMU;Duree8h;Touriste Français;Periode normale;422
2017-05-17;Mercredi;Zone FIMU;Duree9h;Resident;Periode normale;735
2017-05-17;Mercredi;Zone FIMU;Duree9h;Touriste Français;Periode normale;281
2017-05-18;Jeudi;Zone FIMU;Duree10h;Resident;Periode normale;554
2017-05-18;Jeudi;Zone FIMU;Duree10h;Touriste Français;Periode normale;294
2017-05-18;Jeudi;Zone FIMU;Duree10h-18h;Resident;Periode normale;2693
2017-05-18;Jeudi;Zone FIMU;Duree10h-18h;Touriste Etranger;Periode normale;29
2017-05-18;Jeudi;Zone FIMU;Duree10h-18h;Touriste Français;Periode normale;1122
2017-05-18;Jeudi;Zone FIMU;Duree2h;Resident;Periode normale;2194
2017-05-18;Jeudi;Zone FIMU;Duree2h;Touriste Etranger;Periode normale;62
2017-05-18;Jeudi;Zone FIMU;Duree2h;Touriste Français;Periode normale;1251
2017-05-18;Jeudi;Zone FIMU;Duree3h;Resident;Periode normale;3312
2017-05-18;Jeudi;Zone FIMU;Duree3h;Touriste Etranger;Periode normale;111
2017-05-18;Jeudi;Zone FIMU;Duree3h;Touriste Français;Periode normale;1777
2017-05-18;Jeudi;Zone FIMU;Duree4h;Resident;Periode normale;1323
2017-05-18;Jeudi;Zone FIMU;Duree4h;Touriste Etranger;Periode normale;#
2017-05-18;Jeudi;Zone FIMU;Duree4h;Touriste Français;Periode normale;874
2017-05-18;Jeudi;Zone FIMU;Duree5h;Resident;Periode normale;995
2017-05-18;Jeudi;Zone FIMU;Duree5h;Touriste Etranger;Periode normale;#
2017-05-18;Jeudi;Zone FIMU;Duree5h;Touriste Français;Periode normale;773
2017-05-18;Jeudi;Zone FIMU;Duree6h;Resident;Periode normale;1252
2017-05-18;Jeudi;Zone FIMU;Duree6h;Touriste Etranger;Periode normale;#
2017-05-18;Jeudi;Zone FIMU;Duree6h;Touriste Français;Periode normale;492
2017-05-18;Jeudi;Zone FIMU;Duree7h;Resident;Periode normale;1132
2017-05-18;Jeudi;Zone FIMU;Duree7h;Touriste Etranger;Periode normale;21
2017-05-18;Jeudi;Zone FIMU;Duree7h;Touriste Français;Periode normale;646
2017-05-18;Jeudi;Zone FIMU;Duree8h;Resident;Periode normale;1045
2017-05-18;Jeudi;Zone FIMU;Duree8h;Touriste Etranger;Periode normale;#
2017-05-18;Jeudi;Zone FIMU;Duree8h;Touriste Français;Periode normale;303
2017-05-18;Jeudi;Zone FIMU;Duree9h;Resident;Periode normale;812
2017-05-18;Jeudi;Zone FIMU;Duree9h;Touriste Etranger;Periode normale;27
2017-05-18;Jeudi;Zone FIMU;Duree9h;Touriste Français;Periode normale;225
2017-05-19;Vendredi;Zone FIMU;Duree10h;Resident;Periode normale;498
2017-05-19;Vendredi;Zone FIMU;Duree10h;Touriste Etranger;Periode normale;#
2017-05-19;Vendredi;Zone FIMU;Duree10h;Touriste Français;Periode normale;325
2017-05-19;Vendredi;Zone FIMU;Duree10h-18h;Resident;Periode normale;2757
2017-05-19;Vendredi;Zone FIMU;Duree10h-18h;Touriste Etranger;Periode normale;25
2017-05-19;Vendredi;Zone FIMU;Duree10h-18h;Touriste Français;Periode normale;941
2017-05-19;Vendredi;Zone FIMU;Duree2h;Resident;Periode normale;2352
2017-05-19;Vendredi;Zone FIMU;Duree2h;Touriste Etranger;Periode normale;22
2017-05-19;Vendredi;Zone FIMU;Duree2h;Touriste Français;Periode normale;1354
2017-05-19;Vendredi;Zone FIMU;Duree3h;Resident;Periode normale;3262
2017-05-19;Vendredi;Zone FIMU;Duree3h;Touriste Etranger;Periode normale;69
2017-05-19;Vendredi;Zone FIMU;Duree3h;Touriste Français;Periode normale;2165
2017-05-19;Vendredi;Zone FIMU;Duree4h;Resident;Periode normale;1218
2017-05-19;Vendredi;Zone FIMU;Duree4h;Touriste Etranger;Periode normale;#
2017-05-19;Vendredi;Zone FIMU;Duree4h;Touriste Français;Periode normale;587
2017-05-19;Vendredi;Zone FIMU;Duree5h;Resident;Periode normale;1145
2017-05-19;Vendredi;Zone FIMU;Duree5h;Touriste Etranger;Periode normale;#
2017-05-19;Vendredi;Zone FIMU;Duree5h;Touriste Français;Periode normale;646
2017-05-19;Vendredi;Zone FIMU;Duree6h;Resident;Periode normale;1039
2017-05-19;Vendredi;Zone FIMU;Duree6h;Touriste Etranger;Periode normale;#
2017-05-19;Vendredi;Zone FIMU;Duree6h;Touriste Français;Periode normale;466
2017-05-19;Vendredi;Zone FIMU;Duree7h;Resident;Periode normale;1139
2017-05-19;Vendredi;Zone FIMU;Duree7h;Touriste Etranger;Periode normale;#
2017-05-19;Vendredi;Zone FIMU;Duree7h;Touriste Français;Periode normale;483
2017-05-19;Vendredi;Zone FIMU;Duree8h;Resident;Periode normale;829
2017-05-19;Vendredi;Zone FIMU;Duree8h;Touriste Etranger;Periode normale;#
2017-05-19;Vendredi;Zone FIMU;Duree8h;Touriste Français;Periode normale;552
2017-05-19;Vendredi;Zone FIMU;Duree9h;Resident;Periode normale;498
2017-05-19;Vendredi;Zone FIMU;Duree9h;Touriste Etranger;Periode normale;#
2017-05-19;Vendredi;Zone FIMU;Duree9h;Touriste Français;Periode normale;238
2017-05-20;Samedi;Zone FIMU;Duree10h;Resident;Periode normale;488
2017-05-20;Samedi;Zone FIMU;Duree10h;Touriste Etranger;Periode normale;#
2017-05-20;Samedi;Zone FIMU;Duree10h;Touriste Français;Periode normale;153
2017-05-20;Samedi;Zone FIMU;Duree10h-18h;Resident;Periode normale;3074
2017-05-20;Samedi;Zone FIMU;Duree10h-18h;Touriste Etranger;Periode normale;45
2017-05-20;Samedi;Zone FIMU;Duree10h-18h;Touriste Français;Periode normale;1208
2017-05-20;Samedi;Zone FIMU;Duree2h;Resident;Periode normale;2510
2017-05-20;Samedi;Zone FIMU;Duree2h;Touriste Etranger;Periode normale;56
2017-05-20;Samedi;Zone FIMU;Duree2h;Touriste Français;Periode normale;1129
2017-05-20;Samedi;Zone FIMU;Duree3h;Resident;Periode normale;3122
2017-05-20;Samedi;Zone FIMU;Duree3h;Touriste Etranger;Periode normale;59
2017-05-20;Samedi;Zone FIMU;Duree3h;Touriste Français;Periode normale;1530
2017-05-20;Samedi;Zone FIMU;Duree4h;Resident;Periode normale;1040
2017-05-20;Samedi;Zone FIMU;Duree4h;Touriste Etranger;Periode normale;#
2017-05-20;Samedi;Zone FIMU;Duree4h;Touriste Français;Periode normale;698
2017-05-20;Samedi;Zone FIMU;Duree5h;Resident;Periode normale;768
2017-05-20;Samedi;Zone FIMU;Duree5h;Touriste Etranger;Periode normale;#
2017-05-20;Samedi;Zone FIMU;Duree5h;Touriste Français;Periode normale;335
2017-05-20;Samedi;Zone FIMU;Duree6h;Resident;Periode normale;544
2017-05-20;Samedi;Zone FIMU;Duree6h;Touriste Etranger;Periode normale;#
2017-05-20;Samedi;Zone FIMU;Duree6h;Touriste Français;Periode normale;292
2017-05-20;Samedi;Zone FIMU;Duree7h;Resident;Periode normale;753
2017-05-20;Samedi;Zone FIMU;Duree7h;Touriste Etranger;Periode normale;30
2017-05-20;Samedi;Zone FIMU;Duree7h;Touriste Français;Periode normale;396
2017-05-20;Samedi;Zone FIMU;Duree8h;Resident;Periode normale;600
2017-05-20;Samedi;Zone FIMU;Duree8h;Touriste Etranger;Periode normale;#
2017-05-20;Samedi;Zone FIMU;Duree8h;Touriste Français;Periode normale;195
2017-05-20;Samedi;Zone FIMU;Duree9h;Resident;Periode normale;238
2017-05-20;Samedi;Zone FIMU;Duree9h;Touriste Etranger;Periode normale;29
2017-05-20;Samedi;Zone FIMU;Duree9h;Touriste Français;Periode normale;211
2017-05-21;Dimanche;Zone FIMU;Duree10h;Resident;Periode normale;377
2017-05-21;Dimanche;Zone FIMU;Duree10h;Touriste Etranger;Periode normale;#
2017-05-21;Dimanche;Zone FIMU;Duree10h;Touriste Français;Periode normale;49
2017-05-21;Dimanche;Zone FIMU;Duree10h-18h;Resident;Periode normale;2788
2017-05-21;Dimanche;Zone FIMU;Duree10h-18h;Touriste Etranger;Periode normale;26
2017-05-21;Dimanche;Zone FIMU;Duree10h-18h;Touriste Français;Periode normale;1222
2017-05-21;Dimanche;Zone FIMU;Duree2h;Resident;Periode normale;1179
2017-05-21;Dimanche;Zone FIMU;Duree2h;Touriste Etranger;Periode normale;32
2017-05-21;Dimanche;Zone FIMU;Duree2h;Touriste Français;Periode normale;586
2017-05-21;Dimanche;Zone FIMU;Duree3h;Resident;Periode normale;2178
2017-05-21;Dimanche;Zone FIMU;Duree3h;Touriste Etranger;Periode normale;41
2017-05-21;Dimanche;Zone FIMU;Duree3h;Touriste Français;Periode normale;951
2017-05-21;Dimanche;Zone FIMU;Duree4h;Resident;Periode normale;681
2017-05-21;Dimanche;Zone FIMU;Duree4h;Touriste Etranger;Periode normale;#
2017-05-21;Dimanche;Zone FIMU;Duree4h;Touriste Français;Periode normale;411
2017-05-21;Dimanche;Zone FIMU;Duree5h;Resident;Periode normale;678
2017-05-21;Dimanche;Zone FIMU;Duree5h;Touriste Etranger;Periode normale;#
2017-05-21;Dimanche;Zone FIMU;Duree5h;Touriste Français;Periode normale;259
2017-05-21;Dimanche;Zone FIMU;Duree6h;Resident;Periode normale;457
2017-05-21;Dimanche;Zone FIMU;Duree6h;Touriste Etranger;Periode normale;24
2017-05-21;Dimanche;Zone FIMU;Duree6h;Touriste Français;Periode normale;195
2017-05-21;Dimanche;Zone FIMU;Duree7h;Resident;Periode normale;645
2017-05-21;Dimanche;Zone FIMU;Duree7h;Touriste Etranger;Periode normale;52
2017-05-21;Dimanche;Zone FIMU;Duree7h;Touriste Français;Periode normale;185
2017-05-21;Dimanche;Zone FIMU;Duree8h;Resident;Periode normale;588
2017-05-21;Dimanche;Zone FIMU;Duree8h;Touriste Etranger;Periode normale;26
2017-05-21;Dimanche;Zone FIMU;Duree8h;Touriste Français;Periode normale;82
2017-05-21;Dimanche;Zone FIMU;Duree9h;Resident;Periode normale;324
2017-05-21;Dimanche;Zone FIMU;Duree9h;Touriste Etranger;Periode normale;22
2017-05-21;Dimanche;Zone FIMU;Duree9h;Touriste Français;Periode normale;63
2017-05-22;Lundi;Zone FIMU;Duree10h;Resident;Periode normale;379
2017-05-22;Lundi;Zone FIMU;Duree10h;Touriste Etranger;Periode normale;#
2017-05-22;Lundi;Zone FIMU;Duree10h;Touriste Français;Periode normale;286
2017-05-22;Lundi;Zone FIMU;Duree10h-18h;Resident;Periode normale;2500
2017-05-22;Lundi;Zone FIMU;Duree10h-18h;Touriste Etranger;Periode normale;25
2017-05-22;Lundi;Zone FIMU;Duree10h-18h;Touriste Français;Periode normale;1143
2017-05-22;Lundi;Zone FIMU;Duree2h;Resident;Periode normale;2515
2017-05-22;Lundi;Zone FIMU;Duree2h;Touriste Etranger;Periode normale;36
2017-05-22;Lundi;Zone FIMU;Duree2h;Touriste Français;Periode normale;1178
2017-05-22;Lundi;Zone FIMU;Duree3h;Resident;Periode normale;2557
2017-05-22;Lundi;Zone FIMU;Duree3h;Touriste Etranger;Periode normale;74
2017-05-22;Lundi;Zone FIMU;Duree3h;Touriste Français;Periode normale;1668
2017-05-22;Lundi;Zone FIMU;Duree4h;Resident;Periode normale;1412
2017-05-22;Lundi;Zone FIMU;Duree4h;Touriste Etranger;Periode normale;#
2017-05-22;Lundi;Zone FIMU;Duree4h;Touriste Français;Periode normale;679
2017-05-22;Lundi;Zone FIMU;Duree5h;Resident;Periode normale;1137
2017-05-22;Lundi;Zone FIMU;Duree5h;Touriste Etranger;Periode normale;#
2017-05-22;Lundi;Zone FIMU;Duree5h;Touriste Français;Periode normale;723
2017-05-22;Lundi;Zone FIMU;Duree6h;Resident;Periode normale;874
2017-05-22;Lundi;Zone FIMU;Duree6h;Touriste Etranger;Periode normale;#
2017-05-22;Lundi;Zone FIMU;Duree6h;Touriste Français;Periode normale;525
2017-05-22;Lundi;Zone FIMU;Duree7h;Resident;Periode normale;1264
2017-05-22;Lundi;Zone FIMU;Duree7h;Touriste Etranger;Periode normale;#
2017-05-22;Lundi;Zone FIMU;Duree7h;Touriste Français;Periode normale;544
2017-05-22;Lundi;Zone FIMU;Duree8h;Resident;Periode normale;877
2017-05-22;Lundi;Zone FIMU;Duree8h;Touriste Etranger;Periode normale;#
2017-05-22;Lundi;Zone FIMU;Duree8h;Touriste Français;Periode normale;387
2017-05-22;Lundi;Zone FIMU;Duree9h;Resident;Periode normale;479
2017-05-22;Lundi;Zone FIMU;Duree9h;Touriste Etranger;Periode normale;#
2017-05-22;Lundi;Zone FIMU;Duree9h;Touriste Français;Periode normale;208
2017-05-23;Mardi;Zone FIMU;Duree10h;Resident;Periode normale;460
2017-05-23;Mardi;Zone FIMU;Duree10h;Touriste Etranger;Periode normale;#
2017-05-23;Mardi;Zone FIMU;Duree10h;Touriste Français;Periode normale;215
2017-05-23;Mardi;Zone FIMU;Duree10h-18h;Resident;Periode normale;2850
2017-05-23;Mardi;Zone FIMU;Duree10h-18h;Touriste Etranger;Periode normale;21
2017-05-23;Mardi;Zone FIMU;Duree10h-18h;Touriste Français;Periode normale;1224
2017-05-23;Mardi;Zone FIMU;Duree2h;Resident;Periode normale;2135
2017-05-23;Mardi;Zone FIMU;Duree2h;Touriste Etranger;Periode normale;25
2017-05-23;Mardi;Zone FIMU;Duree2h;Touriste Français;Periode normale;1397
2017-05-23;Mardi;Zone FIMU;Duree3h;Resident;Periode normale;3555
2017-05-23;Mardi;Zone FIMU;Duree3h;Touriste Etranger;Periode normale;123
2017-05-23;Mardi;Zone FIMU;Duree3h;Touriste Français;Periode normale;1515
2017-05-23;Mardi;Zone FIMU;Duree4h;Resident;Periode normale;1384
2017-05-23;Mardi;Zone FIMU;Duree4h;Touriste Etranger;Periode normale;#
2017-05-23;Mardi;Zone FIMU;Duree4h;Touriste Français;Periode normale;901
2017-05-23;Mardi;Zone FIMU;Duree5h;Resident;Periode normale;1134
2017-05-23;Mardi;Zone FIMU;Duree5h;Touriste Etranger;Periode normale;#
2017-05-23;Mardi;Zone FIMU;Duree5h;Touriste Français;Periode normale;448
2017-05-23;Mardi;Zone FIMU;Duree6h;Resident;Periode normale;832
2017-05-23;Mardi;Zone FIMU;Duree6h;Touriste Etranger;Periode normale;#
2017-05-23;Mardi;Zone FIMU;Duree6h;Touriste Français;Periode normale;467
2017-05-23;Mardi;Zone FIMU;Duree7h;Resident;Periode normale;1615
2017-05-23;Mardi;Zone FIMU;Duree7h;Touriste Etranger;Periode normale;21
2017-05-23;Mardi;Zone FIMU;Duree7h;Touriste Français;Periode normale;781
2017-05-23;Mardi;Zone FIMU;Duree8h;Resident;Periode normale;793
2017-05-23;Mardi;Zone FIMU;Duree8h;Touriste Etranger;Periode normale;#
2017-05-23;Mardi;Zone FIMU;Duree8h;Touriste Français;Periode normale;364
2017-05-23;Mardi;Zone FIMU;Duree9h;Resident;Periode normale;470
2017-05-23;Mardi;Zone FIMU;Duree9h;Touriste Etranger;Periode normale;#
2017-05-23;Mardi;Zone FIMU;Duree9h;Touriste Français;Periode normale;214
2017-05-24;Mercredi;Zone FIMU;Duree10h;Resident;Periode normale;449
2017-05-24;Mercredi;Zone FIMU;Duree10h;Touriste Etranger;Periode normale;30
2017-05-24;Mercredi;Zone FIMU;Duree10h;Touriste Français;Periode normale;89
2017-05-24;Mercredi;Zone FIMU;Duree10h-18h;Resident;Periode normale;2659
2017-05-24;Mercredi;Zone FIMU;Duree10h-18h;Touriste Etranger;Periode normale;33
2017-05-24;Mercredi;Zone FIMU;Duree10h-18h;Touriste Français;Periode normale;1205
2017-05-24;Mercredi;Zone FIMU;Duree2h;Resident;Periode normale;2297
2017-05-24;Mercredi;Zone FIMU;Duree2h;Touriste Etranger;Periode normale;49
2017-05-24;Mercredi;Zone FIMU;Duree2h;Touriste Français;Periode normale;1440
2017-05-24;Mercredi;Zone FIMU;Duree3h;Resident;Periode normale;3100
2017-05-24;Mercredi;Zone FIMU;Duree3h;Touriste Etranger;Periode normale;84
2017-05-24;Mercredi;Zone FIMU;Duree3h;Touriste Français;Periode normale;1599
2017-05-24;Mercredi;Zone FIMU;Duree4h;Resident;Periode normale;1543
2017-05-24;Mercredi;Zone FIMU;Duree4h;Touriste Etranger;Periode normale;24
2017-05-24;Mercredi;Zone FIMU;Duree4h;Touriste Français;Periode normale;816
2017-05-24;Mercredi;Zone FIMU;Duree5h;Resident;Periode normale;1258
2017-05-24;Mercredi;Zone FIMU;Duree5h;Touriste Etranger;Periode normale;33
2017-05-24;Mercredi;Zone FIMU;Duree5h;Touriste Français;Periode normale;405
2017-05-24;Mercredi;Zone FIMU;Duree6h;Resident;Periode normale;746
2017-05-24;Mercredi;Zone FIMU;Duree6h;Touriste Etranger;Periode normale;#
2017-05-24;Mercredi;Zone FIMU;Duree6h;Touriste Français;Periode normale;362
2017-05-24;Mercredi;Zone FIMU;Duree7h;Resident;Periode normale;1097
2017-05-24;Mercredi;Zone FIMU;Duree7h;Touriste Etranger;Periode normale;#
2017-05-24;Mercredi;Zone FIMU;Duree7h;Touriste Français;Periode normale;497
2017-05-24;Mercredi;Zone FIMU;Duree8h;Resident;Periode normale;873
2017-05-24;Mercredi;Zone FIMU;Duree8h;Touriste Etranger;Periode normale;#
2017-05-24;Mercredi;Zone FIMU;Duree8h;Touriste Français;Periode normale;359
2017-05-24;Mercredi;Zone FIMU;Duree9h;Resident;Periode normale;585
2017-05-24;Mercredi;Zone FIMU;Duree9h;Touriste Etranger;Periode normale;82
2017-05-24;Mercredi;Zone FIMU;Duree9h;Touriste Français;Periode normale;178
2017-05-25;Jeudi;Zone FIMU;Duree10h;Resident;Periode normale;366
2017-05-25;Jeudi;Zone FIMU;Duree10h;Touriste Etranger;Periode normale;#
2017-05-25;Jeudi;Zone FIMU;Duree10h;Touriste Français;Periode normale;46
2017-05-25;Jeudi;Zone FIMU;Duree10h-18h;Resident;Periode normale;3030
2017-05-25;Jeudi;Zone FIMU;Duree10h-18h;Touriste Etranger;Periode normale;296
2017-05-25;Jeudi;Zone FIMU;Duree10h-18h;Touriste Français;Periode normale;752
2017-05-25;Jeudi;Zone FIMU;Duree2h;Resident;Periode normale;932
2017-05-25;Jeudi;Zone FIMU;Duree2h;Touriste Etranger;Periode normale;97
2017-05-25;Jeudi;Zone FIMU;Duree2h;Touriste Français;Periode normale;826
2017-05-25;Jeudi;Zone FIMU;Duree3h;Resident;Periode normale;1794
2017-05-25;Jeudi;Zone FIMU;Duree3h;Touriste Etranger;Periode normale;89
2017-05-25;Jeudi;Zone FIMU;Duree3h;Touriste Français;Periode normale;1135
2017-05-25;Jeudi;Zone FIMU;Duree4h;Resident;Periode normale;627
2017-05-25;Jeudi;Zone FIMU;Duree4h;Touriste Etranger;Periode normale;55
2017-05-25;Jeudi;Zone FIMU;Duree4h;Touriste Français;Periode normale;311
2017-05-25;Jeudi;Zone FIMU;Duree5h;Resident;Periode normale;584
2017-05-25;Jeudi;Zone FIMU;Duree5h;Touriste Etranger;Periode normale;31
2017-05-25;Jeudi;Zone FIMU;Duree5h;Touriste Français;Periode normale;205
2017-05-25;Jeudi;Zone FIMU;Duree6h;Resident;Periode normale;438
2017-05-25;Jeudi;Zone FIMU;Duree6h;Touriste Etranger;Periode normale;#
2017-05-25;Jeudi;Zone FIMU;Duree6h;Touriste Français;Periode normale;146
2017-05-25;Jeudi;Zone FIMU;Duree7h;Resident;Periode normale;599
2017-05-25;Jeudi;Zone FIMU;Duree7h;Touriste Etranger;Periode normale;51
2017-05-25;Jeudi;Zone FIMU;Duree7h;Touriste Français;Periode normale;176
2017-05-25;Jeudi;Zone FIMU;Duree8h;Resident;Periode normale;519
2017-05-25;Jeudi;Zone FIMU;Duree8h;Touriste Etranger;Periode normale;44
2017-05-25;Jeudi;Zone FIMU;Duree8h;Touriste Français;Periode normale;119
2017-05-25;Jeudi;Zone FIMU;Duree9h;Resident;Periode normale;298
2017-05-25;Jeudi;Zone FIMU;Duree9h;Touriste Etranger;Periode normale;#
2017-05-25;Jeudi;Zone FIMU;Duree9h;Touriste Français;Periode normale;126
2017-05-26;Vendredi;Zone FIMU;Duree10h;Resident;Periode normale;472
2017-05-26;Vendredi;Zone FIMU;Duree10h;Touriste Etranger;Periode normale;29
2017-05-26;Vendredi;Zone FIMU;Duree10h;Touriste Français;Periode normale;58
2017-05-26;Vendredi;Zone FIMU;Duree10h-18h;Resident;Periode normale;2569
2017-05-26;Vendredi;Zone FIMU;Duree10h-18h;Touriste Etranger;Periode normale;32
2017-05-26;Vendredi;Zone FIMU;Duree10h-18h;Touriste Français;Periode normale;1206
2017-05-26;Vendredi;Zone FIMU;Duree2h;Resident;Periode normale;2114
2017-05-26;Vendredi;Zone FIMU;Duree2h;Touriste Etranger;Periode normale;50
2017-05-26;Vendredi;Zone FIMU;Duree2h;Touriste Français;Periode normale;1660
2017-05-26;Vendredi;Zone FIMU;Duree3h;Resident;Periode normale;2434
2017-05-26;Vendredi;Zone FIMU;Duree3h;Touriste Etranger;Periode normale;128
2017-05-26;Vendredi;Zone FIMU;Duree3h;Touriste Français;Periode normale;1770
2017-05-26;Vendredi;Zone FIMU;Duree4h;Resident;Periode normale;992
2017-05-26;Vendredi;Zone FIMU;Duree4h;Touriste Etranger;Periode normale;40
2017-05-26;Vendredi;Zone FIMU;Duree4h;Touriste Français;Periode normale;596
2017-05-26;Vendredi;Zone FIMU;Duree5h;Resident;Periode normale;737
2017-05-26;Vendredi;Zone FIMU;Duree5h;Touriste Etranger;Periode normale;21
2017-05-26;Vendredi;Zone FIMU;Duree5h;Touriste Français;Periode normale;497
2017-05-26;Vendredi;Zone FIMU;Duree6h;Resident;Periode normale;627
2017-05-26;Vendredi;Zone FIMU;Duree6h;Touriste Etranger;Periode normale;27
2017-05-26;Vendredi;Zone FIMU;Duree6h;Touriste Français;Periode normale;320
2017-05-26;Vendredi;Zone FIMU;Duree7h;Resident;Periode normale;777
2017-05-26;Vendredi;Zone FIMU;Duree7h;Touriste Etranger;Periode normale;#
2017-05-26;Vendredi;Zone FIMU;Duree7h;Touriste Français;Periode normale;548
2017-05-26;Vendredi;Zone FIMU;Duree8h;Resident;Periode normale;613
2017-05-26;Vendredi;Zone FIMU;Duree8h;Touriste Etranger;Periode normale;24
2017-05-26;Vendredi;Zone FIMU;Duree8h;Touriste Français;Periode normale;238
2017-05-26;Vendredi;Zone FIMU;Duree9h;Resident;Periode normale;372
2017-05-26;Vendredi;Zone FIMU;Duree9h;Touriste Etranger;Periode normale;#
2017-05-26;Vendredi;Zone FIMU;Duree9h;Touriste Français;Periode normale;121
2017-05-27;Samedi;Zone FIMU;Duree10h;Resident;Periode normale;408
2017-05-27;Samedi;Zone FIMU;Duree10h;Touriste Etranger;Periode normale;#
2017-05-27;Samedi;Zone FIMU;Duree10h;Touriste Français;Periode normale;104
2017-05-27;Samedi;Zone FIMU;Duree10h-18h;Resident;Periode normale;2678
2017-05-27;Samedi;Zone FIMU;Duree10h-18h;Touriste Etranger;Periode normale;50
2017-05-27;Samedi;Zone FIMU;Duree10h-18h;Touriste Français;Periode normale;1209
2017-05-27;Samedi;Zone FIMU;Duree2h;Resident;Periode normale;1858
2017-05-27;Samedi;Zone FIMU;Duree2h;Touriste Etranger;Periode normale;60
2017-05-27;Samedi;Zone FIMU;Duree2h;Touriste Français;Periode normale;1362
2017-05-27;Samedi;Zone FIMU;Duree3h;Resident;Periode normale;2475
2017-05-27;Samedi;Zone FIMU;Duree3h;Touriste Etranger;Periode normale;112
2017-05-27;Samedi;Zone FIMU;Duree3h;Touriste Français;Periode normale;2137
2017-05-27;Samedi;Zone FIMU;Duree4h;Resident;Periode normale;1127
2017-05-27;Samedi;Zone FIMU;Duree4h;Touriste Etranger;Periode normale;55
2017-05-27;Samedi;Zone FIMU;Duree4h;Touriste Français;Periode normale;655
2017-05-27;Samedi;Zone FIMU;Duree5h;Resident;Periode normale;809
2017-05-27;Samedi;Zone FIMU;Duree5h;Touriste Etranger;Periode normale;#
2017-05-27;Samedi;Zone FIMU;Duree5h;Touriste Français;Periode normale;393
2017-05-27;Samedi;Zone FIMU;Duree6h;Resident;Periode normale;376
2017-05-27;Samedi;Zone FIMU;Duree6h;Touriste Etranger;Periode normale;#
2017-05-27;Samedi;Zone FIMU;Duree6h;Touriste Français;Periode normale;270
2017-05-27;Samedi;Zone FIMU;Duree7h;Resident;Periode normale;478
2017-05-27;Samedi;Zone FIMU;Duree7h;Touriste Etranger;Periode normale;#
2017-05-27;Samedi;Zone FIMU;Duree7h;Touriste Français;Periode normale;446
2017-05-27;Samedi;Zone FIMU;Duree8h;Resident;Periode normale;598
2017-05-27;Samedi;Zone FIMU;Duree8h;Touriste Etranger;Periode normale;#
2017-05-27;Samedi;Zone FIMU;Duree8h;Touriste Français;Periode normale;148
2017-05-27;Samedi;Zone FIMU;Duree9h;Resident;Periode normale;571
2017-05-27;Samedi;Zone FIMU;Duree9h;Touriste Etranger;Periode normale;#
2017-05-27;Samedi;Zone FIMU;Duree9h;Touriste Français;Periode normale;234
2017-05-28;Dimanche;Zone FIMU;Duree10h;Resident;Periode normale;342
2017-05-28;Dimanche;Zone FIMU;Duree10h;Touriste Etranger;Periode normale;23
2017-05-28;Dimanche;Zone FIMU;Duree10h;Touriste Français;Periode normale;55
2017-05-28;Dimanche;Zone FIMU;Duree10h-18h;Resident;Periode normale;2351
2017-05-28;Dimanche;Zone FIMU;Duree10h-18h;Touriste Etranger;Periode normale;39
2017-05-28;Dimanche;Zone FIMU;Duree10h-18h;Touriste Français;Periode normale;1131
2017-05-28;Dimanche;Zone FIMU;Duree2h;Resident;Periode normale;987
2017-05-28;Dimanche;Zone FIMU;Duree2h;Touriste Etranger;Periode normale;105
2017-05-28;Dimanche;Zone FIMU;Duree2h;Touriste Français;Periode normale;765
2017-05-28;Dimanche;Zone FIMU;Duree3h;Resident;Periode normale;2145
2017-05-28;Dimanche;Zone FIMU;Duree3h;Touriste Etranger;Periode normale;81
2017-05-28;Dimanche;Zone FIMU;Duree3h;Touriste Français;Periode normale;1257
2017-05-28;Dimanche;Zone FIMU;Duree4h;Resident;Periode normale;839
2017-05-28;Dimanche;Zone FIMU;Duree4h;Touriste Etranger;Periode normale;25
2017-05-28;Dimanche;Zone FIMU;Duree4h;Touriste Français;Periode normale;468
2017-05-28;Dimanche;Zone FIMU;Duree5h;Resident;Periode normale;706
2017-05-28;Dimanche;Zone FIMU;Duree5h;Touriste Etranger;Periode normale;#
2017-05-28;Dimanche;Zone FIMU;Duree5h;Touriste Français;Periode normale;235
2017-05-28;Dimanche;Zone FIMU;Duree6h;Resident;Periode normale;454
2017-05-28;Dimanche;Zone FIMU;Duree6h;Touriste Etranger;Periode normale;37
2017-05-28;Dimanche;Zone FIMU;Duree6h;Touriste Français;Periode normale;141
2017-05-28;Dimanche;Zone FIMU;Duree7h;Resident;Periode normale;670
2017-05-28;Dimanche;Zone FIMU;Duree7h;Touriste Etranger;Periode normale;60
2017-05-28;Dimanche;Zone FIMU;Duree7h;Touriste Français;Periode normale;264
2017-05-28;Dimanche;Zone FIMU;Duree8h;Resident;Periode normale;396
2017-05-28;Dimanche;Zone FIMU;Duree8h;Touriste Etranger;Periode normale;#
2017-05-28;Dimanche;Zone FIMU;Duree8h;Touriste Français;Periode normale;122
2017-05-28;Dimanche;Zone FIMU;Duree9h;Resident;Periode normale;374
2017-05-28;Dimanche;Zone FIMU;Duree9h;Touriste Etranger;Periode normale;#
2017-05-28;Dimanche;Zone FIMU;Duree9h;Touriste Français;Periode normale;31
2017-05-29;Lundi;Zone FIMU;Duree10h;Resident;Periode normale;449
2017-05-29;Lundi;Zone FIMU;Duree10h;Touriste Etranger;Periode normale;#
2017-05-29;Lundi;Zone FIMU;Duree10h;Touriste Français;Periode normale;270
2017-05-29;Lundi;Zone FIMU;Duree10h-18h;Resident;Periode normale;2796
2017-05-29;Lundi;Zone FIMU;Duree10h-18h;Touriste Etranger;Periode normale;27
2017-05-29;Lundi;Zone FIMU;Duree10h-18h;Touriste Français;Periode normale;997
2017-05-29;Lundi;Zone FIMU;Duree2h;Resident;Periode normale;1731
2017-05-29;Lundi;Zone FIMU;Duree2h;Touriste Etranger;Periode normale;42
2017-05-29;Lundi;Zone FIMU;Duree2h;Touriste Français;Periode normale;1049
2017-05-29;Lundi;Zone FIMU;Duree3h;Resident;Periode normale;2924
2017-05-29;Lundi;Zone FIMU;Duree3h;Touriste Etranger;Periode normale;56
2017-05-29;Lundi;Zone FIMU;Duree3h;Touriste Français;Periode normale;1290
2017-05-29;Lundi;Zone FIMU;Duree4h;Resident;Periode normale;1129
2017-05-29;Lundi;Zone FIMU;Duree4h;Touriste Etranger;Periode normale;37
2017-05-29;Lundi;Zone FIMU;Duree4h;Touriste Français;Periode normale;760
2017-05-29;Lundi;Zone FIMU;Duree5h;Resident;Periode normale;788
2017-05-29;Lundi;Zone FIMU;Duree5h;Touriste Etranger;Periode normale;21
2017-05-29;Lundi;Zone FIMU;Duree5h;Touriste Français;Periode normale;537
2017-05-29;Lundi;Zone FIMU;Duree6h;Resident;Periode normale;1075
2017-05-29;Lundi;Zone FIMU;Duree6h;Touriste Etranger;Periode normale;107
2017-05-29;Lundi;Zone FIMU;Duree6h;Touriste Français;Periode normale;256
2017-05-29;Lundi;Zone FIMU;Duree7h;Resident;Periode normale;1353
2017-05-29;Lundi;Zone FIMU;Duree7h;Touriste Etranger;Periode normale;27
2017-05-29;Lundi;Zone FIMU;Duree7h;Touriste Français;Periode normale;659
2017-05-29;Lundi;Zone FIMU;Duree8h;Resident;Periode normale;832
2017-05-29;Lundi;Zone FIMU;Duree8h;Touriste Etranger;Periode normale;#
2017-05-29;Lundi;Zone FIMU;Duree8h;Touriste Français;Periode normale;372
2017-05-29;Lundi;Zone FIMU;Duree9h;Resident;Periode normale;722
2017-05-29;Lundi;Zone FIMU;Duree9h;Touriste Etranger;Periode normale;38
2017-05-29;Lundi;Zone FIMU;Duree9h;Touriste Français;Periode normale;41
2017-05-30;Mardi;Zone FIMU;Duree10h;Resident;Periode normale;626
2017-05-30;Mardi;Zone FIMU;Duree10h;Touriste Etranger;Periode normale;50
2017-05-30;Mardi;Zone FIMU;Duree10h;Touriste Français;Periode normale;137
2017-05-30;Mardi;Zone FIMU;Duree10h-18h;Resident;Periode normale;3065
2017-05-30;Mardi;Zone FIMU;Duree10h-18h;Touriste Etranger;Periode normale;222
2017-05-30;Mardi;Zone FIMU;Duree10h-18h;Touriste Français;Periode normale;712
2017-05-30;Mardi;Zone FIMU;Duree2h;Resident;Periode normale;2350
2017-05-30;Mardi;Zone FIMU;Duree2h;Touriste Etranger;Periode normale;26
2017-05-30;Mardi;Zone FIMU;Duree2h;Touriste Français;Periode normale;1380
2017-05-30;Mardi;Zone FIMU;Duree3h;Resident;Periode normale;3418
2017-05-30;Mardi;Zone FIMU;Duree3h;Touriste Etranger;Periode normale;361
2017-05-30;Mardi;Zone FIMU;Duree3h;Touriste Français;Periode normale;1305
2017-05-30;Mardi;Zone FIMU;Duree4h;Resident;Periode normale;1645
2017-05-30;Mardi;Zone FIMU;Duree4h;Touriste Etranger;Periode normale;157
2017-05-30;Mardi;Zone FIMU;Duree4h;Touriste Français;Periode normale;487
2017-05-30;Mardi;Zone FIMU;Duree5h;Resident;Periode normale;1001
2017-05-30;Mardi;Zone FIMU;Duree5h;Touriste Etranger;Periode normale;122
2017-05-30;Mardi;Zone FIMU;Duree5h;Touriste Français;Periode normale;287
2017-05-30;Mardi;Zone FIMU;Duree6h;Resident;Periode normale;880
2017-05-30;Mardi;Zone FIMU;Duree6h;Touriste Etranger;Periode normale;79
2017-05-30;Mardi;Zone FIMU;Duree6h;Touriste Français;Periode normale;307
2017-05-30;Mardi;Zone FIMU;Duree7h;Resident;Periode normale;1340
2017-05-30;Mardi;Zone FIMU;Duree7h;Touriste Etranger;Periode normale;#
2017-05-30;Mardi;Zone FIMU;Duree7h;Touriste Français;Periode normale;830
2017-05-30;Mardi;Zone FIMU;Duree8h;Resident;Periode normale;809
2017-05-30;Mardi;Zone FIMU;Duree8h;Touriste Etranger;Periode normale;42
2017-05-30;Mardi;Zone FIMU;Duree8h;Touriste Français;Periode normale;327
2017-05-30;Mardi;Zone FIMU;Duree9h;Resident;Periode normale;621
2017-05-30;Mardi;Zone FIMU;Duree9h;Touriste Etranger;Periode normale;#
2017-05-30;Mardi;Zone FIMU;Duree9h;Touriste Français;Periode normale;330
2017-05-31;Mercredi;Zone FIMU;Duree10h;Resident;Periode normale;410
2017-05-31;Mercredi;Zone FIMU;Duree10h;Touriste Etranger;Periode normale;#
2017-05-31;Mercredi;Zone FIMU;Duree10h;Touriste Français;Periode normale;201
2017-05-31;Mercredi;Zone FIMU;Duree10h-18h;Resident;Periode normale;2851
2017-05-31;Mercredi;Zone FIMU;Duree10h-18h;Touriste Etranger;Periode normale;38
2017-05-31;Mercredi;Zone FIMU;Duree10h-18h;Touriste Français;Periode normale;1027
2017-05-31;Mercredi;Zone FIMU;Duree2h;Resident;Periode normale;2379
2017-05-31;Mercredi;Zone FIMU;Duree2h;Touriste Etranger;Periode normale;27
2017-05-31;Mercredi;Zone FIMU;Duree2h;Touriste Français;Periode normale;1376
2017-05-31;Mercredi;Zone FIMU;Duree3h;Resident;Periode normale;3098
2017-05-31;Mercredi;Zone FIMU;Duree3h;Touriste Etranger;Periode normale;118
2017-05-31;Mercredi;Zone FIMU;Duree3h;Touriste Français;Periode normale;1814
2017-05-31;Mercredi;Zone FIMU;Duree4h;Resident;Periode normale;1332
2017-05-31;Mercredi;Zone FIMU;Duree4h;Touriste Etranger;Periode normale;#
2017-05-31;Mercredi;Zone FIMU;Duree4h;Touriste Français;Periode normale;754
2017-05-31;Mercredi;Zone FIMU;Duree5h;Resident;Periode normale;1041
2017-05-31;Mercredi;Zone FIMU;Duree5h;Touriste Etranger;Periode normale;#
2017-05-31;Mercredi;Zone FIMU;Duree5h;Touriste Français;Periode normale;411
2017-05-31;Mercredi;Zone FIMU;Duree6h;Resident;Periode normale;931
2017-05-31;Mercredi;Zone FIMU;Duree6h;Touriste Etranger;Periode normale;#
2017-05-31;Mercredi;Zone FIMU;Duree6h;Touriste Français;Periode normale;412
2017-05-31;Mercredi;Zone FIMU;Duree7h;Resident;Periode normale;1172
2017-05-31;Mercredi;Zone FIMU;Duree7h;Touriste Etranger;Periode normale;#
2017-05-31;Mercredi;Zone FIMU;Duree7h;Touriste Français;Periode normale;573
2017-05-31;Mercredi;Zone FIMU;Duree8h;Resident;Periode normale;838
2017-05-31;Mercredi;Zone FIMU;Duree8h;Touriste Etranger;Periode normale;#
2017-05-31;Mercredi;Zone FIMU;Duree8h;Touriste Français;Periode normale;479
2017-05-31;Mercredi;Zone FIMU;Duree9h;Resident;Periode normale;671
2017-05-31;Mercredi;Zone FIMU;Duree9h;Touriste Français;Periode normale;305
2017-06-01;Jeudi;Zone FIMU;Duree10h;Resident;Periode evenement;642
2017-06-01;Jeudi;Zone FIMU;Duree10h;Touriste Etranger;Periode evenement;#
2017-06-01;Jeudi;Zone FIMU;Duree10h;Touriste Français;Periode evenement;200
2017-06-01;Jeudi;Zone FIMU;Duree10h-18h;Resident;Periode evenement;2840
2017-06-01;Jeudi;Zone FIMU;Duree10h-18h;Touriste Etranger;Periode evenement;38
2017-06-01;Jeudi;Zone FIMU;Duree10h-18h;Touriste Français;Periode evenement;906
2017-06-01;Jeudi;Zone FIMU;Duree2h;Resident;Periode evenement;2291
2017-06-01;Jeudi;Zone FIMU;Duree2h;Touriste Etranger;Periode evenement;52
2017-06-01;Jeudi;Zone FIMU;Duree2h;Touriste Français;Periode evenement;1383
2017-06-01;Jeudi;Zone FIMU;Duree3h;Resident;Periode evenement;3335
2017-06-01;Jeudi;Zone FIMU;Duree3h;Touriste Etranger;Periode evenement;96
2017-06-01;Jeudi;Zone FIMU;Duree3h;Touriste Français;Periode evenement;1634
2017-06-01;Jeudi;Zone FIMU;Duree4h;Resident;Periode evenement;1613
2017-06-01;Jeudi;Zone FIMU;Duree4h;Touriste Etranger;Periode evenement;40
2017-06-01;Jeudi;Zone FIMU;Duree4h;Touriste Français;Periode evenement;860
2017-06-01;Jeudi;Zone FIMU;Duree5h;Resident;Periode evenement;1002
2017-06-01;Jeudi;Zone FIMU;Duree5h;Touriste Etranger;Periode evenement;110
2017-06-01;Jeudi;Zone FIMU;Duree5h;Touriste Français;Periode evenement;339
2017-06-01;Jeudi;Zone FIMU;Duree6h;Resident;Periode evenement;1174
2017-06-01;Jeudi;Zone FIMU;Duree6h;Touriste Etranger;Periode evenement;#
2017-06-01;Jeudi;Zone FIMU;Duree6h;Touriste Français;Periode evenement;487
2017-06-01;Jeudi;Zone FIMU;Duree7h;Resident;Periode evenement;1398
2017-06-01;Jeudi;Zone FIMU;Duree7h;Touriste Etranger;Periode evenement;#
2017-06-01;Jeudi;Zone FIMU;Duree7h;Touriste Français;Periode evenement;586
2017-06-01;Jeudi;Zone FIMU;Duree8h;Resident;Periode evenement;1061
2017-06-01;Jeudi;Zone FIMU;Duree8h;Touriste Etranger;Periode evenement;#
2017-06-01;Jeudi;Zone FIMU;Duree8h;Touriste Français;Periode evenement;324
2017-06-01;Jeudi;Zone FIMU;Duree9h;Resident;Periode evenement;654
2017-06-01;Jeudi;Zone FIMU;Duree9h;Touriste Français;Periode evenement;312
2017-06-02;Vendredi;Zone FIMU;Duree10h;Resident;Periode evenement;632
2017-06-02;Vendredi;Zone FIMU;Duree10h;Touriste Etranger;Periode evenement;55
2017-06-02;Vendredi;Zone FIMU;Duree10h;Touriste Français;Periode evenement;162
2017-06-02;Vendredi;Zone FIMU;Duree10h-18h;Resident;Periode evenement;3130
2017-06-02;Vendredi;Zone FIMU;Duree10h-18h;Touriste Etranger;Periode evenement;195
2017-06-02;Vendredi;Zone FIMU;Duree10h-18h;Touriste Français;Periode evenement;642
2017-06-02;Vendredi;Zone FIMU;Duree2h;Resident;Periode evenement;3342
2017-06-02;Vendredi;Zone FIMU;Duree2h;Touriste Etranger;Periode evenement;50
2017-06-02;Vendredi;Zone FIMU;Duree2h;Touriste Français;Periode evenement;1640
2017-06-02;Vendredi;Zone FIMU;Duree3h;Resident;Periode evenement;4485
2017-06-02;Vendredi;Zone FIMU;Duree3h;Touriste Etranger;Periode evenement;322
2017-06-02;Vendredi;Zone FIMU;Duree3h;Touriste Français;Periode evenement;1643
2017-06-02;Vendredi;Zone FIMU;Duree4h;Resident;Periode evenement;1716
2017-06-02;Vendredi;Zone FIMU;Duree4h;Touriste Etranger;Periode evenement;123
2017-06-02;Vendredi;Zone FIMU;Duree4h;Touriste Français;Periode evenement;640
2017-06-02;Vendredi;Zone FIMU;Duree5h;Resident;Periode evenement;1237
2017-06-02;Vendredi;Zone FIMU;Duree5h;Touriste Etranger;Periode evenement;112
2017-06-02;Vendredi;Zone FIMU;Duree5h;Touriste Français;Periode evenement;542
2017-06-02;Vendredi;Zone FIMU;Duree6h;Resident;Periode evenement;951
2017-06-02;Vendredi;Zone FIMU;Duree6h;Touriste Etranger;Periode evenement;65
2017-06-02;Vendredi;Zone FIMU;Duree6h;Touriste Français;Periode evenement;348
2017-06-02;Vendredi;Zone FIMU;Duree7h;Resident;Periode evenement;1608
2017-06-02;Vendredi;Zone FIMU;Duree7h;Touriste Etranger;Periode evenement;100
2017-06-02;Vendredi;Zone FIMU;Duree7h;Touriste Français;Periode evenement;499
2017-06-02;Vendredi;Zone FIMU;Duree8h;Resident;Periode evenement;902
2017-06-02;Vendredi;Zone FIMU;Duree8h;Touriste Etranger;Periode evenement;72
2017-06-02;Vendredi;Zone FIMU;Duree8h;Touriste Français;Periode evenement;300
2017-06-02;Vendredi;Zone FIMU;Duree9h;Resident;Periode evenement;732
2017-06-02;Vendredi;Zone FIMU;Duree9h;Touriste Etranger;Periode evenement;49
2017-06-02;Vendredi;Zone FIMU;Duree9h;Touriste Français;Periode evenement;200
2017-06-03;Samedi;Zone FIMU;Duree10h;Resident;Periode evenement;276
2017-06-03;Samedi;Zone FIMU;Duree10h;Touriste Etranger;Periode evenement;46
2017-06-03;Samedi;Zone FIMU;Duree10h;Touriste Français;Periode evenement;252
2017-06-03;Samedi;Zone FIMU;Duree10h-18h;Resident;Periode evenement;3469
2017-06-03;Samedi;Zone FIMU;Duree10h-18h;Touriste Etranger;Periode evenement;63
2017-06-03;Samedi;Zone FIMU;Duree10h-18h;Touriste Français;Periode evenement;1497
2017-06-03;Samedi;Zone FIMU;Duree2h;Resident;Periode evenement;2127
2017-06-03;Samedi;Zone FIMU;Duree2h;Touriste Etranger;Periode evenement;50
2017-06-03;Samedi;Zone FIMU;Duree2h;Touriste Français;Periode evenement;1470
2017-06-03;Samedi;Zone FIMU;Duree3h;Resident;Periode evenement;3269
2017-06-03;Samedi;Zone FIMU;Duree3h;Touriste Etranger;Periode evenement;190
2017-06-03;Samedi;Zone FIMU;Duree3h;Touriste Français;Periode evenement;2524
2017-06-03;Samedi;Zone FIMU;Duree4h;Resident;Periode evenement;1893
2017-06-03;Samedi;Zone FIMU;Duree4h;Touriste Etranger;Periode evenement;77
2017-06-03;Samedi;Zone FIMU;Duree4h;Touriste Français;Periode evenement;1260
2017-06-03;Samedi;Zone FIMU;Duree5h;Resident;Periode evenement;1192
2017-06-03;Samedi;Zone FIMU;Duree5h;Touriste Etranger;Periode evenement;70
2017-06-03;Samedi;Zone FIMU;Duree5h;Touriste Français;Periode evenement;888
2017-06-03;Samedi;Zone FIMU;Duree6h;Resident;Periode evenement;922
2017-06-03;Samedi;Zone FIMU;Duree6h;Touriste Etranger;Periode evenement;30
2017-06-03;Samedi;Zone FIMU;Duree6h;Touriste Français;Periode evenement;697
2017-06-03;Samedi;Zone FIMU;Duree7h;Resident;Periode evenement;1174
2017-06-03;Samedi;Zone FIMU;Duree7h;Touriste Etranger;Periode evenement;40
2017-06-03;Samedi;Zone FIMU;Duree7h;Touriste Français;Periode evenement;1175
2017-06-03;Samedi;Zone FIMU;Duree8h;Resident;Periode evenement;709
2017-06-03;Samedi;Zone FIMU;Duree8h;Touriste Etranger;Periode evenement;25
2017-06-03;Samedi;Zone FIMU;Duree8h;Touriste Français;Periode evenement;472
2017-06-03;Samedi;Zone FIMU;Duree9h;Resident;Periode evenement;435
2017-06-03;Samedi;Zone FIMU;Duree9h;Touriste Etranger;Periode evenement;25
2017-06-03;Samedi;Zone FIMU;Duree9h;Touriste Français;Periode evenement;301
2017-06-04;Dimanche;Zone FIMU;Duree10h;Resident;Periode evenement;298
2017-06-04;Dimanche;Zone FIMU;Duree10h;Touriste Etranger;Periode evenement;41
2017-06-04;Dimanche;Zone FIMU;Duree10h;Touriste Français;Periode evenement;347
2017-06-04;Dimanche;Zone FIMU;Duree10h-18h;Resident;Periode evenement;3344
2017-06-04;Dimanche;Zone FIMU;Duree10h-18h;Touriste Etranger;Periode evenement;116
2017-06-04;Dimanche;Zone FIMU;Duree10h-18h;Touriste Français;Periode evenement;1815
2017-06-04;Dimanche;Zone FIMU;Duree2h;Resident;Periode evenement;2238
2017-06-04;Dimanche;Zone FIMU;Duree2h;Touriste Etranger;Periode evenement;102
2017-06-04;Dimanche;Zone FIMU;Duree2h;Touriste Français;Periode evenement;2998
2017-06-04;Dimanche;Zone FIMU;Duree3h;Resident;Periode evenement;4437
2017-06-04;Dimanche;Zone FIMU;Duree3h;Touriste Etranger;Periode evenement;193
2017-06-04;Dimanche;Zone FIMU;Duree3h;Touriste Français;Periode evenement;4000
2017-06-04;Dimanche;Zone FIMU;Duree4h;Resident;Periode evenement;2462
2017-06-04;Dimanche;Zone FIMU;Duree4h;Touriste Etranger;Periode evenement;72
2017-06-04;Dimanche;Zone FIMU;Duree4h;Touriste Français;Periode evenement;2268
2017-06-04;Dimanche;Zone FIMU;Duree5h;Resident;Periode evenement;1894
2017-06-04;Dimanche;Zone FIMU;Duree5h;Touriste Etranger;Periode evenement;76
2017-06-04;Dimanche;Zone FIMU;Duree5h;Touriste Français;Periode evenement;1674
2017-06-04;Dimanche;Zone FIMU;Duree6h;Resident;Periode evenement;1577
2017-06-04;Dimanche;Zone FIMU;Duree6h;Touriste Etranger;Periode evenement;#
2017-06-04;Dimanche;Zone FIMU;Duree6h;Touriste Français;Periode evenement;1462
2017-06-04;Dimanche;Zone FIMU;Duree7h;Resident;Periode evenement;1693
2017-06-04;Dimanche;Zone FIMU;Duree7h;Touriste Etranger;Periode evenement;68
2017-06-04;Dimanche;Zone FIMU;Duree7h;Touriste Français;Periode evenement;1863
2017-06-04;Dimanche;Zone FIMU;Duree8h;Resident;Periode evenement;1175
2017-06-04;Dimanche;Zone FIMU;Duree8h;Touriste Etranger;Periode evenement;33
2017-06-04;Dimanche;Zone FIMU;Duree8h;Touriste Français;Periode evenement;607
2017-06-04;Dimanche;Zone FIMU;Duree9h;Resident;Periode evenement;610
2017-06-04;Dimanche;Zone FIMU;Duree9h;Touriste Etranger;Periode evenement;45
2017-06-04;Dimanche;Zone FIMU;Duree9h;Touriste Français;Periode evenement;544
2017-06-05;Lundi;Zone FIMU;Duree10h;Resident;Periode evenement;435
2017-06-05;Lundi;Zone FIMU;Duree10h;Touriste Etranger;Periode evenement;#
2017-06-05;Lundi;Zone FIMU;Duree10h;Touriste Français;Periode evenement;137
2017-06-05;Lundi;Zone FIMU;Duree10h-18h;Resident;Periode evenement;3280
2017-06-05;Lundi;Zone FIMU;Duree10h-18h;Touriste Etranger;Periode evenement;54
2017-06-05;Lundi;Zone FIMU;Duree10h-18h;Touriste Français;Periode evenement;1085
2017-06-05;Lundi;Zone FIMU;Duree2h;Resident;Periode evenement;1737
2017-06-05;Lundi;Zone FIMU;Duree2h;Touriste Etranger;Periode evenement;52
2017-06-05;Lundi;Zone FIMU;Duree2h;Touriste Français;Periode evenement;1687
2017-06-05;Lundi;Zone FIMU;Duree3h;Resident;Periode evenement;3343
2017-06-05;Lundi;Zone FIMU;Duree3h;Touriste Etranger;Periode evenement;132
2017-06-05;Lundi;Zone FIMU;Duree3h;Touriste Français;Periode evenement;2555
2017-06-05;Lundi;Zone FIMU;Duree4h;Resident;Periode evenement;1719
2017-06-05;Lundi;Zone FIMU;Duree4h;Touriste Etranger;Periode evenement;45
2017-06-05;Lundi;Zone FIMU;Duree4h;Touriste Français;Periode evenement;1157
2017-06-05;Lundi;Zone FIMU;Duree5h;Resident;Periode evenement;1051
2017-06-05;Lundi;Zone FIMU;Duree5h;Touriste Etranger;Periode evenement;29
2017-06-05;Lundi;Zone FIMU;Duree5h;Touriste Français;Periode evenement;921
2017-06-05;Lundi;Zone FIMU;Duree6h;Resident;Periode evenement;1057
2017-06-05;Lundi;Zone FIMU;Duree6h;Touriste Etranger;Periode evenement;21
2017-06-05;Lundi;Zone FIMU;Duree6h;Touriste Français;Periode evenement;660
2017-06-05;Lundi;Zone FIMU;Duree7h;Resident;Periode evenement;1400
2017-06-05;Lundi;Zone FIMU;Duree7h;Touriste Etranger;Periode evenement;73
2017-06-05;Lundi;Zone FIMU;Duree7h;Touriste Français;Periode evenement;838
2017-06-05;Lundi;Zone FIMU;Duree8h;Resident;Periode evenement;577
2017-06-05;Lundi;Zone FIMU;Duree8h;Touriste Etranger;Periode evenement;48
2017-06-05;Lundi;Zone FIMU;Duree8h;Touriste Français;Periode evenement;267
2017-06-05;Lundi;Zone FIMU;Duree9h;Resident;Periode evenement;577
2017-06-05;Lundi;Zone FIMU;Duree9h;Touriste Etranger;Periode evenement;#
2017-06-05;Lundi;Zone FIMU;Duree9h;Touriste Français;Periode evenement;199
2017-06-06;Mardi;Zone FIMU;Duree10h;Resident;Periode normale;564
2017-06-06;Mardi;Zone FIMU;Duree10h;Touriste Etranger;Periode normale;#
2017-06-06;Mardi;Zone FIMU;Duree10h;Touriste Français;Periode normale;235
2017-06-06;Mardi;Zone FIMU;Duree10h-18h;Resident;Periode normale;2848
2017-06-06;Mardi;Zone FIMU;Duree10h-18h;Touriste Etranger;Periode normale;40
2017-06-06;Mardi;Zone FIMU;Duree10h-18h;Touriste Français;Periode normale;936
2017-06-06;Mardi;Zone FIMU;Duree2h;Resident;Periode normale;2486
2017-06-06;Mardi;Zone FIMU;Duree2h;Touriste Etranger;Periode normale;38
2017-06-06;Mardi;Zone FIMU;Duree2h;Touriste Français;Periode normale;1023
2017-06-06;Mardi;Zone FIMU;Duree3h;Resident;Periode normale;3060
2017-06-06;Mardi;Zone FIMU;Duree3h;Touriste Etranger;Periode normale;71
2017-06-06;Mardi;Zone FIMU;Duree3h;Touriste Français;Periode normale;1776
2017-06-06;Mardi;Zone FIMU;Duree4h;Resident;Periode normale;1458
2017-06-06;Mardi;Zone FIMU;Duree4h;Touriste Etranger;Periode normale;#
2017-06-06;Mardi;Zone FIMU;Duree4h;Touriste Français;Periode normale;650
2017-06-06;Mardi;Zone FIMU;Duree5h;Resident;Periode normale;1078
2017-06-06;Mardi;Zone FIMU;Duree5h;Touriste Etranger;Periode normale;104
2017-06-06;Mardi;Zone FIMU;Duree5h;Touriste Français;Periode normale;410
2017-06-06;Mardi;Zone FIMU;Duree6h;Resident;Periode normale;1015
2017-06-06;Mardi;Zone FIMU;Duree6h;Touriste Etranger;Periode normale;87
2017-06-06;Mardi;Zone FIMU;Duree6h;Touriste Français;Periode normale;327
2017-06-06;Mardi;Zone FIMU;Duree7h;Resident;Periode normale;1187
2017-06-06;Mardi;Zone FIMU;Duree7h;Touriste Etranger;Periode normale;#
2017-06-06;Mardi;Zone FIMU;Duree7h;Touriste Français;Periode normale;566
2017-06-06;Mardi;Zone FIMU;Duree8h;Resident;Periode normale;1044
2017-06-06;Mardi;Zone FIMU;Duree8h;Touriste Français;Periode normale;504
2017-06-06;Mardi;Zone FIMU;Duree9h;Resident;Periode normale;666
2017-06-06;Mardi;Zone FIMU;Duree9h;Touriste Etranger;Periode normale;#
2017-06-06;Mardi;Zone FIMU;Duree9h;Touriste Français;Periode normale;229
2017-06-07;Mercredi;Zone FIMU;Duree10h;Resident;Periode normale;414
2017-06-07;Mercredi;Zone FIMU;Duree10h;Touriste Etranger;Periode normale;29
2017-06-07;Mercredi;Zone FIMU;Duree10h;Touriste Français;Periode normale;147
2017-06-07;Mercredi;Zone FIMU;Duree10h-18h;Resident;Periode normale;3145
2017-06-07;Mercredi;Zone FIMU;Duree10h-18h;Touriste Etranger;Periode normale;191
2017-06-07;Mercredi;Zone FIMU;Duree10h-18h;Touriste Français;Periode normale;560
2017-06-07;Mercredi;Zone FIMU;Duree2h;Resident;Periode normale;2532
2017-06-07;Mercredi;Zone FIMU;Duree2h;Touriste Etranger;Periode normale;194
2017-06-07;Mercredi;Zone FIMU;Duree2h;Touriste Français;Periode normale;1059
2017-06-07;Mercredi;Zone FIMU;Duree3h;Resident;Periode normale;3397
2017-06-07;Mercredi;Zone FIMU;Duree3h;Touriste Etranger;Periode normale;266
2017-06-07;Mercredi;Zone FIMU;Duree3h;Touriste Français;Periode normale;1264
2017-06-07;Mercredi;Zone FIMU;Duree4h;Resident;Periode normale;1483
2017-06-07;Mercredi;Zone FIMU;Duree4h;Touriste Etranger;Periode normale;64
2017-06-07;Mercredi;Zone FIMU;Duree4h;Touriste Français;Periode normale;377
2017-06-07;Mercredi;Zone FIMU;Duree5h;Resident;Periode normale;1145
2017-06-07;Mercredi;Zone FIMU;Duree5h;Touriste Etranger;Periode normale;64
2017-06-07;Mercredi;Zone FIMU;Duree5h;Touriste Français;Periode normale;407
2017-06-07;Mercredi;Zone FIMU;Duree6h;Resident;Periode normale;1099
2017-06-07;Mercredi;Zone FIMU;Duree6h;Touriste Etranger;Periode normale;83
2017-06-07;Mercredi;Zone FIMU;Duree6h;Touriste Français;Periode normale;404
2017-06-07;Mercredi;Zone FIMU;Duree7h;Resident;Periode normale;1399
2017-06-07;Mercredi;Zone FIMU;Duree7h;Touriste Etranger;Periode normale;125
2017-06-07;Mercredi;Zone FIMU;Duree7h;Touriste Français;Periode normale;337
2017-06-07;Mercredi;Zone FIMU;Duree8h;Resident;Periode normale;783
2017-06-07;Mercredi;Zone FIMU;Duree8h;Touriste Etranger;Periode normale;53
2017-06-07;Mercredi;Zone FIMU;Duree8h;Touriste Français;Periode normale;273
2017-06-07;Mercredi;Zone FIMU;Duree9h;Resident;Periode normale;706
2017-06-07;Mercredi;Zone FIMU;Duree9h;Touriste Etranger;Periode normale;49
2017-06-07;Mercredi;Zone FIMU;Duree9h;Touriste Français;Periode normale;194
2017-06-08;Jeudi;Zone FIMU;Duree10h;Resident;Periode normale;668
2017-06-08;Jeudi;Zone FIMU;Duree10h;Touriste Etranger;Periode normale;#
2017-06-08;Jeudi;Zone FIMU;Duree10h;Touriste Français;Periode normale;277
2017-06-08;Jeudi;Zone FIMU;Duree10h-18h;Resident;Periode normale;2558
2017-06-08;Jeudi;Zone FIMU;Duree10h-18h;Touriste Etranger;Periode normale;41
2017-06-08;Jeudi;Zone FIMU;Duree10h-18h;Touriste Français;Periode normale;882
2017-06-08;Jeudi;Zone FIMU;Duree2h;Resident;Periode normale;1915
2017-06-08;Jeudi;Zone FIMU;Duree2h;Touriste Etranger;Periode normale;33
2017-06-08;Jeudi;Zone FIMU;Duree2h;Touriste Français;Periode normale;1367
2017-06-08;Jeudi;Zone FIMU;Duree3h;Resident;Periode normale;3369
2017-06-08;Jeudi;Zone FIMU;Duree3h;Touriste Etranger;Periode normale;65
2017-06-08;Jeudi;Zone FIMU;Duree3h;Touriste Français;Periode normale;1846
2017-06-08;Jeudi;Zone FIMU;Duree4h;Resident;Periode normale;1292
2017-06-08;Jeudi;Zone FIMU;Duree4h;Touriste Etranger;Periode normale;23
2017-06-08;Jeudi;Zone FIMU;Duree4h;Touriste Français;Periode normale;744
2017-06-08;Jeudi;Zone FIMU;Duree5h;Resident;Periode normale;842
2017-06-08;Jeudi;Zone FIMU;Duree5h;Touriste Etranger;Periode normale;#
2017-06-08;Jeudi;Zone FIMU;Duree5h;Touriste Français;Periode normale;521
2017-06-08;Jeudi;Zone FIMU;Duree6h;Resident;Periode normale;1062
2017-06-08;Jeudi;Zone FIMU;Duree6h;Touriste Etranger;Periode normale;#
2017-06-08;Jeudi;Zone FIMU;Duree6h;Touriste Français;Periode normale;473
2017-06-08;Jeudi;Zone FIMU;Duree7h;Resident;Periode normale;1292
2017-06-08;Jeudi;Zone FIMU;Duree7h;Touriste Etranger;Periode normale;22
2017-06-08;Jeudi;Zone FIMU;Duree7h;Touriste Français;Periode normale;626
2017-06-08;Jeudi;Zone FIMU;Duree8h;Resident;Periode normale;900
2017-06-08;Jeudi;Zone FIMU;Duree8h;Touriste Français;Periode normale;374
2017-06-08;Jeudi;Zone FIMU;Duree9h;Resident;Periode normale;761
2017-06-08;Jeudi;Zone FIMU;Duree9h;Touriste Etranger;Periode normale;#
2017-06-08;Jeudi;Zone FIMU;Duree9h;Touriste Français;Periode normale;317
2017-06-09;Vendredi;Zone FIMU;Duree10h;Resident;Periode normale;551
2017-06-09;Vendredi;Zone FIMU;Duree10h;Touriste Etranger;Periode normale;35
2017-06-09;Vendredi;Zone FIMU;Duree10h;Touriste Français;Periode normale;153
2017-06-09;Vendredi;Zone FIMU;Duree10h-18h;Resident;Periode normale;2553
2017-06-09;Vendredi;Zone FIMU;Duree10h-18h;Touriste Etranger;Periode normale;38
2017-06-09;Vendredi;Zone FIMU;Duree10h-18h;Touriste Français;Periode normale;785
2017-06-09;Vendredi;Zone FIMU;Duree2h;Resident;Periode normale;2206
2017-06-09;Vendredi;Zone FIMU;Duree2h;Touriste Etranger;Periode normale;52
2017-06-09;Vendredi;Zone FIMU;Duree2h;Touriste Français;Periode normale;1290
2017-06-09;Vendredi;Zone FIMU;Duree3h;Resident;Periode normale;3397
2017-06-09;Vendredi;Zone FIMU;Duree3h;Touriste Etranger;Periode normale;106
2017-06-09;Vendredi;Zone FIMU;Duree3h;Touriste Français;Periode normale;1924
2017-06-09;Vendredi;Zone FIMU;Duree4h;Resident;Periode normale;1631
2017-06-09;Vendredi;Zone FIMU;Duree4h;Touriste Etranger;Periode normale;91
2017-06-09;Vendredi;Zone FIMU;Duree4h;Touriste Français;Periode normale;511
2017-06-09;Vendredi;Zone FIMU;Duree5h;Resident;Periode normale;1385
2017-06-09;Vendredi;Zone FIMU;Duree5h;Touriste Etranger;Periode normale;#
2017-06-09;Vendredi;Zone FIMU;Duree5h;Touriste Français;Periode normale;581
2017-06-09;Vendredi;Zone FIMU;Duree6h;Resident;Periode normale;886
2017-06-09;Vendredi;Zone FIMU;Duree6h;Touriste Etranger;Periode normale;85
2017-06-09;Vendredi;Zone FIMU;Duree6h;Touriste Français;Periode normale;339
2017-06-09;Vendredi;Zone FIMU;Duree7h;Resident;Periode normale;1459
2017-06-09;Vendredi;Zone FIMU;Duree7h;Touriste Etranger;Periode normale;116
2017-06-09;Vendredi;Zone FIMU;Duree7h;Touriste Français;Periode normale;348
2017-06-09;Vendredi;Zone FIMU;Duree8h;Resident;Periode normale;811
2017-06-09;Vendredi;Zone FIMU;Duree8h;Touriste Etranger;Periode normale;47
2017-06-09;Vendredi;Zone FIMU;Duree8h;Touriste Français;Periode normale;226
2017-06-09;Vendredi;Zone FIMU;Duree9h;Resident;Periode normale;788
2017-06-09;Vendredi;Zone FIMU;Duree9h;Touriste Etranger;Periode normale;#
2017-06-09;Vendredi;Zone FIMU;Duree9h;Touriste Français;Periode normale;394
2017-06-10;Samedi;Zone FIMU;Duree10h;Resident;Periode normale;389
2017-06-10;Samedi;Zone FIMU;Duree10h;Touriste Etranger;Periode normale;#
2017-06-10;Samedi;Zone FIMU;Duree10h;Touriste Français;Periode normale;101
2017-06-10;Samedi;Zone FIMU;Duree10h-18h;Resident;Periode normale;2754
2017-06-10;Samedi;Zone FIMU;Duree10h-18h;Touriste Etranger;Periode normale;50
2017-06-10;Samedi;Zone FIMU;Duree10h-18h;Touriste Français;Periode normale;1096
2017-06-10;Samedi;Zone FIMU;Duree2h;Resident;Periode normale;2247
2017-06-10;Samedi;Zone FIMU;Duree2h;Touriste Etranger;Periode normale;23
2017-06-10;Samedi;Zone FIMU;Duree2h;Touriste Français;Periode normale;1316
2017-06-10;Samedi;Zone FIMU;Duree3h;Resident;Periode normale;3853
2017-06-10;Samedi;Zone FIMU;Duree3h;Touriste Etranger;Periode normale;90
2017-06-10;Samedi;Zone FIMU;Duree3h;Touriste Français;Periode normale;1791
2017-06-10;Samedi;Zone FIMU;Duree4h;Resident;Periode normale;1431
2017-06-10;Samedi;Zone FIMU;Duree4h;Touriste Etranger;Periode normale;24
2017-06-10;Samedi;Zone FIMU;Duree4h;Touriste Français;Periode normale;742
2017-06-10;Samedi;Zone FIMU;Duree5h;Resident;Periode normale;825
2017-06-10;Samedi;Zone FIMU;Duree5h;Touriste Etranger;Periode normale;#
2017-06-10;Samedi;Zone FIMU;Duree5h;Touriste Français;Periode normale;362
2017-06-10;Samedi;Zone FIMU;Duree6h;Resident;Periode normale;680
2017-06-10;Samedi;Zone FIMU;Duree6h;Touriste Etranger;Periode normale;#
2017-06-10;Samedi;Zone FIMU;Duree6h;Touriste Français;Periode normale;369
2017-06-10;Samedi;Zone FIMU;Duree7h;Resident;Periode normale;813
2017-06-10;Samedi;Zone FIMU;Duree7h;Touriste Etranger;Periode normale;#
2017-06-10;Samedi;Zone FIMU;Duree7h;Touriste Français;Periode normale;324
2017-06-10;Samedi;Zone FIMU;Duree8h;Resident;Periode normale;564
2017-06-10;Samedi;Zone FIMU;Duree8h;Touriste Etranger;Periode normale;#
2017-06-10;Samedi;Zone FIMU;Duree8h;Touriste Français;Periode normale;208
2017-06-10;Samedi;Zone FIMU;Duree9h;Resident;Periode normale;334
2017-06-10;Samedi;Zone FIMU;Duree9h;Touriste Français;Periode normale;130
2017-06-11;Dimanche;Zone FIMU;Duree10h;Resident;Periode normale;269
2017-06-11;Dimanche;Zone FIMU;Duree10h;Touriste Etranger;Periode normale;#
2017-06-11;Dimanche;Zone FIMU;Duree10h;Touriste Français;Periode normale;29
2017-06-11;Dimanche;Zone FIMU;Duree10h-18h;Resident;Periode normale;2763
2017-06-11;Dimanche;Zone FIMU;Duree10h-18h;Touriste Etranger;Periode normale;215
2017-06-11;Dimanche;Zone FIMU;Duree10h-18h;Touriste Français;Periode normale;523
2017-06-11;Dimanche;Zone FIMU;Duree2h;Resident;Periode normale;1208
2017-06-11;Dimanche;Zone FIMU;Duree2h;Touriste Etranger;Periode normale;#
2017-06-11;Dimanche;Zone FIMU;Duree2h;Touriste Français;Periode normale;804
2017-06-11;Dimanche;Zone FIMU;Duree3h;Resident;Periode normale;1941
2017-06-11;Dimanche;Zone FIMU;Duree3h;Touriste Etranger;Periode normale;133
2017-06-11;Dimanche;Zone FIMU;Duree3h;Touriste Français;Periode normale;1054
2017-06-11;Dimanche;Zone FIMU;Duree4h;Resident;Periode normale;819
2017-06-11;Dimanche;Zone FIMU;Duree4h;Touriste Etranger;Periode normale;40
2017-06-11;Dimanche;Zone FIMU;Duree4h;Touriste Français;Periode normale;331
2017-06-11;Dimanche;Zone FIMU;Duree5h;Resident;Periode normale;505
2017-06-11;Dimanche;Zone FIMU;Duree5h;Touriste Etranger;Periode normale;51
2017-06-11;Dimanche;Zone FIMU;Duree5h;Touriste Français;Periode normale;287
2017-06-11;Dimanche;Zone FIMU;Duree6h;Resident;Periode normale;259
2017-06-11;Dimanche;Zone FIMU;Duree6h;Touriste Etranger;Periode normale;#
2017-06-11;Dimanche;Zone FIMU;Duree6h;Touriste Français;Periode normale;145
2017-06-11;Dimanche;Zone FIMU;Duree7h;Resident;Periode normale;738
2017-06-11;Dimanche;Zone FIMU;Duree7h;Touriste Etranger;Periode normale;#
2017-06-11;Dimanche;Zone FIMU;Duree7h;Touriste Français;Periode normale;368
2017-06-11;Dimanche;Zone FIMU;Duree8h;Resident;Periode normale;574
2017-06-11;Dimanche;Zone FIMU;Duree8h;Touriste Etranger;Periode normale;#
2017-06-11;Dimanche;Zone FIMU;Duree8h;Touriste Français;Periode normale;102
2017-06-11;Dimanche;Zone FIMU;Duree9h;Resident;Periode normale;471
2017-06-11;Dimanche;Zone FIMU;Duree9h;Touriste Etranger;Periode normale;#
2017-06-11;Dimanche;Zone FIMU;Duree9h;Touriste Français;Periode normale;64
2017-06-12;Lundi;Zone FIMU;Duree10h;Resident;Periode normale;457
2017-06-12;Lundi;Zone FIMU;Duree10h;Touriste Etranger;Periode normale;#
2017-06-12;Lundi;Zone FIMU;Duree10h;Touriste Français;Periode normale;183
2017-06-12;Lundi;Zone FIMU;Duree10h-18h;Resident;Periode normale;2579
2017-06-12;Lundi;Zone FIMU;Duree10h-18h;Touriste Etranger;Periode normale;26
2017-06-12;Lundi;Zone FIMU;Duree10h-18h;Touriste Français;Periode normale;729
2017-06-12;Lundi;Zone FIMU;Duree2h;Resident;Periode normale;2006
2017-06-12;Lundi;Zone FIMU;Duree2h;Touriste Etranger;Periode normale;35
2017-06-12;Lundi;Zone FIMU;Duree2h;Touriste Français;Periode normale;964
2017-06-12;Lundi;Zone FIMU;Duree3h;Resident;Periode normale;2656
2017-06-12;Lundi;Zone FIMU;Duree3h;Touriste Etranger;Periode normale;54
2017-06-12;Lundi;Zone FIMU;Duree3h;Touriste Français;Periode normale;1631
2017-06-12;Lundi;Zone FIMU;Duree4h;Resident;Periode normale;1227
2017-06-12;Lundi;Zone FIMU;Duree4h;Touriste Etranger;Periode normale;45
2017-06-12;Lundi;Zone FIMU;Duree4h;Touriste Français;Periode normale;533
2017-06-12;Lundi;Zone FIMU;Duree5h;Resident;Periode normale;991
2017-06-12;Lundi;Zone FIMU;Duree5h;Touriste Etranger;Periode normale;27
2017-06-12;Lundi;Zone FIMU;Duree5h;Touriste Français;Periode normale;539
2017-06-12;Lundi;Zone FIMU;Duree6h;Resident;Periode normale;882
2017-06-12;Lundi;Zone FIMU;Duree6h;Touriste Etranger;Periode normale;#
2017-06-12;Lundi;Zone FIMU;Duree6h;Touriste Français;Periode normale;366
2017-06-12;Lundi;Zone FIMU;Duree7h;Resident;Periode normale;1457
2017-06-12;Lundi;Zone FIMU;Duree7h;Touriste Etranger;Periode normale;#
2017-06-12;Lundi;Zone FIMU;Duree7h;Touriste Français;Periode normale;720
2017-06-12;Lundi;Zone FIMU;Duree8h;Resident;Periode normale;1018
2017-06-12;Lundi;Zone FIMU;Duree8h;Touriste Etranger;Periode normale;#
2017-06-12;Lundi;Zone FIMU;Duree8h;Touriste Français;Periode normale;340
2017-06-12;Lundi;Zone FIMU;Duree9h;Resident;Periode normale;642
2017-06-12;Lundi;Zone FIMU;Duree9h;Touriste Etranger;Periode normale;#
2017-06-12;Lundi;Zone FIMU;Duree9h;Touriste Français;Periode normale;254
2017-06-13;Mardi;Zone FIMU;Duree10h;Resident;Periode normale;375
2017-06-13;Mardi;Zone FIMU;Duree10h;Touriste Etranger;Periode normale;27
2017-06-13;Mardi;Zone FIMU;Duree10h;Touriste Français;Periode normale;155
2017-06-13;Mardi;Zone FIMU;Duree10h-18h;Resident;Periode normale;2715
2017-06-13;Mardi;Zone FIMU;Duree10h-18h;Touriste Etranger;Periode normale;51
2017-06-13;Mardi;Zone FIMU;Duree10h-18h;Touriste Français;Periode normale;848
2017-06-13;Mardi;Zone FIMU;Duree2h;Resident;Periode normale;2260
2017-06-13;Mardi;Zone FIMU;Duree2h;Touriste Etranger;Periode normale;54
2017-06-13;Mardi;Zone FIMU;Duree2h;Touriste Français;Periode normale;1448
2017-06-13;Mardi;Zone FIMU;Duree3h;Resident;Periode normale;2806
2017-06-13;Mardi;Zone FIMU;Duree3h;Touriste Etranger;Periode normale;75
2017-06-13;Mardi;Zone FIMU;Duree3h;Touriste Français;Periode normale;2040
2017-06-13;Mardi;Zone FIMU;Duree4h;Resident;Periode normale;1758
2017-06-13;Mardi;Zone FIMU;Duree4h;Touriste Etranger;Periode normale;41
2017-06-13;Mardi;Zone FIMU;Duree4h;Touriste Français;Periode normale;755
2017-06-13;Mardi;Zone FIMU;Duree5h;Resident;Periode normale;1047
2017-06-13;Mardi;Zone FIMU;Duree5h;Touriste Etranger;Periode normale;#
2017-06-13;Mardi;Zone FIMU;Duree5h;Touriste Français;Periode normale;630
2017-06-13;Mardi;Zone FIMU;Duree6h;Resident;Periode normale;1013
2017-06-13;Mardi;Zone FIMU;Duree6h;Touriste Etranger;Periode normale;44
2017-06-13;Mardi;Zone FIMU;Duree6h;Touriste Français;Periode normale;374
2017-06-13;Mardi;Zone FIMU;Duree7h;Resident;Periode normale;1208
2017-06-13;Mardi;Zone FIMU;Duree7h;Touriste Etranger;Periode normale;77
2017-06-13;Mardi;Zone FIMU;Duree7h;Touriste Français;Periode normale;318
2017-06-13;Mardi;Zone FIMU;Duree8h;Resident;Periode normale;894
2017-06-13;Mardi;Zone FIMU;Duree8h;Touriste Etranger;Periode normale;#
2017-06-13;Mardi;Zone FIMU;Duree8h;Touriste Français;Periode normale;428
2017-06-13;Mardi;Zone FIMU;Duree9h;Resident;Periode normale;658
2017-06-13;Mardi;Zone FIMU;Duree9h;Touriste Etranger;Periode normale;#
2017-06-13;Mardi;Zone FIMU;Duree9h;Touriste Français;Periode normale;255
2017-06-14;Mercredi;Zone FIMU;Duree10h;Resident;Periode normale;354
2017-06-14;Mercredi;Zone FIMU;Duree10h;Touriste Français;Periode normale;275
2017-06-14;Mercredi;Zone FIMU;Duree10h-18h;Resident;Periode normale;2745
2017-06-14;Mercredi;Zone FIMU;Duree10h-18h;Touriste Etranger;Periode normale;29
2017-06-14;Mercredi;Zone FIMU;Duree10h-18h;Touriste Français;Periode normale;833
2017-06-14;Mercredi;Zone FIMU;Duree2h;Resident;Periode normale;2459
2017-06-14;Mercredi;Zone FIMU;Duree2h;Touriste Etranger;Periode normale;32
2017-06-14;Mercredi;Zone FIMU;Duree2h;Touriste Français;Periode normale;1261
2017-06-14;Mercredi;Zone FIMU;Duree3h;Resident;Periode normale;3366
2017-06-14;Mercredi;Zone FIMU;Duree3h;Touriste Etranger;Periode normale;91
2017-06-14;Mercredi;Zone FIMU;Duree3h;Touriste Français;Periode normale;1733
2017-06-14;Mercredi;Zone FIMU;Duree4h;Resident;Periode normale;1388
2017-06-14;Mercredi;Zone FIMU;Duree4h;Touriste Etranger;Periode normale;29
2017-06-14;Mercredi;Zone FIMU;Duree4h;Touriste Français;Periode normale;724
2017-06-14;Mercredi;Zone FIMU;Duree5h;Resident;Periode normale;1105
2017-06-14;Mercredi;Zone FIMU;Duree5h;Touriste Etranger;Periode normale;#
2017-06-14;Mercredi;Zone FIMU;Duree5h;Touriste Français;Periode normale;664
2017-06-14;Mercredi;Zone FIMU;Duree6h;Resident;Periode normale;1073
2017-06-14;Mercredi;Zone FIMU;Duree6h;Touriste Etranger;Periode normale;#
2017-06-14;Mercredi;Zone FIMU;Duree6h;Touriste Français;Periode normale;462
2017-06-14;Mercredi;Zone FIMU;Duree7h;Resident;Periode normale;1296
2017-06-14;Mercredi;Zone FIMU;Duree7h;Touriste Etranger;Periode normale;#
2017-06-14;Mercredi;Zone FIMU;Duree7h;Touriste Français;Periode normale;534
2017-06-14;Mercredi;Zone FIMU;Duree8h;Resident;Periode normale;705
2017-06-14;Mercredi;Zone FIMU;Duree8h;Touriste Etranger;Periode normale;#
2017-06-14;Mercredi;Zone FIMU;Duree8h;Touriste Français;Periode normale;198
2017-06-14;Mercredi;Zone FIMU;Duree9h;Resident;Periode normale;757
2017-06-14;Mercredi;Zone FIMU;Duree9h;Touriste Etranger;Periode normale;#
2017-06-14;Mercredi;Zone FIMU;Duree9h;Touriste Français;Periode normale;189
2017-06-15;Jeudi;Zone FIMU;Duree10h;Resident;Periode normale;535
2017-06-15;Jeudi;Zone FIMU;Duree10h;Touriste Etranger;Periode normale;#
2017-06-15;Jeudi;Zone FIMU;Duree10h;Touriste Français;Periode normale;152
2017-06-15;Jeudi;Zone FIMU;Duree10h-18h;Resident;Periode normale;2457
2017-06-15;Jeudi;Zone FIMU;Duree10h-18h;Touriste Etranger;Periode normale;38
2017-06-15;Jeudi;Zone FIMU;Duree10h-18h;Touriste Français;Periode normale;773
2017-06-15;Jeudi;Zone FIMU;Duree2h;Resident;Periode normale;2348
2017-06-15;Jeudi;Zone FIMU;Duree2h;Touriste Etranger;Periode normale;45
2017-06-15;Jeudi;Zone FIMU;Duree2h;Touriste Français;Periode normale;1378
2017-06-15;Jeudi;Zone FIMU;Duree3h;Resident;Periode normale;3127
2017-06-15;Jeudi;Zone FIMU;Duree3h;Touriste Etranger;Periode normale;87
2017-06-15;Jeudi;Zone FIMU;Duree3h;Touriste Français;Periode normale;1454
2017-06-15;Jeudi;Zone FIMU;Duree4h;Resident;Periode normale;1631
2017-06-15;Jeudi;Zone FIMU;Duree4h;Touriste Etranger;Periode normale;35
2017-06-15;Jeudi;Zone FIMU;Duree4h;Touriste Français;Periode normale;666
2017-06-15;Jeudi;Zone FIMU;Duree5h;Resident;Periode normale;1054
2017-06-15;Jeudi;Zone FIMU;Duree5h;Touriste Etranger;Periode normale;#
2017-06-15;Jeudi;Zone FIMU;Duree5h;Touriste Français;Periode normale;518
2017-06-15;Jeudi;Zone FIMU;Duree6h;Resident;Periode normale;833
2017-06-15;Jeudi;Zone FIMU;Duree6h;Touriste Etranger;Periode normale;#
2017-06-15;Jeudi;Zone FIMU;Duree6h;Touriste Français;Periode normale;477
2017-06-15;Jeudi;Zone FIMU;Duree7h;Resident;Periode normale;1629
2017-06-15;Jeudi;Zone FIMU;Duree7h;Touriste Etranger;Periode normale;#
2017-06-15;Jeudi;Zone FIMU;Duree7h;Touriste Français;Periode normale;475
2017-06-15;Jeudi;Zone FIMU;Duree8h;Resident;Periode normale;723
2017-06-15;Jeudi;Zone FIMU;Duree8h;Touriste Etranger;Periode normale;#
2017-06-15;Jeudi;Zone FIMU;Duree8h;Touriste Français;Periode normale;384
2017-06-15;Jeudi;Zone FIMU;Duree9h;Resident;Periode normale;529
2017-06-15;Jeudi;Zone FIMU;Duree9h;Touriste Etranger;Periode normale;#
2017-06-15;Jeudi;Zone FIMU;Duree9h;Touriste Français;Periode normale;271
2017-06-16;Vendredi;Zone FIMU;Duree10h;Resident;Periode normale;590
2017-06-16;Vendredi;Zone FIMU;Duree10h;Touriste Etranger;Periode normale;#
2017-06-16;Vendredi;Zone FIMU;Duree10h;Touriste Français;Periode normale;146
2017-06-16;Vendredi;Zone FIMU;Duree10h-18h;Resident;Periode normale;2665
2017-06-16;Vendredi;Zone FIMU;Duree10h-18h;Touriste Etranger;Periode normale;33
2017-06-16;Vendredi;Zone FIMU;Duree10h-18h;Touriste Français;Periode normale;656
2017-06-16;Vendredi;Zone FIMU;Duree2h;Resident;Periode normale;2896
2017-06-16;Vendredi;Zone FIMU;Duree2h;Touriste Etranger;Periode normale;278
2017-06-16;Vendredi;Zone FIMU;Duree2h;Touriste Français;Periode normale;1369
2017-06-16;Vendredi;Zone FIMU;Duree3h;Resident;Periode normale;3008
2017-06-16;Vendredi;Zone FIMU;Duree3h;Touriste Etranger;Periode normale;101
2017-06-16;Vendredi;Zone FIMU;Duree3h;Touriste Français;Periode normale;1760
2017-06-16;Vendredi;Zone FIMU;Duree4h;Resident;Periode normale;1981
2017-06-16;Vendredi;Zone FIMU;Duree4h;Touriste Etranger;Periode normale;128
2017-06-16;Vendredi;Zone FIMU;Duree4h;Touriste Français;Periode normale;659
2017-06-16;Vendredi;Zone FIMU;Duree5h;Resident;Periode normale;1115
2017-06-16;Vendredi;Zone FIMU;Duree5h;Touriste Etranger;Periode normale;99
2017-06-16;Vendredi;Zone FIMU;Duree5h;Touriste Français;Periode normale;383
2017-06-16;Vendredi;Zone FIMU;Duree6h;Resident;Periode normale;1261
2017-06-16;Vendredi;Zone FIMU;Duree6h;Touriste Etranger;Periode normale;95
2017-06-16;Vendredi;Zone FIMU;Duree6h;Touriste Français;Periode normale;415
2017-06-16;Vendredi;Zone FIMU;Duree7h;Resident;Periode normale;1356
2017-06-16;Vendredi;Zone FIMU;Duree7h;Touriste Etranger;Periode normale;79
2017-06-16;Vendredi;Zone FIMU;Duree7h;Touriste Français;Periode normale;451
2017-06-16;Vendredi;Zone FIMU;Duree8h;Resident;Periode normale;691
2017-06-16;Vendredi;Zone FIMU;Duree8h;Touriste Etranger;Periode normale;#
2017-06-16;Vendredi;Zone FIMU;Duree8h;Touriste Français;Periode normale;293
2017-06-16;Vendredi;Zone FIMU;Duree9h;Resident;Periode normale;755
2017-06-16;Vendredi;Zone FIMU;Duree9h;Touriste Etranger;Periode normale;25
2017-06-16;Vendredi;Zone FIMU;Duree9h;Touriste Français;Periode normale;235
2017-06-17;Samedi;Zone FIMU;Duree10h;Resident;Periode normale;419
2017-06-17;Samedi;Zone FIMU;Duree10h;Touriste Etranger;Periode normale;#
2017-06-17;Samedi;Zone FIMU;Duree10h;Touriste Français;Periode normale;83
2017-06-17;Samedi;Zone FIMU;Duree10h-18h;Resident;Periode normale;2618
2017-06-17;Samedi;Zone FIMU;Duree10h-18h;Touriste Etranger;Periode normale;47
2017-06-17;Samedi;Zone FIMU;Duree10h-18h;Touriste Français;Periode normale;872
2017-06-17;Samedi;Zone FIMU;Duree2h;Resident;Periode normale;1816
2017-06-17;Samedi;Zone FIMU;Duree2h;Touriste Etranger;Periode normale;41
2017-06-17;Samedi;Zone FIMU;Duree2h;Touriste Français;Periode normale;1089
2017-06-17;Samedi;Zone FIMU;Duree3h;Resident;Periode normale;3097
2017-06-17;Samedi;Zone FIMU;Duree3h;Touriste Etranger;Periode normale;110
2017-06-17;Samedi;Zone FIMU;Duree3h;Touriste Français;Periode normale;1314
2017-06-17;Samedi;Zone FIMU;Duree4h;Resident;Periode normale;1005
2017-06-17;Samedi;Zone FIMU;Duree4h;Touriste Etranger;Periode normale;#
2017-06-17;Samedi;Zone FIMU;Duree4h;Touriste Français;Periode normale;823
2017-06-17;Samedi;Zone FIMU;Duree5h;Resident;Periode normale;896
2017-06-17;Samedi;Zone FIMU;Duree5h;Touriste Etranger;Periode normale;28
2017-06-17;Samedi;Zone FIMU;Duree5h;Touriste Français;Periode normale;370
2017-06-17;Samedi;Zone FIMU;Duree6h;Resident;Periode normale;520
2017-06-17;Samedi;Zone FIMU;Duree6h;Touriste Etranger;Periode normale;#
2017-06-17;Samedi;Zone FIMU;Duree6h;Touriste Français;Periode normale;376
2017-06-17;Samedi;Zone FIMU;Duree7h;Resident;Periode normale;974
2017-06-17;Samedi;Zone FIMU;Duree7h;Touriste Etranger;Periode normale;22
2017-06-17;Samedi;Zone FIMU;Duree7h;Touriste Français;Periode normale;389
2017-06-17;Samedi;Zone FIMU;Duree8h;Resident;Periode normale;480
2017-06-17;Samedi;Zone FIMU;Duree8h;Touriste Etranger;Periode normale;#
2017-06-17;Samedi;Zone FIMU;Duree8h;Touriste Français;Periode normale;327
2017-06-17;Samedi;Zone FIMU;Duree9h;Resident;Periode normale;518
2017-06-17;Samedi;Zone FIMU;Duree9h;Touriste Etranger;Periode normale;#
2017-06-17;Samedi;Zone FIMU;Duree9h;Touriste Français;Periode normale;193
2017-06-18;Dimanche;Zone FIMU;Duree10h;Resident;Periode normale;306
2017-06-18;Dimanche;Zone FIMU;Duree10h;Touriste Etranger;Periode normale;#
2017-06-18;Dimanche;Zone FIMU;Duree10h;Touriste Français;Periode normale;87
2017-06-18;Dimanche;Zone FIMU;Duree10h-18h;Resident;Periode normale;2688
2017-06-18;Dimanche;Zone FIMU;Duree10h-18h;Touriste Etranger;Periode normale;224
2017-06-18;Dimanche;Zone FIMU;Duree10h-18h;Touriste Français;Periode normale;596
2017-06-18;Dimanche;Zone FIMU;Duree2h;Resident;Periode normale;1177
2017-06-18;Dimanche;Zone FIMU;Duree2h;Touriste Etranger;Periode normale;79
2017-06-18;Dimanche;Zone FIMU;Duree2h;Touriste Français;Periode normale;442
2017-06-18;Dimanche;Zone FIMU;Duree3h;Resident;Periode normale;2110
2017-06-18;Dimanche;Zone FIMU;Duree3h;Touriste Etranger;Periode normale;142
2017-06-18;Dimanche;Zone FIMU;Duree3h;Touriste Français;Periode normale;813
2017-06-18;Dimanche;Zone FIMU;Duree4h;Resident;Periode normale;920
2017-06-18;Dimanche;Zone FIMU;Duree4h;Touriste Etranger;Periode normale;38
2017-06-18;Dimanche;Zone FIMU;Duree4h;Touriste Français;Periode normale;202
2017-06-18;Dimanche;Zone FIMU;Duree5h;Resident;Periode normale;555
2017-06-18;Dimanche;Zone FIMU;Duree5h;Touriste Etranger;Periode normale;#
2017-06-18;Dimanche;Zone FIMU;Duree5h;Touriste Français;Periode normale;273
2017-06-18;Dimanche;Zone FIMU;Duree6h;Resident;Periode normale;519
2017-06-18;Dimanche;Zone FIMU;Duree6h;Touriste Etranger;Periode normale;#
2017-06-18;Dimanche;Zone FIMU;Duree6h;Touriste Français;Periode normale;74
2017-06-18;Dimanche;Zone FIMU;Duree7h;Resident;Periode normale;593
2017-06-18;Dimanche;Zone FIMU;Duree7h;Touriste Etranger;Periode normale;49
2017-06-18;Dimanche;Zone FIMU;Duree7h;Touriste Français;Periode normale;241
2017-06-18;Dimanche;Zone FIMU;Duree8h;Resident;Periode normale;371
2017-06-18;Dimanche;Zone FIMU;Duree8h;Touriste Etranger;Periode normale;#
2017-06-18;Dimanche;Zone FIMU;Duree8h;Touriste Français;Periode normale;177
2017-06-18;Dimanche;Zone FIMU;Duree9h;Resident;Periode normale;294
2017-06-18;Dimanche;Zone FIMU;Duree9h;Touriste Etranger;Periode normale;#
2017-06-18;Dimanche;Zone FIMU;Duree9h;Touriste Français;Periode normale;48
2017-06-19;Lundi;Zone FIMU;Duree10h;Resident;Periode normale;402
2017-06-19;Lundi;Zone FIMU;Duree10h;Touriste Etranger;Periode normale;24
2017-06-19;Lundi;Zone FIMU;Duree10h;Touriste Français;Periode normale;70
2017-06-19;Lundi;Zone FIMU;Duree10h-18h;Resident;Periode normale;2617
2017-06-19;Lundi;Zone FIMU;Duree10h-18h;Touriste Etranger;Periode normale;47
2017-06-19;Lundi;Zone FIMU;Duree10h-18h;Touriste Français;Periode normale;698
2017-06-19;Lundi;Zone FIMU;Duree2h;Resident;Periode normale;1719
2017-06-19;Lundi;Zone FIMU;Duree2h;Touriste Etranger;Periode normale;21
2017-06-19;Lundi;Zone FIMU;Duree2h;Touriste Français;Periode normale;1196
2017-06-19;Lundi;Zone FIMU;Duree3h;Resident;Periode normale;2672
2017-06-19;Lundi;Zone FIMU;Duree3h;Touriste Etranger;Periode normale;62
2017-06-19;Lundi;Zone FIMU;Duree3h;Touriste Français;Periode normale;1505
2017-06-19;Lundi;Zone FIMU;Duree4h;Resident;Periode normale;1214
2017-06-19;Lundi;Zone FIMU;Duree4h;Touriste Etranger;Periode normale;32
2017-06-19;Lundi;Zone FIMU;Duree4h;Touriste Français;Periode normale;722
2017-06-19;Lundi;Zone FIMU;Duree5h;Resident;Periode normale;904
2017-06-19;Lundi;Zone FIMU;Duree5h;Touriste Etranger;Periode normale;#
2017-06-19;Lundi;Zone FIMU;Duree5h;Touriste Français;Periode normale;523
2017-06-19;Lundi;Zone FIMU;Duree6h;Resident;Periode normale;1073
2017-06-19;Lundi;Zone FIMU;Duree6h;Touriste Etranger;Periode normale;57
2017-06-19;Lundi;Zone FIMU;Duree6h;Touriste Français;Periode normale;259
2017-06-19;Lundi;Zone FIMU;Duree7h;Resident;Periode normale;1012
2017-06-19;Lundi;Zone FIMU;Duree7h;Touriste Etranger;Periode normale;#
2017-06-19;Lundi;Zone FIMU;Duree7h;Touriste Français;Periode normale;450
2017-06-19;Lundi;Zone FIMU;Duree8h;Resident;Periode normale;622
2017-06-19;Lundi;Zone FIMU;Duree8h;Touriste Français;Periode normale;320
2017-06-19;Lundi;Zone FIMU;Duree9h;Resident;Periode normale;543
2017-06-19;Lundi;Zone FIMU;Duree9h;Touriste Etranger;Periode normale;#
2017-06-19;Lundi;Zone FIMU;Duree9h;Touriste Français;Periode normale;262
2017-06-20;Mardi;Zone FIMU;Duree10h;Resident;Periode normale;588
2017-06-20;Mardi;Zone FIMU;Duree10h;Touriste Etranger;Periode normale;29
2017-06-20;Mardi;Zone FIMU;Duree10h;Touriste Français;Periode normale;154
2017-06-20;Mardi;Zone FIMU;Duree10h-18h;Resident;Periode normale;2461
2017-06-20;Mardi;Zone FIMU;Duree10h-18h;Touriste Etranger;Periode normale;35
2017-06-20;Mardi;Zone FIMU;Duree10h-18h;Touriste Français;Periode normale;748
2017-06-20;Mardi;Zone FIMU;Duree2h;Resident;Periode normale;2017
2017-06-20;Mardi;Zone FIMU;Duree2h;Touriste Etranger;Periode normale;36
2017-06-20;Mardi;Zone FIMU;Duree2h;Touriste Français;Periode normale;1434
2017-06-20;Mardi;Zone FIMU;Duree3h;Resident;Periode normale;3015
2017-06-20;Mardi;Zone FIMU;Duree3h;Touriste Etranger;Periode normale;67
2017-06-20;Mardi;Zone FIMU;Duree3h;Touriste Français;Periode normale;1455
2017-06-20;Mardi;Zone FIMU;Duree4h;Resident;Periode normale;1461
2017-06-20;Mardi;Zone FIMU;Duree4h;Touriste Etranger;Periode normale;41
2017-06-20;Mardi;Zone FIMU;Duree4h;Touriste Français;Periode normale;850
2017-06-20;Mardi;Zone FIMU;Duree5h;Resident;Periode normale;1003
2017-06-20;Mardi;Zone FIMU;Duree5h;Touriste Etranger;Periode normale;85
2017-06-20;Mardi;Zone FIMU;Duree5h;Touriste Français;Periode normale;488
2017-06-20;Mardi;Zone FIMU;Duree6h;Resident;Periode normale;638
2017-06-20;Mardi;Zone FIMU;Duree6h;Touriste Français;Periode normale;477
2017-06-20;Mardi;Zone FIMU;Duree7h;Resident;Periode normale;1192
2017-06-20;Mardi;Zone FIMU;Duree7h;Touriste Etranger;Periode normale;66
2017-06-20;Mardi;Zone FIMU;Duree7h;Touriste Français;Periode normale;460
2017-06-20;Mardi;Zone FIMU;Duree8h;Resident;Periode normale;865
2017-06-20;Mardi;Zone FIMU;Duree8h;Touriste Etranger;Periode normale;53
2017-06-20;Mardi;Zone FIMU;Duree8h;Touriste Français;Periode normale;342
2017-06-20;Mardi;Zone FIMU;Duree9h;Resident;Periode normale;607
2017-06-20;Mardi;Zone FIMU;Duree9h;Touriste Etranger;Periode normale;#
2017-06-20;Mardi;Zone FIMU;Duree9h;Touriste Français;Periode normale;172
2017-06-21;Mercredi;Zone FIMU;Duree10h;Resident;Periode normale;616
2017-06-21;Mercredi;Zone FIMU;Duree10h;Touriste Etranger;Periode normale;#
2017-06-21;Mercredi;Zone FIMU;Duree10h;Touriste Français;Periode normale;208
2017-06-21;Mercredi;Zone FIMU;Duree10h-18h;Resident;Periode normale;2631
2017-06-21;Mercredi;Zone FIMU;Duree10h-18h;Touriste Etranger;Periode normale;45
2017-06-21;Mercredi;Zone FIMU;Duree10h-18h;Touriste Français;Periode normale;678
2017-06-21;Mercredi;Zone FIMU;Duree2h;Resident;Periode normale;2348
2017-06-21;Mercredi;Zone FIMU;Duree2h;Touriste Etranger;Periode normale;#
2017-06-21;Mercredi;Zone FIMU;Duree2h;Touriste Français;Periode normale;1677
2017-06-21;Mercredi;Zone FIMU;Duree3h;Resident;Periode normale;3358
2017-06-21;Mercredi;Zone FIMU;Duree3h;Touriste Etranger;Periode normale;57
2017-06-21;Mercredi;Zone FIMU;Duree3h;Touriste Français;Periode normale;1869
2017-06-21;Mercredi;Zone FIMU;Duree4h;Resident;Periode normale;1612
2017-06-21;Mercredi;Zone FIMU;Duree4h;Touriste Etranger;Periode normale;25
2017-06-21;Mercredi;Zone FIMU;Duree4h;Touriste Français;Periode normale;754
2017-06-21;Mercredi;Zone FIMU;Duree5h;Resident;Periode normale;1229
2017-06-21;Mercredi;Zone FIMU;Duree5h;Touriste Etranger;Periode normale;#
2017-06-21;Mercredi;Zone FIMU;Duree5h;Touriste Français;Periode normale;520
2017-06-21;Mercredi;Zone FIMU;Duree6h;Resident;Periode normale;919
2017-06-21;Mercredi;Zone FIMU;Duree6h;Touriste Etranger;Periode normale;#
2017-06-21;Mercredi;Zone FIMU;Duree6h;Touriste Français;Periode normale;474
2017-06-21;Mercredi;Zone FIMU;Duree7h;Resident;Periode normale;1186
2017-06-21;Mercredi;Zone FIMU;Duree7h;Touriste Etranger;Periode normale;26
2017-06-21;Mercredi;Zone FIMU;Duree7h;Touriste Français;Periode normale;521
2017-06-21;Mercredi;Zone FIMU;Duree8h;Resident;Periode normale;549
2017-06-21;Mercredi;Zone FIMU;Duree8h;Touriste Etranger;Periode normale;#
2017-06-21;Mercredi;Zone FIMU;Duree8h;Touriste Français;Periode normale;338
2017-06-21;Mercredi;Zone FIMU;Duree9h;Resident;Periode normale;674
2017-06-21;Mercredi;Zone FIMU;Duree9h;Touriste Français;Periode normale;167
2017-06-22;Jeudi;Zone FIMU;Duree10h;Resident;Periode normale;398
2017-06-22;Jeudi;Zone FIMU;Duree10h;Touriste Etranger;Periode normale;#
2017-06-22;Jeudi;Zone FIMU;Duree10h;Touriste Français;Periode normale;#
2017-06-22;Jeudi;Zone FIMU;Duree10h-18h;Resident;Periode normale;2170
2017-06-22;Jeudi;Zone FIMU;Duree10h-18h;Touriste Etranger;Periode normale;36
2017-06-22;Jeudi;Zone FIMU;Duree10h-18h;Touriste Français;Periode normale;655
2017-06-22;Jeudi;Zone FIMU;Duree2h;Resident;Periode normale;2204
2017-06-22;Jeudi;Zone FIMU;Duree2h;Touriste Etranger;Periode normale;150
2017-06-22;Jeudi;Zone FIMU;Duree2h;Touriste Français;Periode normale;687
2017-06-22;Jeudi;Zone FIMU;Duree3h;Resident;Periode normale;2402
2017-06-22;Jeudi;Zone FIMU;Duree3h;Touriste Etranger;Periode normale;84
2017-06-22;Jeudi;Zone FIMU;Duree3h;Touriste Français;Periode normale;1824
2017-06-22;Jeudi;Zone FIMU;Duree4h;Resident;Periode normale;1328
2017-06-22;Jeudi;Zone FIMU;Duree4h;Touriste Etranger;Periode normale;118
2017-06-22;Jeudi;Zone FIMU;Duree4h;Touriste Français;Periode normale;534
2017-06-22;Jeudi;Zone FIMU;Duree5h;Resident;Periode normale;1142
2017-06-22;Jeudi;Zone FIMU;Duree5h;Touriste Etranger;Periode normale;81
2017-06-22;Jeudi;Zone FIMU;Duree5h;Touriste Français;Periode normale;413
2017-06-22;Jeudi;Zone FIMU;Duree6h;Resident;Periode normale;1119
2017-06-22;Jeudi;Zone FIMU;Duree6h;Touriste Etranger;Periode normale;89
2017-06-22;Jeudi;Zone FIMU;Duree6h;Touriste Français;Periode normale;249
2017-06-22;Jeudi;Zone FIMU;Duree7h;Resident;Periode normale;1008
2017-06-22;Jeudi;Zone FIMU;Duree7h;Touriste Etranger;Periode normale;#
2017-06-22;Jeudi;Zone FIMU;Duree7h;Touriste Français;Periode normale;588
2017-06-22;Jeudi;Zone FIMU;Duree8h;Resident;Periode normale;822
2017-06-22;Jeudi;Zone FIMU;Duree8h;Touriste Etranger;Periode normale;21
2017-06-22;Jeudi;Zone FIMU;Duree8h;Touriste Français;Periode normale;234
2017-06-22;Jeudi;Zone FIMU;Duree9h;Resident;Periode normale;794
2017-06-22;Jeudi;Zone FIMU;Duree9h;Touriste Etranger;Periode normale;39
2017-06-22;Jeudi;Zone FIMU;Duree9h;Touriste Français;Periode normale;296
2017-06-23;Vendredi;Zone FIMU;Duree10h;Resident;Periode normale;#
2017-06-23;Vendredi;Zone FIMU;Duree10h;Touriste Français;Periode normale;#
2017-06-23;Vendredi;Zone FIMU;Duree2h;Resident;Periode normale;1191
2017-06-23;Vendredi;Zone FIMU;Duree2h;Touriste Etranger;Periode normale;#
2017-06-23;Vendredi;Zone FIMU;Duree2h;Touriste Français;Periode normale;1038
2017-06-23;Vendredi;Zone FIMU;Duree3h;Resident;Periode normale;2438
2017-06-23;Vendredi;Zone FIMU;Duree3h;Touriste Etranger;Periode normale;64
2017-06-23;Vendredi;Zone FIMU;Duree3h;Touriste Français;Periode normale;1575
2017-06-23;Vendredi;Zone FIMU;Duree4h;Resident;Periode normale;1395
2017-06-23;Vendredi;Zone FIMU;Duree4h;Touriste Etranger;Periode normale;26
2017-06-23;Vendredi;Zone FIMU;Duree4h;Touriste Français;Periode normale;572
2017-06-23;Vendredi;Zone FIMU;Duree5h;Resident;Periode normale;818
2017-06-23;Vendredi;Zone FIMU;Duree5h;Touriste Etranger;Periode normale;#
2017-06-23;Vendredi;Zone FIMU;Duree5h;Touriste Français;Periode normale;446
2017-06-23;Vendredi;Zone FIMU;Duree6h;Resident;Periode normale;771
2017-06-23;Vendredi;Zone FIMU;Duree6h;Touriste Etranger;Periode normale;#
2017-06-23;Vendredi;Zone FIMU;Duree6h;Touriste Français;Periode normale;299
2017-06-23;Vendredi;Zone FIMU;Duree7h;Resident;Periode normale;1688
2017-06-23;Vendredi;Zone FIMU;Duree7h;Touriste Etranger;Periode normale;#
2017-06-23;Vendredi;Zone FIMU;Duree7h;Touriste Français;Periode normale;458
2017-06-23;Vendredi;Zone FIMU;Duree8h;Resident;Periode normale;913
2017-06-23;Vendredi;Zone FIMU;Duree8h;Touriste Etranger;Periode normale;26
2017-06-23;Vendredi;Zone FIMU;Duree8h;Touriste Français;Periode normale;404
2017-06-23;Vendredi;Zone FIMU;Duree9h;Resident;Periode normale;1002
2017-06-23;Vendredi;Zone FIMU;Duree9h;Touriste Etranger;Periode normale;22
2017-06-23;Vendredi;Zone FIMU;Duree9h;Touriste Français;Periode normale;524
