Date;JourDeLaSemaine;ZoneAnalyse;Age;CategorieVisiteurs;TypeDeVisite;TypeDeJour;Volume
2017-05-10;Mercredi;Zone FIMU;18-24;Resident;Excursionniste;Periode normale;155
2017-05-10;Mercredi;Zone FIMU;18-24;Resident;Visiteur;Periode normale;1386
2017-05-10;Mercredi;Zone FIMU;18-24;Touriste Français;Excursionniste;Periode normale;126
2017-05-10;Mercredi;Zone FIMU;18-24;Touriste Français;Visiteur;Periode normale;873
2017-05-10;Mercredi;Zone FIMU;25-34;Resident;Excursionniste;Periode normale;145
2017-05-10;Mercredi;Zone FIMU;25-34;Resident;Visiteur;Periode normale;1614
2017-05-10;Mercredi;Zone FIMU;25-34;Touriste Français;Excursionniste;Periode normale;171
2017-05-10;Mercredi;Zone FIMU;25-34;Touriste Français;Visiteur;Periode normale;1044
2017-05-10;Mercredi;Zone FIMU;35-44;Resident;Excursionniste;Periode normale;211
2017-05-10;Mercredi;Zone FIMU;35-44;Resident;Visiteur;Periode normale;1994
2017-05-10;Mercredi;Zone FIMU;35-44;Touriste Français;Excursionniste;Periode normale;126
2017-05-10;Mercredi;Zone FIMU;35-44;Touriste Français;Visiteur;Periode normale;1064
2017-05-10;Mercredi;Zone FIMU;45-54;Resident;Excursionniste;Periode normale;233
2017-05-10;Mercredi;Zone FIMU;45-54;Resident;Visiteur;Periode normale;2012
2017-05-10;Mercredi;Zone FIMU;45-54;Touriste Français;Excursionniste;Periode normale;178
2017-05-10;Mercredi;Zone FIMU;45-54;Touriste Français;Visiteur;Periode normale;1202
2017-05-10;Mercredi;Zone FIMU;55-64;Resident;Excursionniste;Periode normale;201
2017-05-10;Mercredi;Zone FIMU;55-64;Resident;Visiteur;Periode normale;2037
2017-05-10;Mercredi;Zone FIMU;55-64;Touriste Français;Excursionniste;Periode normale;174
2017-05-10;Mercredi;Zone FIMU;55-64;Touriste Français;Visiteur;Periode normale;1096
2017-05-10;Mercredi;Zone FIMU;<18;Resident;Excursionniste;Periode normale;318
2017-05-10;Mercredi;Zone FIMU;<18;Resident;Visiteur;Periode normale;2945
2017-05-10;Mercredi;Zone FIMU;<18;Touriste Français;Excursionniste;Periode normale;231
2017-05-10;Mercredi;Zone FIMU;<18;Touriste Français;Visiteur;Periode normale;1565
2017-05-10;Mercredi;Zone FIMU;>65;Resident;Excursionniste;Periode normale;331
2017-05-10;Mercredi;Zone FIMU;>65;Resident;Visiteur;Periode normale;2751
2017-05-10;Mercredi;Zone FIMU;>65;Touriste Français;Excursionniste;Periode normale;190
2017-05-10;Mercredi;Zone FIMU;>65;Touriste Français;Visiteur;Periode normale;1158
2017-05-11;Jeudi;Zone FIMU;18-24;Resident;Excursionniste;Periode normale;151
2017-05-11;Jeudi;Zone FIMU;18-24;Resident;Visiteur;Periode normale;1514
2017-05-11;Jeudi;Zone FIMU;18-24;Touriste Français;Excursionniste;Periode normale;105
2017-05-11;Jeudi;Zone FIMU;18-24;Touriste Français;Visiteur;Periode normale;864
2017-05-11;Jeudi;Zone FIMU;25-34;Resident;Excursionniste;Periode normale;154
2017-05-11;Jeudi;Zone FIMU;25-34;Resident;Visiteur;Periode normale;1723
2017-05-11;Jeudi;Zone FIMU;25-34;Touriste Français;Excursionniste;Periode normale;157
2017-05-11;Jeudi;Zone FIMU;25-34;Touriste Français;Visiteur;Periode normale;1061
2017-05-11;Jeudi;Zone FIMU;35-44;Resident;Excursionniste;Periode normale;197
2017-05-11;Jeudi;Zone FIMU;35-44;Resident;Visiteur;Periode normale;2104
2017-05-11;Jeudi;Zone FIMU;35-44;Touriste Français;Excursionniste;Periode normale;183
2017-05-11;Jeudi;Zone FIMU;35-44;Touriste Français;Visiteur;Periode normale;1164
2017-05-11;Jeudi;Zone FIMU;45-54;Resident;Excursionniste;Periode normale;246
2017-05-11;Jeudi;Zone FIMU;45-54;Resident;Visiteur;Periode normale;2327
2017-05-11;Jeudi;Zone FIMU;45-54;Touriste Français;Excursionniste;Periode normale;158
2017-05-11;Jeudi;Zone FIMU;45-54;Touriste Français;Visiteur;Periode normale;1133
2017-05-11;Jeudi;Zone FIMU;55-64;Resident;Excursionniste;Periode normale;244
2017-05-11;Jeudi;Zone FIMU;55-64;Resident;Visiteur;Periode normale;2052
2017-05-11;Jeudi;Zone FIMU;55-64;Touriste Français;Excursionniste;Periode normale;139
2017-05-11;Jeudi;Zone FIMU;55-64;Touriste Français;Visiteur;Periode normale;1094
2017-05-11;Jeudi;Zone FIMU;<18;Resident;Excursionniste;Periode normale;337
2017-05-11;Jeudi;Zone FIMU;<18;Resident;Visiteur;Periode normale;3103
2017-05-11;Jeudi;Zone FIMU;<18;Touriste Français;Excursionniste;Periode normale;223
2017-05-11;Jeudi;Zone FIMU;<18;Touriste Français;Visiteur;Periode normale;1566
2017-05-11;Jeudi;Zone FIMU;>65;Resident;Excursionniste;Periode normale;361
2017-05-11;Jeudi;Zone FIMU;>65;Resident;Visiteur;Periode normale;2718
2017-05-11;Jeudi;Zone FIMU;>65;Touriste Français;Excursionniste;Periode normale;174
2017-05-11;Jeudi;Zone FIMU;>65;Touriste Français;Visiteur;Periode normale;1097
2017-05-12;Vendredi;Zone FIMU;18-24;Resident;Excursionniste;Periode normale;205
2017-05-12;Vendredi;Zone FIMU;18-24;Resident;Visiteur;Periode normale;1567
2017-05-12;Vendredi;Zone FIMU;18-24;Touriste Français;Excursionniste;Periode normale;156
2017-05-12;Vendredi;Zone FIMU;18-24;Touriste Français;Visiteur;Periode normale;866
2017-05-12;Vendredi;Zone FIMU;25-34;Resident;Excursionniste;Periode normale;227
2017-05-12;Vendredi;Zone FIMU;25-34;Resident;Visiteur;Periode normale;1727
2017-05-12;Vendredi;Zone FIMU;25-34;Touriste Français;Excursionniste;Periode normale;228
2017-05-12;Vendredi;Zone FIMU;25-34;Touriste Français;Visiteur;Periode normale;994
2017-05-12;Vendredi;Zone FIMU;35-44;Resident;Excursionniste;Periode normale;304
2017-05-12;Vendredi;Zone FIMU;35-44;Resident;Visiteur;Periode normale;2263
2017-05-12;Vendredi;Zone FIMU;35-44;Touriste Français;Excursionniste;Periode normale;237
2017-05-12;Vendredi;Zone FIMU;35-44;Touriste Français;Visiteur;Periode normale;1156
2017-05-12;Vendredi;Zone FIMU;45-54;Resident;Excursionniste;Periode normale;290
2017-05-12;Vendredi;Zone FIMU;45-54;Resident;Visiteur;Periode normale;2347
2017-05-12;Vendredi;Zone FIMU;45-54;Touriste Français;Excursionniste;Periode normale;234
2017-05-12;Vendredi;Zone FIMU;45-54;Touriste Français;Visiteur;Periode normale;1140
2017-05-12;Vendredi;Zone FIMU;55-64;Resident;Excursionniste;Periode normale;300
2017-05-12;Vendredi;Zone FIMU;55-64;Resident;Visiteur;Periode normale;2155
2017-05-12;Vendredi;Zone FIMU;55-64;Touriste Français;Excursionniste;Periode normale;233
2017-05-12;Vendredi;Zone FIMU;55-64;Touriste Français;Visiteur;Periode normale;1149
2017-05-12;Vendredi;Zone FIMU;<18;Resident;Excursionniste;Periode normale;455
2017-05-12;Vendredi;Zone FIMU;<18;Resident;Visiteur;Periode normale;3270
2017-05-12;Vendredi;Zone FIMU;<18;Touriste Français;Excursionniste;Periode normale;323
2017-05-12;Vendredi;Zone FIMU;<18;Touriste Français;Visiteur;Periode normale;1550
2017-05-12;Vendredi;Zone FIMU;>65;Resident;Excursionniste;Periode normale;499
2017-05-12;Vendredi;Zone FIMU;>65;Resident;Visiteur;Periode normale;3052
2017-05-12;Vendredi;Zone FIMU;>65;Touriste Français;Excursionniste;Periode normale;257
2017-05-12;Vendredi;Zone FIMU;>65;Touriste Français;Visiteur;Periode normale;1076
2017-05-14;Dimanche;Zone FIMU;18-24;Resident;Excursionniste;Periode normale;82
2017-05-14;Dimanche;Zone FIMU;18-24;Resident;Visiteur;Periode normale;918
2017-05-14;Dimanche;Zone FIMU;18-24;Touriste Français;Excursionniste;Periode normale;#
2017-05-14;Dimanche;Zone FIMU;18-24;Touriste Français;Visiteur;Periode normale;502
2017-05-14;Dimanche;Zone FIMU;25-34;Resident;Excursionniste;Periode normale;70
2017-05-14;Dimanche;Zone FIMU;25-34;Resident;Visiteur;Periode normale;1125
2017-05-14;Dimanche;Zone FIMU;25-34;Touriste Français;Excursionniste;Periode normale;28
2017-05-14;Dimanche;Zone FIMU;25-34;Touriste Français;Visiteur;Periode normale;567
2017-05-14;Dimanche;Zone FIMU;35-44;Resident;Excursionniste;Periode normale;164
2017-05-14;Dimanche;Zone FIMU;35-44;Resident;Visiteur;Periode normale;1535
2017-05-14;Dimanche;Zone FIMU;35-44;Touriste Français;Excursionniste;Periode normale;44
2017-05-14;Dimanche;Zone FIMU;35-44;Touriste Français;Visiteur;Periode normale;673
2017-05-14;Dimanche;Zone FIMU;45-54;Resident;Excursionniste;Periode normale;117
2017-05-14;Dimanche;Zone FIMU;45-54;Resident;Visiteur;Periode normale;1349
2017-05-14;Dimanche;Zone FIMU;45-54;Touriste Français;Excursionniste;Periode normale;28
2017-05-14;Dimanche;Zone FIMU;45-54;Touriste Français;Visiteur;Periode normale;676
2017-05-14;Dimanche;Zone FIMU;55-64;Resident;Excursionniste;Periode normale;109
2017-05-14;Dimanche;Zone FIMU;55-64;Resident;Visiteur;Periode normale;1219
2017-05-14;Dimanche;Zone FIMU;55-64;Touriste Français;Excursionniste;Periode normale;32
2017-05-14;Dimanche;Zone FIMU;55-64;Touriste Français;Visiteur;Periode normale;581
2017-05-14;Dimanche;Zone FIMU;<18;Resident;Excursionniste;Periode normale;180
2017-05-14;Dimanche;Zone FIMU;<18;Resident;Visiteur;Periode normale;2073
2017-05-14;Dimanche;Zone FIMU;<18;Touriste Français;Excursionniste;Periode normale;46
2017-05-14;Dimanche;Zone FIMU;<18;Touriste Français;Visiteur;Periode normale;899
2017-05-14;Dimanche;Zone FIMU;>65;Resident;Excursionniste;Periode normale;178
2017-05-14;Dimanche;Zone FIMU;>65;Resident;Visiteur;Periode normale;2137
2017-05-14;Dimanche;Zone FIMU;>65;Touriste Français;Excursionniste;Periode normale;48
2017-05-14;Dimanche;Zone FIMU;>65;Touriste Français;Visiteur;Periode normale;694
2017-05-15;Lundi;Zone FIMU;18-24;Resident;Excursionniste;Periode normale;146
2017-05-15;Lundi;Zone FIMU;18-24;Resident;Visiteur;Periode normale;1350
2017-05-15;Lundi;Zone FIMU;18-24;Touriste Français;Excursionniste;Periode normale;105
2017-05-15;Lundi;Zone FIMU;18-24;Touriste Français;Visiteur;Periode normale;828
2017-05-15;Lundi;Zone FIMU;25-34;Resident;Excursionniste;Periode normale;137
2017-05-15;Lundi;Zone FIMU;25-34;Resident;Visiteur;Periode normale;1625
2017-05-15;Lundi;Zone FIMU;25-34;Touriste Français;Excursionniste;Periode normale;144
2017-05-15;Lundi;Zone FIMU;25-34;Touriste Français;Visiteur;Periode normale;968
2017-05-15;Lundi;Zone FIMU;35-44;Resident;Excursionniste;Periode normale;240
2017-05-15;Lundi;Zone FIMU;35-44;Resident;Visiteur;Periode normale;1972
2017-05-15;Lundi;Zone FIMU;35-44;Touriste Français;Excursionniste;Periode normale;126
2017-05-15;Lundi;Zone FIMU;35-44;Touriste Français;Visiteur;Periode normale;1052
2017-05-15;Lundi;Zone FIMU;45-54;Resident;Excursionniste;Periode normale;242
2017-05-15;Lundi;Zone FIMU;45-54;Resident;Visiteur;Periode normale;2150
2017-05-15;Lundi;Zone FIMU;45-54;Touriste Français;Excursionniste;Periode normale;127
2017-05-15;Lundi;Zone FIMU;45-54;Touriste Français;Visiteur;Periode normale;1059
2017-05-15;Lundi;Zone FIMU;55-64;Resident;Excursionniste;Periode normale;202
2017-05-15;Lundi;Zone FIMU;55-64;Resident;Visiteur;Periode normale;1968
2017-05-15;Lundi;Zone FIMU;55-64;Touriste Français;Excursionniste;Periode normale;129
2017-05-15;Lundi;Zone FIMU;55-64;Touriste Français;Visiteur;Periode normale;955
2017-05-15;Lundi;Zone FIMU;<18;Resident;Excursionniste;Periode normale;304
2017-05-15;Lundi;Zone FIMU;<18;Resident;Visiteur;Periode normale;2877
2017-05-15;Lundi;Zone FIMU;<18;Touriste Français;Excursionniste;Periode normale;203
2017-05-15;Lundi;Zone FIMU;<18;Touriste Français;Visiteur;Periode normale;1430
2017-05-15;Lundi;Zone FIMU;>65;Resident;Excursionniste;Periode normale;255
2017-05-15;Lundi;Zone FIMU;>65;Resident;Visiteur;Periode normale;2481
2017-05-15;Lundi;Zone FIMU;>65;Touriste Français;Excursionniste;Periode normale;195
2017-05-15;Lundi;Zone FIMU;>65;Touriste Français;Visiteur;Periode normale;1018
2017-05-16;Mardi;Zone FIMU;18-24;Resident;Excursionniste;Periode normale;155
2017-05-16;Mardi;Zone FIMU;18-24;Resident;Visiteur;Periode normale;1468
2017-05-16;Mardi;Zone FIMU;18-24;Touriste Français;Excursionniste;Periode normale;101
2017-05-16;Mardi;Zone FIMU;18-24;Touriste Français;Visiteur;Periode normale;916
2017-05-16;Mardi;Zone FIMU;25-34;Resident;Excursionniste;Periode normale;209
2017-05-16;Mardi;Zone FIMU;25-34;Resident;Visiteur;Periode normale;1697
2017-05-16;Mardi;Zone FIMU;25-34;Touriste Français;Excursionniste;Periode normale;127
2017-05-16;Mardi;Zone FIMU;25-34;Touriste Français;Visiteur;Periode normale;999
2017-05-16;Mardi;Zone FIMU;35-44;Resident;Excursionniste;Periode normale;240
2017-05-16;Mardi;Zone FIMU;35-44;Resident;Visiteur;Periode normale;2103
2017-05-16;Mardi;Zone FIMU;35-44;Touriste Français;Excursionniste;Periode normale;132
2017-05-16;Mardi;Zone FIMU;35-44;Touriste Français;Visiteur;Periode normale;1165
2017-05-16;Mardi;Zone FIMU;45-54;Resident;Excursionniste;Periode normale;249
2017-05-16;Mardi;Zone FIMU;45-54;Resident;Visiteur;Periode normale;2342
2017-05-16;Mardi;Zone FIMU;45-54;Touriste Français;Excursionniste;Periode normale;143
2017-05-16;Mardi;Zone FIMU;45-54;Touriste Français;Visiteur;Periode normale;1185
2017-05-16;Mardi;Zone FIMU;55-64;Resident;Excursionniste;Periode normale;221
2017-05-16;Mardi;Zone FIMU;55-64;Resident;Visiteur;Periode normale;2109
2017-05-16;Mardi;Zone FIMU;55-64;Touriste Français;Excursionniste;Periode normale;157
2017-05-16;Mardi;Zone FIMU;55-64;Touriste Français;Visiteur;Periode normale;1169
2017-05-16;Mardi;Zone FIMU;<18;Resident;Excursionniste;Periode normale;344
2017-05-16;Mardi;Zone FIMU;<18;Resident;Visiteur;Periode normale;3065
2017-05-16;Mardi;Zone FIMU;<18;Touriste Français;Excursionniste;Periode normale;194
2017-05-16;Mardi;Zone FIMU;<18;Touriste Français;Visiteur;Periode normale;1573
2017-05-16;Mardi;Zone FIMU;>65;Resident;Excursionniste;Periode normale;309
2017-05-16;Mardi;Zone FIMU;>65;Resident;Visiteur;Periode normale;2587
2017-05-16;Mardi;Zone FIMU;>65;Touriste Français;Excursionniste;Periode normale;144
2017-05-16;Mardi;Zone FIMU;>65;Touriste Français;Visiteur;Periode normale;1055
2017-05-17;Mercredi;Zone FIMU;18-24;Resident;Excursionniste;Periode normale;173
2017-05-17;Mercredi;Zone FIMU;18-24;Resident;Visiteur;Periode normale;1363
2017-05-17;Mercredi;Zone FIMU;18-24;Touriste Français;Excursionniste;Periode normale;89
2017-05-17;Mercredi;Zone FIMU;18-24;Touriste Français;Visiteur;Periode normale;812
2017-05-17;Mercredi;Zone FIMU;25-34;Resident;Excursionniste;Periode normale;214
2017-05-17;Mercredi;Zone FIMU;25-34;Resident;Visiteur;Periode normale;1687
2017-05-17;Mercredi;Zone FIMU;25-34;Touriste Français;Excursionniste;Periode normale;138
2017-05-17;Mercredi;Zone FIMU;25-34;Touriste Français;Visiteur;Periode normale;987
2017-05-17;Mercredi;Zone FIMU;35-44;Resident;Excursionniste;Periode normale;227
2017-05-17;Mercredi;Zone FIMU;35-44;Resident;Visiteur;Periode normale;2119
2017-05-17;Mercredi;Zone FIMU;35-44;Touriste Français;Excursionniste;Periode normale;129
2017-05-17;Mercredi;Zone FIMU;35-44;Touriste Français;Visiteur;Periode normale;1055
2017-05-17;Mercredi;Zone FIMU;45-54;Resident;Excursionniste;Periode normale;269
2017-05-17;Mercredi;Zone FIMU;45-54;Resident;Visiteur;Periode normale;2125
2017-05-17;Mercredi;Zone FIMU;45-54;Touriste Français;Excursionniste;Periode normale;136
2017-05-17;Mercredi;Zone FIMU;45-54;Touriste Français;Visiteur;Periode normale;1084
2017-05-17;Mercredi;Zone FIMU;55-64;Resident;Excursionniste;Periode normale;250
2017-05-17;Mercredi;Zone FIMU;55-64;Resident;Visiteur;Periode normale;1961
2017-05-17;Mercredi;Zone FIMU;55-64;Touriste Français;Excursionniste;Periode normale;148
2017-05-17;Mercredi;Zone FIMU;55-64;Touriste Français;Visiteur;Periode normale;1065
2017-05-17;Mercredi;Zone FIMU;<18;Resident;Excursionniste;Periode normale;360
2017-05-17;Mercredi;Zone FIMU;<18;Resident;Visiteur;Periode normale;2928
2017-05-17;Mercredi;Zone FIMU;<18;Touriste Français;Excursionniste;Periode normale;186
2017-05-17;Mercredi;Zone FIMU;<18;Touriste Français;Visiteur;Periode normale;1479
2017-05-17;Mercredi;Zone FIMU;>65;Resident;Excursionniste;Periode normale;311
2017-05-17;Mercredi;Zone FIMU;>65;Resident;Visiteur;Periode normale;2502
2017-05-17;Mercredi;Zone FIMU;>65;Touriste Français;Excursionniste;Periode normale;127
2017-05-17;Mercredi;Zone FIMU;>65;Touriste Français;Visiteur;Periode normale;1085
2017-05-18;Jeudi;Zone FIMU;18-24;Resident;Excursionniste;Periode normale;163
2017-05-18;Jeudi;Zone FIMU;18-24;Resident;Visiteur;Periode normale;1425
2017-05-18;Jeudi;Zone FIMU;18-24;Touriste Français;Excursionniste;Periode normale;132
2017-05-18;Jeudi;Zone FIMU;18-24;Touriste Français;Visiteur;Periode normale;858
2017-05-18;Jeudi;Zone FIMU;25-34;Resident;Excursionniste;Periode normale;204
2017-05-18;Jeudi;Zone FIMU;25-34;Resident;Visiteur;Periode normale;1759
2017-05-18;Jeudi;Zone FIMU;25-34;Touriste Français;Excursionniste;Periode normale;141
2017-05-18;Jeudi;Zone FIMU;25-34;Touriste Français;Visiteur;Periode normale;1011
2017-05-18;Jeudi;Zone FIMU;35-44;Resident;Excursionniste;Periode normale;228
2017-05-18;Jeudi;Zone FIMU;35-44;Resident;Visiteur;Periode normale;2207
2017-05-18;Jeudi;Zone FIMU;35-44;Touriste Français;Excursionniste;Periode normale;175
2017-05-18;Jeudi;Zone FIMU;35-44;Touriste Français;Visiteur;Periode normale;1139
2017-05-18;Jeudi;Zone FIMU;45-54;Resident;Excursionniste;Periode normale;270
2017-05-18;Jeudi;Zone FIMU;45-54;Resident;Visiteur;Periode normale;2277
2017-05-18;Jeudi;Zone FIMU;45-54;Touriste Français;Excursionniste;Periode normale;156
2017-05-18;Jeudi;Zone FIMU;45-54;Touriste Français;Visiteur;Periode normale;1132
2017-05-18;Jeudi;Zone FIMU;55-64;Resident;Excursionniste;Periode normale;232
2017-05-18;Jeudi;Zone FIMU;55-64;Resident;Visiteur;Periode normale;1906
2017-05-18;Jeudi;Zone FIMU;55-64;Touriste Français;Excursionniste;Periode normale;154
2017-05-18;Jeudi;Zone FIMU;55-64;Touriste Français;Visiteur;Periode normale;1018
2017-05-18;Jeudi;Zone FIMU;<18;Resident;Excursionniste;Periode normale;364
2017-05-18;Jeudi;Zone FIMU;<18;Resident;Visiteur;Periode normale;3056
2017-05-18;Jeudi;Zone FIMU;<18;Touriste Français;Excursionniste;Periode normale;220
2017-05-18;Jeudi;Zone FIMU;<18;Touriste Français;Visiteur;Periode normale;1516
2017-05-18;Jeudi;Zone FIMU;>65;Resident;Excursionniste;Periode normale;362
2017-05-18;Jeudi;Zone FIMU;>65;Resident;Visiteur;Periode normale;2681
2017-05-18;Jeudi;Zone FIMU;>65;Touriste Français;Excursionniste;Periode normale;153
2017-05-18;Jeudi;Zone FIMU;>65;Touriste Français;Visiteur;Periode normale;1084
2017-05-19;Vendredi;Zone FIMU;18-24;Resident;Excursionniste;Periode normale;125
2017-05-19;Vendredi;Zone FIMU;18-24;Resident;Visiteur;Periode normale;1361
2017-05-19;Vendredi;Zone FIMU;18-24;Touriste Français;Excursionniste;Periode normale;117
2017-05-19;Vendredi;Zone FIMU;18-24;Touriste Français;Visiteur;Periode normale;837
2017-05-19;Vendredi;Zone FIMU;25-34;Resident;Excursionniste;Periode normale;145
2017-05-19;Vendredi;Zone FIMU;25-34;Resident;Visiteur;Periode normale;1698
2017-05-19;Vendredi;Zone FIMU;25-34;Touriste Français;Excursionniste;Periode normale;198
2017-05-19;Vendredi;Zone FIMU;25-34;Touriste Français;Visiteur;Periode normale;1025
2017-05-19;Vendredi;Zone FIMU;35-44;Resident;Excursionniste;Periode normale;180
2017-05-19;Vendredi;Zone FIMU;35-44;Resident;Visiteur;Periode normale;2106
2017-05-19;Vendredi;Zone FIMU;35-44;Touriste Français;Excursionniste;Periode normale;132
2017-05-19;Vendredi;Zone FIMU;35-44;Touriste Français;Visiteur;Periode normale;1019
2017-05-19;Vendredi;Zone FIMU;45-54;Resident;Excursionniste;Periode normale;250
2017-05-19;Vendredi;Zone FIMU;45-54;Resident;Visiteur;Periode normale;2158
2017-05-19;Vendredi;Zone FIMU;45-54;Touriste Français;Excursionniste;Periode normale;187
2017-05-19;Vendredi;Zone FIMU;45-54;Touriste Français;Visiteur;Periode normale;1170
2017-05-19;Vendredi;Zone FIMU;55-64;Resident;Excursionniste;Periode normale;146
2017-05-19;Vendredi;Zone FIMU;55-64;Resident;Visiteur;Periode normale;1839
2017-05-19;Vendredi;Zone FIMU;55-64;Touriste Français;Excursionniste;Periode normale;155
2017-05-19;Vendredi;Zone FIMU;55-64;Touriste Français;Visiteur;Periode normale;1028
2017-05-19;Vendredi;Zone FIMU;<18;Resident;Excursionniste;Periode normale;277
2017-05-19;Vendredi;Zone FIMU;<18;Resident;Visiteur;Periode normale;2951
2017-05-19;Vendredi;Zone FIMU;<18;Touriste Français;Excursionniste;Periode normale;239
2017-05-19;Vendredi;Zone FIMU;<18;Touriste Français;Visiteur;Periode normale;1521
2017-05-19;Vendredi;Zone FIMU;>65;Resident;Excursionniste;Periode normale;260
2017-05-19;Vendredi;Zone FIMU;>65;Resident;Visiteur;Periode normale;2621
2017-05-19;Vendredi;Zone FIMU;>65;Touriste Français;Excursionniste;Periode normale;190
2017-05-19;Vendredi;Zone FIMU;>65;Touriste Français;Visiteur;Periode normale;1158
2017-05-20;Samedi;Zone FIMU;18-24;Resident;Excursionniste;Periode normale;102
2017-05-20;Samedi;Zone FIMU;18-24;Resident;Visiteur;Periode normale;1281
2017-05-20;Samedi;Zone FIMU;18-24;Touriste Français;Excursionniste;Periode normale;69
2017-05-20;Samedi;Zone FIMU;18-24;Touriste Français;Visiteur;Periode normale;626
2017-05-20;Samedi;Zone FIMU;25-34;Resident;Excursionniste;Periode normale;126
2017-05-20;Samedi;Zone FIMU;25-34;Resident;Visiteur;Periode normale;1526
2017-05-20;Samedi;Zone FIMU;25-34;Touriste Français;Excursionniste;Periode normale;102
2017-05-20;Samedi;Zone FIMU;25-34;Touriste Français;Visiteur;Periode normale;876
2017-05-20;Samedi;Zone FIMU;35-44;Resident;Excursionniste;Periode normale;154
2017-05-20;Samedi;Zone FIMU;35-44;Resident;Visiteur;Periode normale;1854
2017-05-20;Samedi;Zone FIMU;35-44;Touriste Français;Excursionniste;Periode normale;76
2017-05-20;Samedi;Zone FIMU;35-44;Touriste Français;Visiteur;Periode normale;883
2017-05-20;Samedi;Zone FIMU;45-54;Resident;Excursionniste;Periode normale;119
2017-05-20;Samedi;Zone FIMU;45-54;Resident;Visiteur;Periode normale;1745
2017-05-20;Samedi;Zone FIMU;45-54;Touriste Français;Excursionniste;Periode normale;127
2017-05-20;Samedi;Zone FIMU;45-54;Touriste Français;Visiteur;Periode normale;889
2017-05-20;Samedi;Zone FIMU;55-64;Resident;Excursionniste;Periode normale;186
2017-05-20;Samedi;Zone FIMU;55-64;Resident;Visiteur;Periode normale;1699
2017-05-20;Samedi;Zone FIMU;55-64;Touriste Français;Excursionniste;Periode normale;114
2017-05-20;Samedi;Zone FIMU;55-64;Touriste Français;Visiteur;Periode normale;742
2017-05-20;Samedi;Zone FIMU;<18;Resident;Excursionniste;Periode normale;227
2017-05-20;Samedi;Zone FIMU;<18;Resident;Visiteur;Periode normale;2629
2017-05-20;Samedi;Zone FIMU;<18;Touriste Français;Excursionniste;Periode normale;145
2017-05-20;Samedi;Zone FIMU;<18;Touriste Français;Visiteur;Periode normale;1227
2017-05-20;Samedi;Zone FIMU;>65;Resident;Excursionniste;Periode normale;215
2017-05-20;Samedi;Zone FIMU;>65;Resident;Visiteur;Periode normale;2361
2017-05-20;Samedi;Zone FIMU;>65;Touriste Français;Excursionniste;Periode normale;113
2017-05-20;Samedi;Zone FIMU;>65;Touriste Français;Visiteur;Periode normale;991
2017-05-21;Dimanche;Zone FIMU;18-24;Resident;Excursionniste;Periode normale;95
2017-05-21;Dimanche;Zone FIMU;18-24;Resident;Visiteur;Periode normale;898
2017-05-21;Dimanche;Zone FIMU;18-24;Touriste Français;Excursionniste;Periode normale;62
2017-05-21;Dimanche;Zone FIMU;18-24;Touriste Français;Visiteur;Periode normale;479
2017-05-21;Dimanche;Zone FIMU;25-34;Resident;Excursionniste;Periode normale;93
2017-05-21;Dimanche;Zone FIMU;25-34;Resident;Visiteur;Periode normale;1166
2017-05-21;Dimanche;Zone FIMU;25-34;Touriste Français;Excursionniste;Periode normale;64
2017-05-21;Dimanche;Zone FIMU;25-34;Touriste Français;Visiteur;Periode normale;500
2017-05-21;Dimanche;Zone FIMU;35-44;Resident;Excursionniste;Periode normale;120
2017-05-21;Dimanche;Zone FIMU;35-44;Resident;Visiteur;Periode normale;1390
2017-05-21;Dimanche;Zone FIMU;35-44;Touriste Français;Excursionniste;Periode normale;49
2017-05-21;Dimanche;Zone FIMU;35-44;Touriste Français;Visiteur;Periode normale;566
2017-05-21;Dimanche;Zone FIMU;45-54;Resident;Excursionniste;Periode normale;147
2017-05-21;Dimanche;Zone FIMU;45-54;Resident;Visiteur;Periode normale;1267
2017-05-21;Dimanche;Zone FIMU;45-54;Touriste Français;Excursionniste;Periode normale;79
2017-05-21;Dimanche;Zone FIMU;45-54;Touriste Français;Visiteur;Periode normale;612
2017-05-21;Dimanche;Zone FIMU;55-64;Resident;Excursionniste;Periode normale;122
2017-05-21;Dimanche;Zone FIMU;55-64;Resident;Visiteur;Periode normale;1130
2017-05-21;Dimanche;Zone FIMU;55-64;Touriste Français;Excursionniste;Periode normale;107
2017-05-21;Dimanche;Zone FIMU;55-64;Touriste Français;Visiteur;Periode normale;616
2017-05-21;Dimanche;Zone FIMU;<18;Resident;Excursionniste;Periode normale;213
2017-05-21;Dimanche;Zone FIMU;<18;Resident;Visiteur;Periode normale;1956
2017-05-21;Dimanche;Zone FIMU;<18;Touriste Français;Excursionniste;Periode normale;105
2017-05-21;Dimanche;Zone FIMU;<18;Touriste Français;Visiteur;Periode normale;832
2017-05-21;Dimanche;Zone FIMU;>65;Resident;Excursionniste;Periode normale;273
2017-05-21;Dimanche;Zone FIMU;>65;Resident;Visiteur;Periode normale;1976
2017-05-21;Dimanche;Zone FIMU;>65;Touriste Français;Excursionniste;Periode normale;72
2017-05-21;Dimanche;Zone FIMU;>65;Touriste Français;Visiteur;Periode normale;623
2017-05-22;Lundi;Zone FIMU;18-24;Resident;Excursionniste;Periode normale;168
2017-05-22;Lundi;Zone FIMU;18-24;Resident;Visiteur;Periode normale;1358
2017-05-22;Lundi;Zone FIMU;18-24;Touriste Français;Excursionniste;Periode normale;95
2017-05-22;Lundi;Zone FIMU;18-24;Touriste Français;Visiteur;Periode normale;827
2017-05-22;Lundi;Zone FIMU;25-34;Resident;Excursionniste;Periode normale;208
2017-05-22;Lundi;Zone FIMU;25-34;Resident;Visiteur;Periode normale;1633
2017-05-22;Lundi;Zone FIMU;25-34;Touriste Français;Excursionniste;Periode normale;130
2017-05-22;Lundi;Zone FIMU;25-34;Touriste Français;Visiteur;Periode normale;909
2017-05-22;Lundi;Zone FIMU;35-44;Resident;Excursionniste;Periode normale;222
2017-05-22;Lundi;Zone FIMU;35-44;Resident;Visiteur;Periode normale;1958
2017-05-22;Lundi;Zone FIMU;35-44;Touriste Français;Excursionniste;Periode normale;144
2017-05-22;Lundi;Zone FIMU;35-44;Touriste Français;Visiteur;Periode normale;1118
2017-05-22;Lundi;Zone FIMU;45-54;Resident;Excursionniste;Periode normale;221
2017-05-22;Lundi;Zone FIMU;45-54;Resident;Visiteur;Periode normale;2002
2017-05-22;Lundi;Zone FIMU;45-54;Touriste Français;Excursionniste;Periode normale;209
2017-05-22;Lundi;Zone FIMU;45-54;Touriste Français;Visiteur;Periode normale;1101
2017-05-22;Lundi;Zone FIMU;55-64;Resident;Excursionniste;Periode normale;219
2017-05-22;Lundi;Zone FIMU;55-64;Resident;Visiteur;Periode normale;1837
2017-05-22;Lundi;Zone FIMU;55-64;Touriste Français;Excursionniste;Periode normale;127
2017-05-22;Lundi;Zone FIMU;55-64;Touriste Français;Visiteur;Periode normale;941
2017-05-22;Lundi;Zone FIMU;<18;Resident;Excursionniste;Periode normale;332
2017-05-22;Lundi;Zone FIMU;<18;Resident;Visiteur;Periode normale;2790
2017-05-22;Lundi;Zone FIMU;<18;Touriste Français;Excursionniste;Periode normale;201
2017-05-22;Lundi;Zone FIMU;<18;Touriste Français;Visiteur;Periode normale;1438
2017-05-22;Lundi;Zone FIMU;>65;Resident;Excursionniste;Periode normale;295
2017-05-22;Lundi;Zone FIMU;>65;Resident;Visiteur;Periode normale;2414
2017-05-22;Lundi;Zone FIMU;>65;Touriste Français;Excursionniste;Periode normale;127
2017-05-22;Lundi;Zone FIMU;>65;Touriste Français;Visiteur;Periode normale;1007
2017-05-23;Mardi;Zone FIMU;18-24;Resident;Excursionniste;Periode normale;165
2017-05-23;Mardi;Zone FIMU;18-24;Resident;Visiteur;Periode normale;1448
2017-05-23;Mardi;Zone FIMU;18-24;Touriste Français;Excursionniste;Periode normale;98
2017-05-23;Mardi;Zone FIMU;18-24;Touriste Français;Visiteur;Periode normale;833
2017-05-23;Mardi;Zone FIMU;25-34;Resident;Excursionniste;Periode normale;216
2017-05-23;Mardi;Zone FIMU;25-34;Resident;Visiteur;Periode normale;1731
2017-05-23;Mardi;Zone FIMU;25-34;Touriste Français;Excursionniste;Periode normale;150
2017-05-23;Mardi;Zone FIMU;25-34;Touriste Français;Visiteur;Periode normale;997
2017-05-23;Mardi;Zone FIMU;35-44;Resident;Excursionniste;Periode normale;274
2017-05-23;Mardi;Zone FIMU;35-44;Resident;Visiteur;Periode normale;2170
2017-05-23;Mardi;Zone FIMU;35-44;Touriste Français;Excursionniste;Periode normale;130
2017-05-23;Mardi;Zone FIMU;35-44;Touriste Français;Visiteur;Periode normale;1111
2017-05-23;Mardi;Zone FIMU;45-54;Resident;Excursionniste;Periode normale;233
2017-05-23;Mardi;Zone FIMU;45-54;Resident;Visiteur;Periode normale;2160
2017-05-23;Mardi;Zone FIMU;45-54;Touriste Français;Excursionniste;Periode normale;185
2017-05-23;Mardi;Zone FIMU;45-54;Touriste Français;Visiteur;Periode normale;1105
2017-05-23;Mardi;Zone FIMU;55-64;Resident;Excursionniste;Periode normale;252
2017-05-23;Mardi;Zone FIMU;55-64;Resident;Visiteur;Periode normale;2054
2017-05-23;Mardi;Zone FIMU;55-64;Touriste Français;Excursionniste;Periode normale;128
2017-05-23;Mardi;Zone FIMU;55-64;Touriste Français;Visiteur;Periode normale;1046
2017-05-23;Mardi;Zone FIMU;<18;Resident;Excursionniste;Periode normale;357
2017-05-23;Mardi;Zone FIMU;<18;Resident;Visiteur;Periode normale;3036
2017-05-23;Mardi;Zone FIMU;<18;Touriste Français;Excursionniste;Periode normale;198
2017-05-23;Mardi;Zone FIMU;<18;Touriste Français;Visiteur;Periode normale;1473
2017-05-23;Mardi;Zone FIMU;>65;Resident;Excursionniste;Periode normale;292
2017-05-23;Mardi;Zone FIMU;>65;Resident;Visiteur;Periode normale;2628
2017-05-23;Mardi;Zone FIMU;>65;Touriste Français;Excursionniste;Periode normale;122
2017-05-23;Mardi;Zone FIMU;>65;Touriste Français;Visiteur;Periode normale;963
2017-05-24;Mercredi;Zone FIMU;18-24;Resident;Excursionniste;Periode normale;158
2017-05-24;Mercredi;Zone FIMU;18-24;Resident;Visiteur;Periode normale;1447
2017-05-24;Mercredi;Zone FIMU;18-24;Touriste Français;Excursionniste;Periode normale;112
2017-05-24;Mercredi;Zone FIMU;18-24;Touriste Français;Visiteur;Periode normale;790
2017-05-24;Mercredi;Zone FIMU;25-34;Resident;Excursionniste;Periode normale;185
2017-05-24;Mercredi;Zone FIMU;25-34;Resident;Visiteur;Periode normale;1578
2017-05-24;Mercredi;Zone FIMU;25-34;Touriste Français;Excursionniste;Periode normale;153
2017-05-24;Mercredi;Zone FIMU;25-34;Touriste Français;Visiteur;Periode normale;910
2017-05-24;Mercredi;Zone FIMU;35-44;Resident;Excursionniste;Periode normale;224
2017-05-24;Mercredi;Zone FIMU;35-44;Resident;Visiteur;Periode normale;1942
2017-05-24;Mercredi;Zone FIMU;35-44;Touriste Français;Excursionniste;Periode normale;155
2017-05-24;Mercredi;Zone FIMU;35-44;Touriste Français;Visiteur;Periode normale;1010
2017-05-24;Mercredi;Zone FIMU;45-54;Resident;Excursionniste;Periode normale;202
2017-05-24;Mercredi;Zone FIMU;45-54;Resident;Visiteur;Periode normale;2094
2017-05-24;Mercredi;Zone FIMU;45-54;Touriste Français;Excursionniste;Periode normale;166
2017-05-24;Mercredi;Zone FIMU;45-54;Touriste Français;Visiteur;Periode normale;1045
2017-05-24;Mercredi;Zone FIMU;55-64;Resident;Excursionniste;Periode normale;262
2017-05-24;Mercredi;Zone FIMU;55-64;Resident;Visiteur;Periode normale;1938
2017-05-24;Mercredi;Zone FIMU;55-64;Touriste Français;Excursionniste;Periode normale;145
2017-05-24;Mercredi;Zone FIMU;55-64;Touriste Français;Visiteur;Periode normale;1035
2017-05-24;Mercredi;Zone FIMU;<18;Resident;Excursionniste;Periode normale;344
2017-05-24;Mercredi;Zone FIMU;<18;Resident;Visiteur;Periode normale;2911
2017-05-24;Mercredi;Zone FIMU;<18;Touriste Français;Excursionniste;Periode normale;203
2017-05-24;Mercredi;Zone FIMU;<18;Touriste Français;Visiteur;Periode normale;1400
2017-05-24;Mercredi;Zone FIMU;>65;Resident;Excursionniste;Periode normale;339
2017-05-24;Mercredi;Zone FIMU;>65;Resident;Visiteur;Periode normale;2605
2017-05-24;Mercredi;Zone FIMU;>65;Touriste Français;Excursionniste;Periode normale;111
2017-05-24;Mercredi;Zone FIMU;>65;Touriste Français;Visiteur;Periode normale;942
2017-05-25;Jeudi;Zone FIMU;18-24;Resident;Excursionniste;Periode normale;78
2017-05-25;Jeudi;Zone FIMU;18-24;Resident;Visiteur;Periode normale;806
2017-05-25;Jeudi;Zone FIMU;18-24;Touriste Français;Excursionniste;Periode normale;49
2017-05-25;Jeudi;Zone FIMU;18-24;Touriste Français;Visiteur;Periode normale;523
2017-05-25;Jeudi;Zone FIMU;25-34;Resident;Excursionniste;Periode normale;92
2017-05-25;Jeudi;Zone FIMU;25-34;Resident;Visiteur;Periode normale;1055
2017-05-25;Jeudi;Zone FIMU;25-34;Touriste Français;Excursionniste;Periode normale;81
2017-05-25;Jeudi;Zone FIMU;25-34;Touriste Français;Visiteur;Periode normale;689
2017-05-25;Jeudi;Zone FIMU;35-44;Resident;Excursionniste;Periode normale;127
2017-05-25;Jeudi;Zone FIMU;35-44;Resident;Visiteur;Periode normale;1147
2017-05-25;Jeudi;Zone FIMU;35-44;Touriste Français;Excursionniste;Periode normale;65
2017-05-25;Jeudi;Zone FIMU;35-44;Touriste Français;Visiteur;Periode normale;693
2017-05-25;Jeudi;Zone FIMU;45-54;Resident;Excursionniste;Periode normale;103
2017-05-25;Jeudi;Zone FIMU;45-54;Resident;Visiteur;Periode normale;1073
2017-05-25;Jeudi;Zone FIMU;45-54;Touriste Français;Excursionniste;Periode normale;137
2017-05-25;Jeudi;Zone FIMU;45-54;Touriste Français;Visiteur;Periode normale;715
2017-05-25;Jeudi;Zone FIMU;55-64;Resident;Excursionniste;Periode normale;116
2017-05-25;Jeudi;Zone FIMU;55-64;Resident;Visiteur;Periode normale;1088
2017-05-25;Jeudi;Zone FIMU;55-64;Touriste Français;Excursionniste;Periode normale;60
2017-05-25;Jeudi;Zone FIMU;55-64;Touriste Français;Visiteur;Periode normale;601
2017-05-25;Jeudi;Zone FIMU;<18;Resident;Excursionniste;Periode normale;180
2017-05-25;Jeudi;Zone FIMU;<18;Resident;Visiteur;Periode normale;1753
2017-05-25;Jeudi;Zone FIMU;<18;Touriste Français;Excursionniste;Periode normale;122
2017-05-25;Jeudi;Zone FIMU;<18;Touriste Français;Visiteur;Periode normale;931
2017-05-25;Jeudi;Zone FIMU;>65;Resident;Excursionniste;Periode normale;206
2017-05-25;Jeudi;Zone FIMU;>65;Resident;Visiteur;Periode normale;1827
2017-05-25;Jeudi;Zone FIMU;>65;Touriste Français;Excursionniste;Periode normale;98
2017-05-25;Jeudi;Zone FIMU;>65;Touriste Français;Visiteur;Periode normale;565
2017-05-26;Vendredi;Zone FIMU;18-24;Resident;Excursionniste;Periode normale;109
2017-05-26;Vendredi;Zone FIMU;18-24;Resident;Visiteur;Periode normale;1097
2017-05-26;Vendredi;Zone FIMU;18-24;Touriste Français;Excursionniste;Periode normale;103
2017-05-26;Vendredi;Zone FIMU;18-24;Touriste Français;Visiteur;Periode normale;745
2017-05-26;Vendredi;Zone FIMU;25-34;Resident;Excursionniste;Periode normale;130
2017-05-26;Vendredi;Zone FIMU;25-34;Resident;Visiteur;Periode normale;1341
2017-05-26;Vendredi;Zone FIMU;25-34;Touriste Français;Excursionniste;Periode normale;153
2017-05-26;Vendredi;Zone FIMU;25-34;Touriste Français;Visiteur;Periode normale;979
2017-05-26;Vendredi;Zone FIMU;35-44;Resident;Excursionniste;Periode normale;169
2017-05-26;Vendredi;Zone FIMU;35-44;Resident;Visiteur;Periode normale;1531
2017-05-26;Vendredi;Zone FIMU;35-44;Touriste Français;Excursionniste;Periode normale;130
2017-05-26;Vendredi;Zone FIMU;35-44;Touriste Français;Visiteur;Periode normale;964
2017-05-26;Vendredi;Zone FIMU;45-54;Resident;Excursionniste;Periode normale;165
2017-05-26;Vendredi;Zone FIMU;45-54;Resident;Visiteur;Periode normale;1534
2017-05-26;Vendredi;Zone FIMU;45-54;Touriste Français;Excursionniste;Periode normale;192
2017-05-26;Vendredi;Zone FIMU;45-54;Touriste Français;Visiteur;Periode normale;1045
2017-05-26;Vendredi;Zone FIMU;55-64;Resident;Excursionniste;Periode normale;151
2017-05-26;Vendredi;Zone FIMU;55-64;Resident;Visiteur;Periode normale;1509
2017-05-26;Vendredi;Zone FIMU;55-64;Touriste Français;Excursionniste;Periode normale;124
2017-05-26;Vendredi;Zone FIMU;55-64;Touriste Français;Visiteur;Periode normale;920
2017-05-26;Vendredi;Zone FIMU;<18;Resident;Excursionniste;Periode normale;236
2017-05-26;Vendredi;Zone FIMU;<18;Resident;Visiteur;Periode normale;2351
2017-05-26;Vendredi;Zone FIMU;<18;Touriste Français;Excursionniste;Periode normale;210
2017-05-26;Vendredi;Zone FIMU;<18;Touriste Français;Visiteur;Periode normale;1394
2017-05-26;Vendredi;Zone FIMU;>65;Resident;Excursionniste;Periode normale;212
2017-05-26;Vendredi;Zone FIMU;>65;Resident;Visiteur;Periode normale;2324
2017-05-26;Vendredi;Zone FIMU;>65;Touriste Français;Excursionniste;Periode normale;147
2017-05-26;Vendredi;Zone FIMU;>65;Touriste Français;Visiteur;Periode normale;1010
2017-05-27;Samedi;Zone FIMU;18-24;Resident;Excursionniste;Periode normale;130
2017-05-27;Samedi;Zone FIMU;18-24;Resident;Visiteur;Periode normale;1065
2017-05-27;Samedi;Zone FIMU;18-24;Touriste Français;Excursionniste;Periode normale;64
2017-05-27;Samedi;Zone FIMU;18-24;Touriste Français;Visiteur;Periode normale;680
2017-05-27;Samedi;Zone FIMU;25-34;Resident;Excursionniste;Periode normale;112
2017-05-27;Samedi;Zone FIMU;25-34;Resident;Visiteur;Periode normale;1316
2017-05-27;Samedi;Zone FIMU;25-34;Touriste Français;Excursionniste;Periode normale;78
2017-05-27;Samedi;Zone FIMU;25-34;Touriste Français;Visiteur;Periode normale;931
2017-05-27;Samedi;Zone FIMU;35-44;Resident;Excursionniste;Periode normale;182
2017-05-27;Samedi;Zone FIMU;35-44;Resident;Visiteur;Periode normale;1555
2017-05-27;Samedi;Zone FIMU;35-44;Touriste Français;Excursionniste;Periode normale;120
2017-05-27;Samedi;Zone FIMU;35-44;Touriste Français;Visiteur;Periode normale;995
2017-05-27;Samedi;Zone FIMU;45-54;Resident;Excursionniste;Periode normale;139
2017-05-27;Samedi;Zone FIMU;45-54;Resident;Visiteur;Periode normale;1459
2017-05-27;Samedi;Zone FIMU;45-54;Touriste Français;Excursionniste;Periode normale;120
2017-05-27;Samedi;Zone FIMU;45-54;Touriste Français;Visiteur;Periode normale;1037
2017-05-27;Samedi;Zone FIMU;55-64;Resident;Excursionniste;Periode normale;141
2017-05-27;Samedi;Zone FIMU;55-64;Resident;Visiteur;Periode normale;1477
2017-05-27;Samedi;Zone FIMU;55-64;Touriste Français;Excursionniste;Periode normale;99
2017-05-27;Samedi;Zone FIMU;55-64;Touriste Français;Visiteur;Periode normale;967
2017-05-27;Samedi;Zone FIMU;<18;Resident;Excursionniste;Periode normale;227
2017-05-27;Samedi;Zone FIMU;<18;Resident;Visiteur;Periode normale;2293
2017-05-27;Samedi;Zone FIMU;<18;Touriste Français;Excursionniste;Periode normale;151
2017-05-27;Samedi;Zone FIMU;<18;Touriste Français;Visiteur;Periode normale;1387
2017-05-27;Samedi;Zone FIMU;>65;Resident;Excursionniste;Periode normale;195
2017-05-27;Samedi;Zone FIMU;>65;Resident;Visiteur;Periode normale;2215
2017-05-27;Samedi;Zone FIMU;>65;Touriste Français;Excursionniste;Periode normale;128
2017-05-27;Samedi;Zone FIMU;>65;Touriste Français;Visiteur;Periode normale;962
2017-05-28;Dimanche;Zone FIMU;18-24;Resident;Excursionniste;Periode normale;72
2017-05-28;Dimanche;Zone FIMU;18-24;Resident;Visiteur;Periode normale;835
2017-05-28;Dimanche;Zone FIMU;18-24;Touriste Français;Excursionniste;Periode normale;54
2017-05-28;Dimanche;Zone FIMU;18-24;Touriste Français;Visiteur;Periode normale;540
2017-05-28;Dimanche;Zone FIMU;25-34;Resident;Excursionniste;Periode normale;61
2017-05-28;Dimanche;Zone FIMU;25-34;Resident;Visiteur;Periode normale;981
2017-05-28;Dimanche;Zone FIMU;25-34;Touriste Français;Excursionniste;Periode normale;56
2017-05-28;Dimanche;Zone FIMU;25-34;Touriste Français;Visiteur;Periode normale;565
2017-05-28;Dimanche;Zone FIMU;35-44;Resident;Excursionniste;Periode normale;121
2017-05-28;Dimanche;Zone FIMU;35-44;Resident;Visiteur;Periode normale;1348
2017-05-28;Dimanche;Zone FIMU;35-44;Touriste Français;Excursionniste;Periode normale;93
2017-05-28;Dimanche;Zone FIMU;35-44;Touriste Français;Visiteur;Periode normale;715
2017-05-28;Dimanche;Zone FIMU;45-54;Resident;Excursionniste;Periode normale;112
2017-05-28;Dimanche;Zone FIMU;45-54;Resident;Visiteur;Periode normale;1193
2017-05-28;Dimanche;Zone FIMU;45-54;Touriste Français;Excursionniste;Periode normale;82
2017-05-28;Dimanche;Zone FIMU;45-54;Touriste Français;Visiteur;Periode normale;683
2017-05-28;Dimanche;Zone FIMU;55-64;Resident;Excursionniste;Periode normale;92
2017-05-28;Dimanche;Zone FIMU;55-64;Resident;Visiteur;Periode normale;1042
2017-05-28;Dimanche;Zone FIMU;55-64;Touriste Français;Excursionniste;Periode normale;110
2017-05-28;Dimanche;Zone FIMU;55-64;Touriste Français;Visiteur;Periode normale;711
2017-05-28;Dimanche;Zone FIMU;<18;Resident;Excursionniste;Periode normale;160
2017-05-28;Dimanche;Zone FIMU;<18;Resident;Visiteur;Periode normale;1830
2017-05-28;Dimanche;Zone FIMU;<18;Touriste Français;Excursionniste;Periode normale;113
2017-05-28;Dimanche;Zone FIMU;<18;Touriste Français;Visiteur;Periode normale;930
2017-05-28;Dimanche;Zone FIMU;>65;Resident;Excursionniste;Periode normale;180
2017-05-28;Dimanche;Zone FIMU;>65;Resident;Visiteur;Periode normale;1901
2017-05-28;Dimanche;Zone FIMU;>65;Touriste Français;Excursionniste;Periode normale;81
2017-05-28;Dimanche;Zone FIMU;>65;Touriste Français;Visiteur;Periode normale;592
2017-05-29;Lundi;Zone FIMU;18-24;Resident;Excursionniste;Periode normale;140
2017-05-29;Lundi;Zone FIMU;18-24;Resident;Visiteur;Periode normale;1267
2017-05-29;Lundi;Zone FIMU;18-24;Touriste Français;Excursionniste;Periode normale;96
2017-05-29;Lundi;Zone FIMU;18-24;Touriste Français;Visiteur;Periode normale;743
2017-05-29;Lundi;Zone FIMU;25-34;Resident;Excursionniste;Periode normale;121
2017-05-29;Lundi;Zone FIMU;25-34;Resident;Visiteur;Periode normale;1548
2017-05-29;Lundi;Zone FIMU;25-34;Touriste Français;Excursionniste;Periode normale;114
2017-05-29;Lundi;Zone FIMU;25-34;Touriste Français;Visiteur;Periode normale;793
2017-05-29;Lundi;Zone FIMU;35-44;Resident;Excursionniste;Periode normale;228
2017-05-29;Lundi;Zone FIMU;35-44;Resident;Visiteur;Periode normale;1868
2017-05-29;Lundi;Zone FIMU;35-44;Touriste Français;Excursionniste;Periode normale;120
2017-05-29;Lundi;Zone FIMU;35-44;Touriste Français;Visiteur;Periode normale;966
2017-05-29;Lundi;Zone FIMU;45-54;Resident;Excursionniste;Periode normale;231
2017-05-29;Lundi;Zone FIMU;45-54;Resident;Visiteur;Periode normale;2011
2017-05-29;Lundi;Zone FIMU;45-54;Touriste Français;Excursionniste;Periode normale;125
2017-05-29;Lundi;Zone FIMU;45-54;Touriste Français;Visiteur;Periode normale;943
2017-05-29;Lundi;Zone FIMU;55-64;Resident;Excursionniste;Periode normale;154
2017-05-29;Lundi;Zone FIMU;55-64;Resident;Visiteur;Periode normale;1810
2017-05-29;Lundi;Zone FIMU;55-64;Touriste Français;Excursionniste;Periode normale;134
2017-05-29;Lundi;Zone FIMU;55-64;Touriste Français;Visiteur;Periode normale;944
2017-05-29;Lundi;Zone FIMU;<18;Resident;Excursionniste;Periode normale;278
2017-05-29;Lundi;Zone FIMU;<18;Resident;Visiteur;Periode normale;2735
2017-05-29;Lundi;Zone FIMU;<18;Touriste Français;Excursionniste;Periode normale;172
2017-05-29;Lundi;Zone FIMU;<18;Touriste Français;Visiteur;Periode normale;1264
2017-05-29;Lundi;Zone FIMU;>65;Resident;Excursionniste;Periode normale;238
2017-05-29;Lundi;Zone FIMU;>65;Resident;Visiteur;Periode normale;2443
2017-05-29;Lundi;Zone FIMU;>65;Touriste Français;Excursionniste;Periode normale;127
2017-05-29;Lundi;Zone FIMU;>65;Touriste Français;Visiteur;Periode normale;813
2017-05-30;Mardi;Zone FIMU;18-24;Resident;Excursionniste;Periode normale;193
2017-05-30;Mardi;Zone FIMU;18-24;Resident;Visiteur;Periode normale;1350
2017-05-30;Mardi;Zone FIMU;18-24;Touriste Français;Excursionniste;Periode normale;78
2017-05-30;Mardi;Zone FIMU;18-24;Touriste Français;Visiteur;Periode normale;889
2017-05-30;Mardi;Zone FIMU;25-34;Resident;Excursionniste;Periode normale;194
2017-05-30;Mardi;Zone FIMU;25-34;Resident;Visiteur;Periode normale;1627
2017-05-30;Mardi;Zone FIMU;25-34;Touriste Français;Excursionniste;Periode normale;120
2017-05-30;Mardi;Zone FIMU;25-34;Touriste Français;Visiteur;Periode normale;993
2017-05-30;Mardi;Zone FIMU;35-44;Resident;Excursionniste;Periode normale;239
2017-05-30;Mardi;Zone FIMU;35-44;Resident;Visiteur;Periode normale;1987
2017-05-30;Mardi;Zone FIMU;35-44;Touriste Français;Excursionniste;Periode normale;116
2017-05-30;Mardi;Zone FIMU;35-44;Touriste Français;Visiteur;Periode normale;1105
2017-05-30;Mardi;Zone FIMU;45-54;Resident;Excursionniste;Periode normale;276
2017-05-30;Mardi;Zone FIMU;45-54;Resident;Visiteur;Periode normale;2208
2017-05-30;Mardi;Zone FIMU;45-54;Touriste Français;Excursionniste;Periode normale;138
2017-05-30;Mardi;Zone FIMU;45-54;Touriste Français;Visiteur;Periode normale;1140
2017-05-30;Mardi;Zone FIMU;55-64;Resident;Excursionniste;Periode normale;223
2017-05-30;Mardi;Zone FIMU;55-64;Resident;Visiteur;Periode normale;2086
2017-05-30;Mardi;Zone FIMU;55-64;Touriste Français;Excursionniste;Periode normale;101
2017-05-30;Mardi;Zone FIMU;55-64;Touriste Français;Visiteur;Periode normale;1042
2017-05-30;Mardi;Zone FIMU;<18;Resident;Excursionniste;Periode normale;362
2017-05-30;Mardi;Zone FIMU;<18;Resident;Visiteur;Periode normale;2985
2017-05-30;Mardi;Zone FIMU;<18;Touriste Français;Excursionniste;Periode normale;158
2017-05-30;Mardi;Zone FIMU;<18;Touriste Français;Visiteur;Periode normale;1517
2017-05-30;Mardi;Zone FIMU;>65;Resident;Excursionniste;Periode normale;328
2017-05-30;Mardi;Zone FIMU;>65;Resident;Visiteur;Periode normale;2701
2017-05-30;Mardi;Zone FIMU;>65;Touriste Français;Excursionniste;Periode normale;98
2017-05-30;Mardi;Zone FIMU;>65;Touriste Français;Visiteur;Periode normale;1042
2017-05-31;Mercredi;Zone FIMU;18-24;Resident;Excursionniste;Periode normale;157
2017-05-31;Mercredi;Zone FIMU;18-24;Resident;Visiteur;Periode normale;1382
2017-05-31;Mercredi;Zone FIMU;18-24;Touriste Français;Excursionniste;Periode normale;86
2017-05-31;Mercredi;Zone FIMU;18-24;Touriste Français;Visiteur;Periode normale;835
2017-05-31;Mercredi;Zone FIMU;25-34;Resident;Excursionniste;Periode normale;171
2017-05-31;Mercredi;Zone FIMU;25-34;Resident;Visiteur;Periode normale;1587
2017-05-31;Mercredi;Zone FIMU;25-34;Touriste Français;Excursionniste;Periode normale;168
2017-05-31;Mercredi;Zone FIMU;25-34;Touriste Français;Visiteur;Periode normale;1017
2017-05-31;Mercredi;Zone FIMU;35-44;Resident;Excursionniste;Periode normale;241
2017-05-31;Mercredi;Zone FIMU;35-44;Resident;Visiteur;Periode normale;2048
2017-05-31;Mercredi;Zone FIMU;35-44;Touriste Français;Excursionniste;Periode normale;132
2017-05-31;Mercredi;Zone FIMU;35-44;Touriste Français;Visiteur;Periode normale;1081
2017-05-31;Mercredi;Zone FIMU;45-54;Resident;Excursionniste;Periode normale;201
2017-05-31;Mercredi;Zone FIMU;45-54;Resident;Visiteur;Periode normale;2227
2017-05-31;Mercredi;Zone FIMU;45-54;Touriste Français;Excursionniste;Periode normale;122
2017-05-31;Mercredi;Zone FIMU;45-54;Touriste Français;Visiteur;Periode normale;1034
2017-05-31;Mercredi;Zone FIMU;55-64;Resident;Excursionniste;Periode normale;183
2017-05-31;Mercredi;Zone FIMU;55-64;Resident;Visiteur;Periode normale;2077
2017-05-31;Mercredi;Zone FIMU;55-64;Touriste Français;Excursionniste;Periode normale;145
2017-05-31;Mercredi;Zone FIMU;55-64;Touriste Français;Visiteur;Periode normale;1035
2017-05-31;Mercredi;Zone FIMU;<18;Resident;Excursionniste;Periode normale;308
2017-05-31;Mercredi;Zone FIMU;<18;Resident;Visiteur;Periode normale;2940
2017-05-31;Mercredi;Zone FIMU;<18;Touriste Français;Excursionniste;Periode normale;187
2017-05-31;Mercredi;Zone FIMU;<18;Touriste Français;Visiteur;Periode normale;1439
2017-05-31;Mercredi;Zone FIMU;>65;Resident;Excursionniste;Periode normale;282
2017-05-31;Mercredi;Zone FIMU;>65;Resident;Visiteur;Periode normale;2463
2017-05-31;Mercredi;Zone FIMU;>65;Touriste Français;Excursionniste;Periode normale;118
2017-05-31;Mercredi;Zone FIMU;>65;Touriste Français;Visiteur;Periode normale;910
2017-06-01;Jeudi;Zone FIMU;18-24;Resident;Excursionniste;Periode evenement;142
2017-06-01;Jeudi;Zone FIMU;18-24;Resident;Visiteur;Periode evenement;1537
2017-06-01;Jeudi;Zone FIMU;18-24;Touriste Français;Excursionniste;Periode evenement;73
2017-06-01;Jeudi;Zone FIMU;18-24;Touriste Français;Visiteur;Periode evenement;823
2017-06-01;Jeudi;Zone FIMU;25-34;Resident;Excursionniste;Periode evenement;121
2017-06-01;Jeudi;Zone FIMU;25-34;Resident;Visiteur;Periode evenement;1763
2017-06-01;Jeudi;Zone FIMU;25-34;Touriste Français;Excursionniste;Periode evenement;139
2017-06-01;Jeudi;Zone FIMU;25-34;Touriste Français;Visiteur;Periode evenement;982
2017-06-01;Jeudi;Zone FIMU;35-44;Resident;Excursionniste;Periode evenement;238
2017-06-01;Jeudi;Zone FIMU;35-44;Resident;Visiteur;Periode evenement;2173
2017-06-01;Jeudi;Zone FIMU;35-44;Touriste Français;Excursionniste;Periode evenement;110
2017-06-01;Jeudi;Zone FIMU;35-44;Touriste Français;Visiteur;Periode evenement;1050
2017-06-01;Jeudi;Zone FIMU;45-54;Resident;Excursionniste;Periode evenement;176
2017-06-01;Jeudi;Zone FIMU;45-54;Resident;Visiteur;Periode evenement;2381
2017-06-01;Jeudi;Zone FIMU;45-54;Touriste Français;Excursionniste;Periode evenement;120
2017-06-01;Jeudi;Zone FIMU;45-54;Touriste Français;Visiteur;Periode evenement;1067
2017-06-01;Jeudi;Zone FIMU;55-64;Resident;Excursionniste;Periode evenement;188
2017-06-01;Jeudi;Zone FIMU;55-64;Resident;Visiteur;Periode evenement;1972
2017-06-01;Jeudi;Zone FIMU;55-64;Touriste Français;Excursionniste;Periode evenement;105
2017-06-01;Jeudi;Zone FIMU;55-64;Touriste Français;Visiteur;Periode evenement;897
2017-06-01;Jeudi;Zone FIMU;<18;Resident;Excursionniste;Periode evenement;301
2017-06-01;Jeudi;Zone FIMU;<18;Resident;Visiteur;Periode evenement;3182
2017-06-01;Jeudi;Zone FIMU;<18;Touriste Français;Excursionniste;Periode evenement;157
2017-06-01;Jeudi;Zone FIMU;<18;Touriste Français;Visiteur;Periode evenement;1408
2017-06-01;Jeudi;Zone FIMU;>65;Resident;Excursionniste;Periode evenement;340
2017-06-01;Jeudi;Zone FIMU;>65;Resident;Visiteur;Periode evenement;2911
2017-06-01;Jeudi;Zone FIMU;>65;Touriste Français;Excursionniste;Periode evenement;110
2017-06-01;Jeudi;Zone FIMU;>65;Touriste Français;Visiteur;Periode evenement;988
2017-06-02;Vendredi;Zone FIMU;18-24;Resident;Excursionniste;Periode evenement;203
2017-06-02;Vendredi;Zone FIMU;18-24;Resident;Visiteur;Periode evenement;1739
2017-06-02;Vendredi;Zone FIMU;18-24;Touriste Français;Excursionniste;Periode evenement;76
2017-06-02;Vendredi;Zone FIMU;18-24;Touriste Français;Visiteur;Periode evenement;890
2017-06-02;Vendredi;Zone FIMU;25-34;Resident;Excursionniste;Periode evenement;242
2017-06-02;Vendredi;Zone FIMU;25-34;Resident;Visiteur;Periode evenement;2083
2017-06-02;Vendredi;Zone FIMU;25-34;Touriste Français;Excursionniste;Periode evenement;78
2017-06-02;Vendredi;Zone FIMU;25-34;Touriste Français;Visiteur;Periode evenement;1105
2017-06-02;Vendredi;Zone FIMU;35-44;Resident;Excursionniste;Periode evenement;271
2017-06-02;Vendredi;Zone FIMU;35-44;Resident;Visiteur;Periode evenement;2342
2017-06-02;Vendredi;Zone FIMU;35-44;Touriste Français;Excursionniste;Periode evenement;109
2017-06-02;Vendredi;Zone FIMU;35-44;Touriste Français;Visiteur;Periode evenement;1159
2017-06-02;Vendredi;Zone FIMU;45-54;Resident;Excursionniste;Periode evenement;319
2017-06-02;Vendredi;Zone FIMU;45-54;Resident;Visiteur;Periode evenement;2695
2017-06-02;Vendredi;Zone FIMU;45-54;Touriste Français;Excursionniste;Periode evenement;137
2017-06-02;Vendredi;Zone FIMU;45-54;Touriste Français;Visiteur;Periode evenement;1314
2017-06-02;Vendredi;Zone FIMU;55-64;Resident;Excursionniste;Periode evenement;313
2017-06-02;Vendredi;Zone FIMU;55-64;Resident;Visiteur;Periode evenement;2388
2017-06-02;Vendredi;Zone FIMU;55-64;Touriste Français;Excursionniste;Periode evenement;75
2017-06-02;Vendredi;Zone FIMU;55-64;Touriste Français;Visiteur;Periode evenement;1044
2017-06-02;Vendredi;Zone FIMU;<18;Resident;Excursionniste;Periode evenement;411
2017-06-02;Vendredi;Zone FIMU;<18;Resident;Visiteur;Periode evenement;3606
2017-06-02;Vendredi;Zone FIMU;<18;Touriste Français;Excursionniste;Periode evenement;135
2017-06-02;Vendredi;Zone FIMU;<18;Touriste Français;Visiteur;Periode evenement;1600
2017-06-02;Vendredi;Zone FIMU;>65;Resident;Excursionniste;Periode evenement;291
2017-06-02;Vendredi;Zone FIMU;>65;Resident;Visiteur;Periode evenement;3108
2017-06-02;Vendredi;Zone FIMU;>65;Touriste Français;Excursionniste;Periode evenement;91
2017-06-02;Vendredi;Zone FIMU;>65;Touriste Français;Visiteur;Periode evenement;1049
2017-06-03;Samedi;Zone FIMU;18-24;Resident;Excursionniste;Periode evenement;141
2017-06-03;Samedi;Zone FIMU;18-24;Resident;Visiteur;Periode evenement;1513
2017-06-03;Samedi;Zone FIMU;18-24;Touriste Français;Excursionniste;Periode evenement;107
2017-06-03;Samedi;Zone FIMU;18-24;Touriste Français;Visiteur;Periode evenement;1072
2017-06-03;Samedi;Zone FIMU;25-34;Resident;Excursionniste;Periode evenement;188
2017-06-03;Samedi;Zone FIMU;25-34;Resident;Visiteur;Periode evenement;1851
2017-06-03;Samedi;Zone FIMU;25-34;Touriste Français;Excursionniste;Periode evenement;103
2017-06-03;Samedi;Zone FIMU;25-34;Touriste Français;Visiteur;Periode evenement;1545
2017-06-03;Samedi;Zone FIMU;35-44;Resident;Excursionniste;Periode evenement;158
2017-06-03;Samedi;Zone FIMU;35-44;Resident;Visiteur;Periode evenement;1978
2017-06-03;Samedi;Zone FIMU;35-44;Touriste Français;Excursionniste;Periode evenement;143
2017-06-03;Samedi;Zone FIMU;35-44;Touriste Français;Visiteur;Periode evenement;1537
2017-06-03;Samedi;Zone FIMU;45-54;Resident;Excursionniste;Periode evenement;218
2017-06-03;Samedi;Zone FIMU;45-54;Resident;Visiteur;Periode evenement;2317
2017-06-03;Samedi;Zone FIMU;45-54;Touriste Français;Excursionniste;Periode evenement;147
2017-06-03;Samedi;Zone FIMU;45-54;Touriste Français;Visiteur;Periode evenement;1613
2017-06-03;Samedi;Zone FIMU;55-64;Resident;Excursionniste;Periode evenement;216
2017-06-03;Samedi;Zone FIMU;55-64;Resident;Visiteur;Periode evenement;2027
2017-06-03;Samedi;Zone FIMU;55-64;Touriste Français;Excursionniste;Periode evenement;106
2017-06-03;Samedi;Zone FIMU;55-64;Touriste Français;Visiteur;Periode evenement;1420
2017-06-03;Samedi;Zone FIMU;<18;Resident;Excursionniste;Periode evenement;295
2017-06-03;Samedi;Zone FIMU;<18;Resident;Visiteur;Periode evenement;3114
2017-06-03;Samedi;Zone FIMU;<18;Touriste Français;Excursionniste;Periode evenement;174
2017-06-03;Samedi;Zone FIMU;<18;Touriste Français;Visiteur;Periode evenement;2065
2017-06-03;Samedi;Zone FIMU;>65;Resident;Excursionniste;Periode evenement;251
2017-06-03;Samedi;Zone FIMU;>65;Resident;Visiteur;Periode evenement;2666
2017-06-03;Samedi;Zone FIMU;>65;Touriste Français;Excursionniste;Periode evenement;106
2017-06-03;Samedi;Zone FIMU;>65;Touriste Français;Visiteur;Periode evenement;1282
2017-06-04;Dimanche;Zone FIMU;18-24;Resident;Excursionniste;Periode evenement;181
2017-06-04;Dimanche;Zone FIMU;18-24;Resident;Visiteur;Periode evenement;1860
2017-06-04;Dimanche;Zone FIMU;18-24;Touriste Français;Excursionniste;Periode evenement;124
2017-06-04;Dimanche;Zone FIMU;18-24;Touriste Français;Visiteur;Periode evenement;1631
2017-06-04;Dimanche;Zone FIMU;25-34;Resident;Excursionniste;Periode evenement;210
2017-06-04;Dimanche;Zone FIMU;25-34;Resident;Visiteur;Periode evenement;2238
2017-06-04;Dimanche;Zone FIMU;25-34;Touriste Français;Excursionniste;Periode evenement;179
2017-06-04;Dimanche;Zone FIMU;25-34;Touriste Français;Visiteur;Periode evenement;2544
2017-06-04;Dimanche;Zone FIMU;35-44;Resident;Excursionniste;Periode evenement;239
2017-06-04;Dimanche;Zone FIMU;35-44;Resident;Visiteur;Periode evenement;2580
2017-06-04;Dimanche;Zone FIMU;35-44;Touriste Français;Excursionniste;Periode evenement;252
2017-06-04;Dimanche;Zone FIMU;35-44;Touriste Français;Visiteur;Periode evenement;2369
2017-06-04;Dimanche;Zone FIMU;45-54;Resident;Excursionniste;Periode evenement;268
2017-06-04;Dimanche;Zone FIMU;45-54;Resident;Visiteur;Periode evenement;2731
2017-06-04;Dimanche;Zone FIMU;45-54;Touriste Français;Excursionniste;Periode evenement;261
2017-06-04;Dimanche;Zone FIMU;45-54;Touriste Français;Visiteur;Periode evenement;2700
2017-06-04;Dimanche;Zone FIMU;55-64;Resident;Excursionniste;Periode evenement;266
2017-06-04;Dimanche;Zone FIMU;55-64;Resident;Visiteur;Periode evenement;2748
2017-06-04;Dimanche;Zone FIMU;55-64;Touriste Français;Excursionniste;Periode evenement;193
2017-06-04;Dimanche;Zone FIMU;55-64;Touriste Français;Visiteur;Periode evenement;2401
2017-06-04;Dimanche;Zone FIMU;<18;Resident;Excursionniste;Periode evenement;392
2017-06-04;Dimanche;Zone FIMU;<18;Resident;Visiteur;Periode evenement;3971
2017-06-04;Dimanche;Zone FIMU;<18;Touriste Français;Excursionniste;Periode evenement;319
2017-06-04;Dimanche;Zone FIMU;<18;Touriste Français;Visiteur;Periode evenement;3456
2017-06-04;Dimanche;Zone FIMU;>65;Resident;Excursionniste;Periode evenement;392
2017-06-04;Dimanche;Zone FIMU;>65;Resident;Visiteur;Periode evenement;3600
2017-06-04;Dimanche;Zone FIMU;>65;Touriste Français;Excursionniste;Periode evenement;300
2017-06-04;Dimanche;Zone FIMU;>65;Touriste Français;Visiteur;Periode evenement;2481
2017-06-05;Lundi;Zone FIMU;18-24;Resident;Excursionniste;Periode evenement;128
2017-06-05;Lundi;Zone FIMU;18-24;Resident;Visiteur;Periode evenement;1396
2017-06-05;Lundi;Zone FIMU;18-24;Touriste Français;Excursionniste;Periode evenement;83
2017-06-05;Lundi;Zone FIMU;18-24;Touriste Français;Visiteur;Periode evenement;961
2017-06-05;Lundi;Zone FIMU;25-34;Resident;Excursionniste;Periode evenement;149
2017-06-05;Lundi;Zone FIMU;25-34;Resident;Visiteur;Periode evenement;1846
2017-06-05;Lundi;Zone FIMU;25-34;Touriste Français;Excursionniste;Periode evenement;197
2017-06-05;Lundi;Zone FIMU;25-34;Touriste Français;Visiteur;Periode evenement;1362
2017-06-05;Lundi;Zone FIMU;35-44;Resident;Excursionniste;Periode evenement;178
2017-06-05;Lundi;Zone FIMU;35-44;Resident;Visiteur;Periode evenement;2077
2017-06-05;Lundi;Zone FIMU;35-44;Touriste Français;Excursionniste;Periode evenement;104
2017-06-05;Lundi;Zone FIMU;35-44;Touriste Français;Visiteur;Periode evenement;1304
2017-06-05;Lundi;Zone FIMU;45-54;Resident;Excursionniste;Periode evenement;189
2017-06-05;Lundi;Zone FIMU;45-54;Resident;Visiteur;Periode evenement;2069
2017-06-05;Lundi;Zone FIMU;45-54;Touriste Français;Excursionniste;Periode evenement;117
2017-06-05;Lundi;Zone FIMU;45-54;Touriste Français;Visiteur;Periode evenement;1376
2017-06-05;Lundi;Zone FIMU;55-64;Resident;Excursionniste;Periode evenement;181
2017-06-05;Lundi;Zone FIMU;55-64;Resident;Visiteur;Periode evenement;1919
2017-06-05;Lundi;Zone FIMU;55-64;Touriste Français;Excursionniste;Periode evenement;220
2017-06-05;Lundi;Zone FIMU;55-64;Touriste Français;Visiteur;Periode evenement;1368
2017-06-05;Lundi;Zone FIMU;<18;Resident;Excursionniste;Periode evenement;289
2017-06-05;Lundi;Zone FIMU;<18;Resident;Visiteur;Periode evenement;3029
2017-06-05;Lundi;Zone FIMU;<18;Touriste Français;Excursionniste;Periode evenement;218
2017-06-05;Lundi;Zone FIMU;<18;Touriste Français;Visiteur;Periode evenement;1888
2017-06-05;Lundi;Zone FIMU;>65;Resident;Excursionniste;Periode evenement;326
2017-06-05;Lundi;Zone FIMU;>65;Resident;Visiteur;Periode evenement;2773
2017-06-05;Lundi;Zone FIMU;>65;Touriste Français;Excursionniste;Periode evenement;163
2017-06-05;Lundi;Zone FIMU;>65;Touriste Français;Visiteur;Periode evenement;1384
2017-06-06;Mardi;Zone FIMU;18-24;Resident;Excursionniste;Periode normale;172
2017-06-06;Mardi;Zone FIMU;18-24;Resident;Visiteur;Periode normale;1422
2017-06-06;Mardi;Zone FIMU;18-24;Touriste Français;Excursionniste;Periode normale;118
2017-06-06;Mardi;Zone FIMU;18-24;Touriste Français;Visiteur;Periode normale;769
2017-06-06;Mardi;Zone FIMU;25-34;Resident;Excursionniste;Periode normale;185
2017-06-06;Mardi;Zone FIMU;25-34;Resident;Visiteur;Periode normale;1723
2017-06-06;Mardi;Zone FIMU;25-34;Touriste Français;Excursionniste;Periode normale;191
2017-06-06;Mardi;Zone FIMU;25-34;Touriste Français;Visiteur;Periode normale;913
2017-06-06;Mardi;Zone FIMU;35-44;Resident;Excursionniste;Periode normale;236
2017-06-06;Mardi;Zone FIMU;35-44;Resident;Visiteur;Periode normale;1994
2017-06-06;Mardi;Zone FIMU;35-44;Touriste Français;Excursionniste;Periode normale;123
2017-06-06;Mardi;Zone FIMU;35-44;Touriste Français;Visiteur;Periode normale;1008
2017-06-06;Mardi;Zone FIMU;45-54;Resident;Excursionniste;Periode normale;277
2017-06-06;Mardi;Zone FIMU;45-54;Resident;Visiteur;Periode normale;2265
2017-06-06;Mardi;Zone FIMU;45-54;Touriste Français;Excursionniste;Periode normale;164
2017-06-06;Mardi;Zone FIMU;45-54;Touriste Français;Visiteur;Periode normale;996
2017-06-06;Mardi;Zone FIMU;55-64;Resident;Excursionniste;Periode normale;245
2017-06-06;Mardi;Zone FIMU;55-64;Resident;Visiteur;Periode normale;2003
2017-06-06;Mardi;Zone FIMU;55-64;Touriste Français;Excursionniste;Periode normale;123
2017-06-06;Mardi;Zone FIMU;55-64;Touriste Français;Visiteur;Periode normale;954
2017-06-06;Mardi;Zone FIMU;<18;Resident;Excursionniste;Periode normale;374
2017-06-06;Mardi;Zone FIMU;<18;Resident;Visiteur;Periode normale;3046
2017-06-06;Mardi;Zone FIMU;<18;Touriste Français;Excursionniste;Periode normale;198
2017-06-06;Mardi;Zone FIMU;<18;Touriste Français;Visiteur;Periode normale;1370
2017-06-06;Mardi;Zone FIMU;>65;Resident;Excursionniste;Periode normale;381
2017-06-06;Mardi;Zone FIMU;>65;Resident;Visiteur;Periode normale;2787
2017-06-06;Mardi;Zone FIMU;>65;Touriste Français;Excursionniste;Periode normale;83
2017-06-06;Mardi;Zone FIMU;>65;Touriste Français;Visiteur;Periode normale;977
2017-06-07;Mercredi;Zone FIMU;18-24;Resident;Excursionniste;Periode normale;196
2017-06-07;Mercredi;Zone FIMU;18-24;Resident;Visiteur;Periode normale;1596
2017-06-07;Mercredi;Zone FIMU;18-24;Touriste Français;Excursionniste;Periode normale;58
2017-06-07;Mercredi;Zone FIMU;18-24;Touriste Français;Visiteur;Periode normale;562
2017-06-07;Mercredi;Zone FIMU;25-34;Resident;Excursionniste;Periode normale;234
2017-06-07;Mercredi;Zone FIMU;25-34;Resident;Visiteur;Periode normale;1858
2017-06-07;Mercredi;Zone FIMU;25-34;Touriste Français;Excursionniste;Periode normale;97
2017-06-07;Mercredi;Zone FIMU;25-34;Touriste Français;Visiteur;Periode normale;697
2017-06-07;Mercredi;Zone FIMU;35-44;Resident;Excursionniste;Periode normale;288
2017-06-07;Mercredi;Zone FIMU;35-44;Resident;Visiteur;Periode normale;2292
2017-06-07;Mercredi;Zone FIMU;35-44;Touriste Français;Excursionniste;Periode normale;98
2017-06-07;Mercredi;Zone FIMU;35-44;Touriste Français;Visiteur;Periode normale;772
2017-06-07;Mercredi;Zone FIMU;45-54;Resident;Excursionniste;Periode normale;292
2017-06-07;Mercredi;Zone FIMU;45-54;Resident;Visiteur;Periode normale;2397
2017-06-07;Mercredi;Zone FIMU;45-54;Touriste Français;Excursionniste;Periode normale;132
2017-06-07;Mercredi;Zone FIMU;45-54;Touriste Français;Visiteur;Periode normale;871
2017-06-07;Mercredi;Zone FIMU;55-64;Resident;Excursionniste;Periode normale;292
2017-06-07;Mercredi;Zone FIMU;55-64;Resident;Visiteur;Periode normale;2283
2017-06-07;Mercredi;Zone FIMU;55-64;Touriste Français;Excursionniste;Periode normale;77
2017-06-07;Mercredi;Zone FIMU;55-64;Touriste Français;Visiteur;Periode normale;711
2017-06-07;Mercredi;Zone FIMU;<18;Resident;Excursionniste;Periode normale;413
2017-06-07;Mercredi;Zone FIMU;<18;Resident;Visiteur;Periode normale;3304
2017-06-07;Mercredi;Zone FIMU;<18;Touriste Français;Excursionniste;Periode normale;140
2017-06-07;Mercredi;Zone FIMU;<18;Touriste Français;Visiteur;Periode normale;1068
2017-06-07;Mercredi;Zone FIMU;>65;Resident;Excursionniste;Periode normale;354
2017-06-07;Mercredi;Zone FIMU;>65;Resident;Visiteur;Periode normale;2824
2017-06-07;Mercredi;Zone FIMU;>65;Touriste Français;Excursionniste;Periode normale;121
2017-06-07;Mercredi;Zone FIMU;>65;Touriste Français;Visiteur;Periode normale;791
2017-06-08;Jeudi;Zone FIMU;18-24;Resident;Excursionniste;Periode normale;157
2017-06-08;Jeudi;Zone FIMU;18-24;Resident;Visiteur;Periode normale;1374
2017-06-08;Jeudi;Zone FIMU;18-24;Touriste Français;Excursionniste;Periode normale;126
2017-06-08;Jeudi;Zone FIMU;18-24;Touriste Français;Visiteur;Periode normale;821
2017-06-08;Jeudi;Zone FIMU;25-34;Resident;Excursionniste;Periode normale;185
2017-06-08;Jeudi;Zone FIMU;25-34;Resident;Visiteur;Periode normale;1630
2017-06-08;Jeudi;Zone FIMU;25-34;Touriste Français;Excursionniste;Periode normale;136
2017-06-08;Jeudi;Zone FIMU;25-34;Touriste Français;Visiteur;Periode normale;900
2017-06-08;Jeudi;Zone FIMU;35-44;Resident;Excursionniste;Periode normale;233
2017-06-08;Jeudi;Zone FIMU;35-44;Resident;Visiteur;Periode normale;1871
2017-06-08;Jeudi;Zone FIMU;35-44;Touriste Français;Excursionniste;Periode normale;140
2017-06-08;Jeudi;Zone FIMU;35-44;Touriste Français;Visiteur;Periode normale;1015
2017-06-08;Jeudi;Zone FIMU;45-54;Resident;Excursionniste;Periode normale;258
2017-06-08;Jeudi;Zone FIMU;45-54;Resident;Visiteur;Periode normale;2115
2017-06-08;Jeudi;Zone FIMU;45-54;Touriste Français;Excursionniste;Periode normale;167
2017-06-08;Jeudi;Zone FIMU;45-54;Touriste Français;Visiteur;Periode normale;1105
2017-06-08;Jeudi;Zone FIMU;55-64;Resident;Excursionniste;Periode normale;243
2017-06-08;Jeudi;Zone FIMU;55-64;Resident;Visiteur;Periode normale;2026
2017-06-08;Jeudi;Zone FIMU;55-64;Touriste Français;Excursionniste;Periode normale;158
2017-06-08;Jeudi;Zone FIMU;55-64;Touriste Français;Visiteur;Periode normale;1065
2017-06-08;Jeudi;Zone FIMU;<18;Resident;Excursionniste;Periode normale;334
2017-06-08;Jeudi;Zone FIMU;<18;Resident;Visiteur;Periode normale;2930
2017-06-08;Jeudi;Zone FIMU;<18;Touriste Français;Excursionniste;Periode normale;216
2017-06-08;Jeudi;Zone FIMU;<18;Touriste Français;Visiteur;Periode normale;1454
2017-06-08;Jeudi;Zone FIMU;>65;Resident;Excursionniste;Periode normale;262
2017-06-08;Jeudi;Zone FIMU;>65;Resident;Visiteur;Periode normale;2714
2017-06-08;Jeudi;Zone FIMU;>65;Touriste Français;Excursionniste;Periode normale;175
2017-06-08;Jeudi;Zone FIMU;>65;Touriste Français;Visiteur;Periode normale;1067
2017-06-09;Vendredi;Zone FIMU;18-24;Resident;Excursionniste;Periode normale;176
2017-06-09;Vendredi;Zone FIMU;18-24;Resident;Visiteur;Periode normale;1423
2017-06-09;Vendredi;Zone FIMU;18-24;Touriste Français;Excursionniste;Periode normale;64
2017-06-09;Vendredi;Zone FIMU;18-24;Touriste Français;Visiteur;Periode normale;737
2017-06-09;Vendredi;Zone FIMU;25-34;Resident;Excursionniste;Periode normale;205
2017-06-09;Vendredi;Zone FIMU;25-34;Resident;Visiteur;Periode normale;1636
2017-06-09;Vendredi;Zone FIMU;25-34;Touriste Français;Excursionniste;Periode normale;67
2017-06-09;Vendredi;Zone FIMU;25-34;Touriste Français;Visiteur;Periode normale;900
2017-06-09;Vendredi;Zone FIMU;35-44;Resident;Excursionniste;Periode normale;291
2017-06-09;Vendredi;Zone FIMU;35-44;Resident;Visiteur;Periode normale;2092
2017-06-09;Vendredi;Zone FIMU;35-44;Touriste Français;Excursionniste;Periode normale;54
2017-06-09;Vendredi;Zone FIMU;35-44;Touriste Français;Visiteur;Periode normale;992
2017-06-09;Vendredi;Zone FIMU;45-54;Resident;Excursionniste;Periode normale;286
2017-06-09;Vendredi;Zone FIMU;45-54;Resident;Visiteur;Periode normale;2226
2017-06-09;Vendredi;Zone FIMU;45-54;Touriste Français;Excursionniste;Periode normale;144
2017-06-09;Vendredi;Zone FIMU;45-54;Touriste Français;Visiteur;Periode normale;1115
2017-06-09;Vendredi;Zone FIMU;55-64;Resident;Excursionniste;Periode normale;245
2017-06-09;Vendredi;Zone FIMU;55-64;Resident;Visiteur;Periode normale;2141
2017-06-09;Vendredi;Zone FIMU;55-64;Touriste Français;Excursionniste;Periode normale;78
2017-06-09;Vendredi;Zone FIMU;55-64;Touriste Français;Visiteur;Periode normale;964
2017-06-09;Vendredi;Zone FIMU;<18;Resident;Excursionniste;Periode normale;374
2017-06-09;Vendredi;Zone FIMU;<18;Resident;Visiteur;Periode normale;3081
2017-06-09;Vendredi;Zone FIMU;<18;Touriste Français;Excursionniste;Periode normale;115
2017-06-09;Vendredi;Zone FIMU;<18;Touriste Français;Visiteur;Periode normale;1409
2017-06-09;Vendredi;Zone FIMU;>65;Resident;Excursionniste;Periode normale;291
2017-06-09;Vendredi;Zone FIMU;>65;Resident;Visiteur;Periode normale;2756
2017-06-09;Vendredi;Zone FIMU;>65;Touriste Français;Excursionniste;Periode normale;66
2017-06-09;Vendredi;Zone FIMU;>65;Touriste Français;Visiteur;Periode normale;1056
2017-06-10;Samedi;Zone FIMU;18-24;Resident;Excursionniste;Periode normale;104
2017-06-10;Samedi;Zone FIMU;18-24;Resident;Visiteur;Periode normale;1299
2017-06-10;Samedi;Zone FIMU;18-24;Touriste Français;Excursionniste;Periode normale;115
2017-06-10;Samedi;Zone FIMU;18-24;Touriste Français;Visiteur;Periode normale;689
2017-06-10;Samedi;Zone FIMU;25-34;Resident;Excursionniste;Periode normale;178
2017-06-10;Samedi;Zone FIMU;25-34;Resident;Visiteur;Periode normale;1705
2017-06-10;Samedi;Zone FIMU;25-34;Touriste Français;Excursionniste;Periode normale;163
2017-06-10;Samedi;Zone FIMU;25-34;Touriste Français;Visiteur;Periode normale;841
2017-06-10;Samedi;Zone FIMU;35-44;Resident;Excursionniste;Periode normale;165
2017-06-10;Samedi;Zone FIMU;35-44;Resident;Visiteur;Periode normale;1733
2017-06-10;Samedi;Zone FIMU;35-44;Touriste Français;Excursionniste;Periode normale;127
2017-06-10;Samedi;Zone FIMU;35-44;Touriste Français;Visiteur;Periode normale;914
2017-06-10;Samedi;Zone FIMU;45-54;Resident;Excursionniste;Periode normale;147
2017-06-10;Samedi;Zone FIMU;45-54;Resident;Visiteur;Periode normale;1924
2017-06-10;Samedi;Zone FIMU;45-54;Touriste Français;Excursionniste;Periode normale;136
2017-06-10;Samedi;Zone FIMU;45-54;Touriste Français;Visiteur;Periode normale;961
2017-06-10;Samedi;Zone FIMU;55-64;Resident;Excursionniste;Periode normale;163
2017-06-10;Samedi;Zone FIMU;55-64;Resident;Visiteur;Periode normale;1766
2017-06-10;Samedi;Zone FIMU;55-64;Touriste Français;Excursionniste;Periode normale;128
2017-06-10;Samedi;Zone FIMU;55-64;Touriste Français;Visiteur;Periode normale;823
2017-06-10;Samedi;Zone FIMU;<18;Resident;Excursionniste;Periode normale;244
2017-06-10;Samedi;Zone FIMU;<18;Resident;Visiteur;Periode normale;2790
2017-06-10;Samedi;Zone FIMU;<18;Touriste Français;Excursionniste;Periode normale;196
2017-06-10;Samedi;Zone FIMU;<18;Touriste Français;Visiteur;Periode normale;1268
2017-06-10;Samedi;Zone FIMU;>65;Resident;Excursionniste;Periode normale;211
2017-06-10;Samedi;Zone FIMU;>65;Resident;Visiteur;Periode normale;2661
2017-06-10;Samedi;Zone FIMU;>65;Touriste Français;Excursionniste;Periode normale;153
2017-06-10;Samedi;Zone FIMU;>65;Touriste Français;Visiteur;Periode normale;965
2017-06-11;Dimanche;Zone FIMU;18-24;Resident;Excursionniste;Periode normale;85
2017-06-11;Dimanche;Zone FIMU;18-24;Resident;Visiteur;Periode normale;840
2017-06-11;Dimanche;Zone FIMU;18-24;Touriste Français;Excursionniste;Periode normale;53
2017-06-11;Dimanche;Zone FIMU;18-24;Touriste Français;Visiteur;Periode normale;496
2017-06-11;Dimanche;Zone FIMU;25-34;Resident;Excursionniste;Periode normale;112
2017-06-11;Dimanche;Zone FIMU;25-34;Resident;Visiteur;Periode normale;1053
2017-06-11;Dimanche;Zone FIMU;25-34;Touriste Français;Excursionniste;Periode normale;64
2017-06-11;Dimanche;Zone FIMU;25-34;Touriste Français;Visiteur;Periode normale;521
2017-06-11;Dimanche;Zone FIMU;35-44;Resident;Excursionniste;Periode normale;123
2017-06-11;Dimanche;Zone FIMU;35-44;Resident;Visiteur;Periode normale;1311
2017-06-11;Dimanche;Zone FIMU;35-44;Touriste Français;Excursionniste;Periode normale;86
2017-06-11;Dimanche;Zone FIMU;35-44;Touriste Français;Visiteur;Periode normale;783
2017-06-11;Dimanche;Zone FIMU;45-54;Resident;Excursionniste;Periode normale;102
2017-06-11;Dimanche;Zone FIMU;45-54;Resident;Visiteur;Periode normale;1156
2017-06-11;Dimanche;Zone FIMU;45-54;Touriste Français;Excursionniste;Periode normale;74
2017-06-11;Dimanche;Zone FIMU;45-54;Touriste Français;Visiteur;Periode normale;634
2017-06-11;Dimanche;Zone FIMU;55-64;Resident;Excursionniste;Periode normale;116
2017-06-11;Dimanche;Zone FIMU;55-64;Resident;Visiteur;Periode normale;1104
2017-06-11;Dimanche;Zone FIMU;55-64;Touriste Français;Excursionniste;Periode normale;50
2017-06-11;Dimanche;Zone FIMU;55-64;Touriste Français;Visiteur;Periode normale;525
2017-06-11;Dimanche;Zone FIMU;<18;Resident;Excursionniste;Periode normale;184
2017-06-11;Dimanche;Zone FIMU;<18;Resident;Visiteur;Periode normale;1844
2017-06-11;Dimanche;Zone FIMU;<18;Touriste Français;Excursionniste;Periode normale;96
2017-06-11;Dimanche;Zone FIMU;<18;Touriste Français;Visiteur;Periode normale;848
2017-06-11;Dimanche;Zone FIMU;>65;Resident;Excursionniste;Periode normale;198
2017-06-11;Dimanche;Zone FIMU;>65;Resident;Visiteur;Periode normale;1914
2017-06-11;Dimanche;Zone FIMU;>65;Touriste Français;Excursionniste;Periode normale;70
2017-06-11;Dimanche;Zone FIMU;>65;Touriste Français;Visiteur;Periode normale;551
2017-06-12;Lundi;Zone FIMU;18-24;Resident;Excursionniste;Periode normale;162
2017-06-12;Lundi;Zone FIMU;18-24;Resident;Visiteur;Periode normale;1309
2017-06-12;Lundi;Zone FIMU;18-24;Touriste Français;Excursionniste;Periode normale;106
2017-06-12;Lundi;Zone FIMU;18-24;Touriste Français;Visiteur;Periode normale;690
2017-06-12;Lundi;Zone FIMU;25-34;Resident;Excursionniste;Periode normale;190
2017-06-12;Lundi;Zone FIMU;25-34;Resident;Visiteur;Periode normale;1697
2017-06-12;Lundi;Zone FIMU;25-34;Touriste Français;Excursionniste;Periode normale;134
2017-06-12;Lundi;Zone FIMU;25-34;Touriste Français;Visiteur;Periode normale;840
2017-06-12;Lundi;Zone FIMU;35-44;Resident;Excursionniste;Periode normale;217
2017-06-12;Lundi;Zone FIMU;35-44;Resident;Visiteur;Periode normale;1870
2017-06-12;Lundi;Zone FIMU;35-44;Touriste Français;Excursionniste;Periode normale;131
2017-06-12;Lundi;Zone FIMU;35-44;Touriste Français;Visiteur;Periode normale;935
2017-06-12;Lundi;Zone FIMU;45-54;Resident;Excursionniste;Periode normale;254
2017-06-12;Lundi;Zone FIMU;45-54;Resident;Visiteur;Periode normale;2026
2017-06-12;Lundi;Zone FIMU;45-54;Touriste Français;Excursionniste;Periode normale;136
2017-06-12;Lundi;Zone FIMU;45-54;Touriste Français;Visiteur;Periode normale;928
2017-06-12;Lundi;Zone FIMU;55-64;Resident;Excursionniste;Periode normale;214
2017-06-12;Lundi;Zone FIMU;55-64;Resident;Visiteur;Periode normale;1805
2017-06-12;Lundi;Zone FIMU;55-64;Touriste Français;Excursionniste;Periode normale;142
2017-06-12;Lundi;Zone FIMU;55-64;Touriste Français;Visiteur;Periode normale;812
2017-06-12;Lundi;Zone FIMU;<18;Resident;Excursionniste;Periode normale;321
2017-06-12;Lundi;Zone FIMU;<18;Resident;Visiteur;Periode normale;2777
2017-06-12;Lundi;Zone FIMU;<18;Touriste Français;Excursionniste;Periode normale;189
2017-06-12;Lundi;Zone FIMU;<18;Touriste Français;Visiteur;Periode normale;1218
2017-06-12;Lundi;Zone FIMU;>65;Resident;Excursionniste;Periode normale;252
2017-06-12;Lundi;Zone FIMU;>65;Resident;Visiteur;Periode normale;2431
2017-06-12;Lundi;Zone FIMU;>65;Touriste Français;Excursionniste;Periode normale;149
2017-06-12;Lundi;Zone FIMU;>65;Touriste Français;Visiteur;Periode normale;835
2017-06-13;Mardi;Zone FIMU;18-24;Resident;Excursionniste;Periode normale;123
2017-06-13;Mardi;Zone FIMU;18-24;Resident;Visiteur;Periode normale;1386
2017-06-13;Mardi;Zone FIMU;18-24;Touriste Français;Excursionniste;Periode normale;138
2017-06-13;Mardi;Zone FIMU;18-24;Touriste Français;Visiteur;Periode normale;829
2017-06-13;Mardi;Zone FIMU;25-34;Resident;Excursionniste;Periode normale;130
2017-06-13;Mardi;Zone FIMU;25-34;Resident;Visiteur;Periode normale;1607
2017-06-13;Mardi;Zone FIMU;25-34;Touriste Français;Excursionniste;Periode normale;203
2017-06-13;Mardi;Zone FIMU;25-34;Touriste Français;Visiteur;Periode normale;1001
2017-06-13;Mardi;Zone FIMU;35-44;Resident;Excursionniste;Periode normale;169
2017-06-13;Mardi;Zone FIMU;35-44;Resident;Visiteur;Periode normale;1920
2017-06-13;Mardi;Zone FIMU;35-44;Touriste Français;Excursionniste;Periode normale;127
2017-06-13;Mardi;Zone FIMU;35-44;Touriste Français;Visiteur;Periode normale;1065
2017-06-13;Mardi;Zone FIMU;45-54;Resident;Excursionniste;Periode normale;214
2017-06-13;Mardi;Zone FIMU;45-54;Resident;Visiteur;Periode normale;2186
2017-06-13;Mardi;Zone FIMU;45-54;Touriste Français;Excursionniste;Periode normale;190
2017-06-13;Mardi;Zone FIMU;45-54;Touriste Français;Visiteur;Periode normale;1151
2017-06-13;Mardi;Zone FIMU;55-64;Resident;Excursionniste;Periode normale;199
2017-06-13;Mardi;Zone FIMU;55-64;Resident;Visiteur;Periode normale;2026
2017-06-13;Mardi;Zone FIMU;55-64;Touriste Français;Excursionniste;Periode normale;153
2017-06-13;Mardi;Zone FIMU;55-64;Touriste Français;Visiteur;Periode normale;924
2017-06-13;Mardi;Zone FIMU;<18;Resident;Excursionniste;Periode normale;267
2017-06-13;Mardi;Zone FIMU;<18;Resident;Visiteur;Periode normale;2916
2017-06-13;Mardi;Zone FIMU;<18;Touriste Français;Excursionniste;Periode normale;231
2017-06-13;Mardi;Zone FIMU;<18;Touriste Français;Visiteur;Periode normale;1463
2017-06-13;Mardi;Zone FIMU;>65;Resident;Excursionniste;Periode normale;234
2017-06-13;Mardi;Zone FIMU;>65;Resident;Visiteur;Periode normale;2576
2017-06-13;Mardi;Zone FIMU;>65;Touriste Français;Excursionniste;Periode normale;144
2017-06-13;Mardi;Zone FIMU;>65;Touriste Français;Visiteur;Periode normale;1053
2017-06-14;Mercredi;Zone FIMU;18-24;Resident;Excursionniste;Periode normale;156
2017-06-14;Mercredi;Zone FIMU;18-24;Resident;Visiteur;Periode normale;1423
2017-06-14;Mercredi;Zone FIMU;18-24;Touriste Français;Excursionniste;Periode normale;95
2017-06-14;Mercredi;Zone FIMU;18-24;Touriste Français;Visiteur;Periode normale;731
2017-06-14;Mercredi;Zone FIMU;25-34;Resident;Excursionniste;Periode normale;183
2017-06-14;Mercredi;Zone FIMU;25-34;Resident;Visiteur;Periode normale;1804
2017-06-14;Mercredi;Zone FIMU;25-34;Touriste Français;Excursionniste;Periode normale;183
2017-06-14;Mercredi;Zone FIMU;25-34;Touriste Français;Visiteur;Periode normale;946
2017-06-14;Mercredi;Zone FIMU;35-44;Resident;Excursionniste;Periode normale;223
2017-06-14;Mercredi;Zone FIMU;35-44;Resident;Visiteur;Periode normale;2085
2017-06-14;Mercredi;Zone FIMU;35-44;Touriste Français;Excursionniste;Periode normale;144
2017-06-14;Mercredi;Zone FIMU;35-44;Touriste Français;Visiteur;Periode normale;1025
2017-06-14;Mercredi;Zone FIMU;45-54;Resident;Excursionniste;Periode normale;216
2017-06-14;Mercredi;Zone FIMU;45-54;Resident;Visiteur;Periode normale;2157
2017-06-14;Mercredi;Zone FIMU;45-54;Touriste Français;Excursionniste;Periode normale;158
2017-06-14;Mercredi;Zone FIMU;45-54;Touriste Français;Visiteur;Periode normale;989
2017-06-14;Mercredi;Zone FIMU;55-64;Resident;Excursionniste;Periode normale;237
2017-06-14;Mercredi;Zone FIMU;55-64;Resident;Visiteur;Periode normale;2058
2017-06-14;Mercredi;Zone FIMU;55-64;Touriste Français;Excursionniste;Periode normale;139
2017-06-14;Mercredi;Zone FIMU;55-64;Touriste Français;Visiteur;Periode normale;906
2017-06-14;Mercredi;Zone FIMU;<18;Resident;Excursionniste;Periode normale;335
2017-06-14;Mercredi;Zone FIMU;<18;Resident;Visiteur;Periode normale;3043
2017-06-14;Mercredi;Zone FIMU;<18;Touriste Français;Excursionniste;Periode normale;206
2017-06-14;Mercredi;Zone FIMU;<18;Touriste Français;Visiteur;Periode normale;1343
2017-06-14;Mercredi;Zone FIMU;>65;Resident;Excursionniste;Periode normale;327
2017-06-14;Mercredi;Zone FIMU;>65;Resident;Visiteur;Periode normale;2680
2017-06-14;Mercredi;Zone FIMU;>65;Touriste Français;Excursionniste;Periode normale;133
2017-06-14;Mercredi;Zone FIMU;>65;Touriste Français;Visiteur;Periode normale;933
2017-06-15;Jeudi;Zone FIMU;18-24;Resident;Excursionniste;Periode normale;144
2017-06-15;Jeudi;Zone FIMU;18-24;Resident;Visiteur;Periode normale;1443
2017-06-15;Jeudi;Zone FIMU;18-24;Touriste Français;Excursionniste;Periode normale;88
2017-06-15;Jeudi;Zone FIMU;18-24;Touriste Français;Visiteur;Periode normale;701
2017-06-15;Jeudi;Zone FIMU;25-34;Resident;Excursionniste;Periode normale;161
2017-06-15;Jeudi;Zone FIMU;25-34;Resident;Visiteur;Periode normale;1724
2017-06-15;Jeudi;Zone FIMU;25-34;Touriste Français;Excursionniste;Periode normale;159
2017-06-15;Jeudi;Zone FIMU;25-34;Touriste Français;Visiteur;Periode normale;856
2017-06-15;Jeudi;Zone FIMU;35-44;Resident;Excursionniste;Periode normale;223
2017-06-15;Jeudi;Zone FIMU;35-44;Resident;Visiteur;Periode normale;1968
2017-06-15;Jeudi;Zone FIMU;35-44;Touriste Français;Excursionniste;Periode normale;117
2017-06-15;Jeudi;Zone FIMU;35-44;Touriste Français;Visiteur;Periode normale;994
2017-06-15;Jeudi;Zone FIMU;45-54;Resident;Excursionniste;Periode normale;209
2017-06-15;Jeudi;Zone FIMU;45-54;Resident;Visiteur;Periode normale;2249
2017-06-15;Jeudi;Zone FIMU;45-54;Touriste Français;Excursionniste;Periode normale;140
2017-06-15;Jeudi;Zone FIMU;45-54;Touriste Français;Visiteur;Periode normale;958
2017-06-15;Jeudi;Zone FIMU;55-64;Resident;Excursionniste;Periode normale;224
2017-06-15;Jeudi;Zone FIMU;55-64;Resident;Visiteur;Periode normale;1966
2017-06-15;Jeudi;Zone FIMU;55-64;Touriste Français;Excursionniste;Periode normale;101
2017-06-15;Jeudi;Zone FIMU;55-64;Touriste Français;Visiteur;Periode normale;845
2017-06-15;Jeudi;Zone FIMU;<18;Resident;Excursionniste;Periode normale;311
2017-06-15;Jeudi;Zone FIMU;<18;Resident;Visiteur;Periode normale;2968
2017-06-15;Jeudi;Zone FIMU;<18;Touriste Français;Excursionniste;Periode normale;179
2017-06-15;Jeudi;Zone FIMU;<18;Touriste Français;Visiteur;Periode normale;1282
2017-06-15;Jeudi;Zone FIMU;>65;Resident;Excursionniste;Periode normale;287
2017-06-15;Jeudi;Zone FIMU;>65;Resident;Visiteur;Periode normale;2548
2017-06-15;Jeudi;Zone FIMU;>65;Touriste Français;Excursionniste;Periode normale;140
2017-06-15;Jeudi;Zone FIMU;>65;Touriste Français;Visiteur;Periode normale;912
2017-06-16;Vendredi;Zone FIMU;18-24;Resident;Excursionniste;Periode normale;152
2017-06-16;Vendredi;Zone FIMU;18-24;Resident;Visiteur;Periode normale;1458
2017-06-16;Vendredi;Zone FIMU;18-24;Touriste Français;Excursionniste;Periode normale;114
2017-06-16;Vendredi;Zone FIMU;18-24;Touriste Français;Visiteur;Periode normale;795
2017-06-16;Vendredi;Zone FIMU;25-34;Resident;Excursionniste;Periode normale;193
2017-06-16;Vendredi;Zone FIMU;25-34;Resident;Visiteur;Periode normale;1863
2017-06-16;Vendredi;Zone FIMU;25-34;Touriste Français;Excursionniste;Periode normale;198
2017-06-16;Vendredi;Zone FIMU;25-34;Touriste Français;Visiteur;Periode normale;982
2017-06-16;Vendredi;Zone FIMU;35-44;Resident;Excursionniste;Periode normale;230
2017-06-16;Vendredi;Zone FIMU;35-44;Resident;Visiteur;Periode normale;2048
2017-06-16;Vendredi;Zone FIMU;35-44;Touriste Français;Excursionniste;Periode normale;139
2017-06-16;Vendredi;Zone FIMU;35-44;Touriste Français;Visiteur;Periode normale;1135
2017-06-16;Vendredi;Zone FIMU;45-54;Resident;Excursionniste;Periode normale;251
2017-06-16;Vendredi;Zone FIMU;45-54;Resident;Visiteur;Periode normale;2198
2017-06-16;Vendredi;Zone FIMU;45-54;Touriste Français;Excursionniste;Periode normale;164
2017-06-16;Vendredi;Zone FIMU;45-54;Touriste Français;Visiteur;Periode normale;1067
2017-06-16;Vendredi;Zone FIMU;55-64;Resident;Excursionniste;Periode normale;223
2017-06-16;Vendredi;Zone FIMU;55-64;Resident;Visiteur;Periode normale;2184
2017-06-16;Vendredi;Zone FIMU;55-64;Touriste Français;Excursionniste;Periode normale;125
2017-06-16;Vendredi;Zone FIMU;55-64;Touriste Français;Visiteur;Periode normale;1003
2017-06-16;Vendredi;Zone FIMU;<18;Resident;Excursionniste;Periode normale;332
2017-06-16;Vendredi;Zone FIMU;<18;Resident;Visiteur;Periode normale;3163
2017-06-16;Vendredi;Zone FIMU;<18;Touriste Français;Excursionniste;Periode normale;213
2017-06-16;Vendredi;Zone FIMU;<18;Touriste Français;Visiteur;Periode normale;1474
2017-06-16;Vendredi;Zone FIMU;>65;Resident;Excursionniste;Periode normale;271
2017-06-16;Vendredi;Zone FIMU;>65;Resident;Visiteur;Periode normale;2835
2017-06-16;Vendredi;Zone FIMU;>65;Touriste Français;Excursionniste;Periode normale;138
2017-06-16;Vendredi;Zone FIMU;>65;Touriste Français;Visiteur;Periode normale;1046
2017-06-17;Samedi;Zone FIMU;18-24;Resident;Excursionniste;Periode normale;110
2017-06-17;Samedi;Zone FIMU;18-24;Resident;Visiteur;Periode normale;1090
2017-06-17;Samedi;Zone FIMU;18-24;Touriste Français;Excursionniste;Periode normale;48
2017-06-17;Samedi;Zone FIMU;18-24;Touriste Français;Visiteur;Periode normale;604
2017-06-17;Samedi;Zone FIMU;25-34;Resident;Excursionniste;Periode normale;119
2017-06-17;Samedi;Zone FIMU;25-34;Resident;Visiteur;Periode normale;1288
2017-06-17;Samedi;Zone FIMU;25-34;Touriste Français;Excursionniste;Periode normale;111
2017-06-17;Samedi;Zone FIMU;25-34;Touriste Français;Visiteur;Periode normale;789
2017-06-17;Samedi;Zone FIMU;35-44;Resident;Excursionniste;Periode normale;169
2017-06-17;Samedi;Zone FIMU;35-44;Resident;Visiteur;Periode normale;1743
2017-06-17;Samedi;Zone FIMU;35-44;Touriste Français;Excursionniste;Periode normale;86
2017-06-17;Samedi;Zone FIMU;35-44;Touriste Français;Visiteur;Periode normale;819
2017-06-17;Samedi;Zone FIMU;45-54;Resident;Excursionniste;Periode normale;173
2017-06-17;Samedi;Zone FIMU;45-54;Resident;Visiteur;Periode normale;1728
2017-06-17;Samedi;Zone FIMU;45-54;Touriste Français;Excursionniste;Periode normale;111
2017-06-17;Samedi;Zone FIMU;45-54;Touriste Français;Visiteur;Periode normale;944
2017-06-17;Samedi;Zone FIMU;55-64;Resident;Excursionniste;Periode normale;167
2017-06-17;Samedi;Zone FIMU;55-64;Resident;Visiteur;Periode normale;1469
2017-06-17;Samedi;Zone FIMU;55-64;Touriste Français;Excursionniste;Periode normale;67
2017-06-17;Samedi;Zone FIMU;55-64;Touriste Français;Visiteur;Periode normale;735
2017-06-17;Samedi;Zone FIMU;<18;Resident;Excursionniste;Periode normale;249
2017-06-17;Samedi;Zone FIMU;<18;Resident;Visiteur;Periode normale;2481
2017-06-17;Samedi;Zone FIMU;<18;Touriste Français;Excursionniste;Periode normale;121
2017-06-17;Samedi;Zone FIMU;<18;Touriste Français;Visiteur;Periode normale;1153
2017-06-17;Samedi;Zone FIMU;>65;Resident;Excursionniste;Periode normale;251
2017-06-17;Samedi;Zone FIMU;>65;Resident;Visiteur;Periode normale;2535
2017-06-17;Samedi;Zone FIMU;>65;Touriste Français;Excursionniste;Periode normale;76
2017-06-17;Samedi;Zone FIMU;>65;Touriste Français;Visiteur;Periode normale;813
2017-06-18;Dimanche;Zone FIMU;18-24;Resident;Excursionniste;Periode normale;61
2017-06-18;Dimanche;Zone FIMU;18-24;Resident;Visiteur;Periode normale;835
2017-06-18;Dimanche;Zone FIMU;18-24;Touriste Français;Excursionniste;Periode normale;36
2017-06-18;Dimanche;Zone FIMU;18-24;Touriste Français;Visiteur;Periode normale;402
2017-06-18;Dimanche;Zone FIMU;25-34;Resident;Excursionniste;Periode normale;65
2017-06-18;Dimanche;Zone FIMU;25-34;Resident;Visiteur;Periode normale;968
2017-06-18;Dimanche;Zone FIMU;25-34;Touriste Français;Excursionniste;Periode normale;62
2017-06-18;Dimanche;Zone FIMU;25-34;Touriste Français;Visiteur;Periode normale;516
2017-06-18;Dimanche;Zone FIMU;35-44;Resident;Excursionniste;Periode normale;94
2017-06-18;Dimanche;Zone FIMU;35-44;Resident;Visiteur;Periode normale;1304
2017-06-18;Dimanche;Zone FIMU;35-44;Touriste Français;Excursionniste;Periode normale;47
2017-06-18;Dimanche;Zone FIMU;35-44;Touriste Français;Visiteur;Periode normale;564
2017-06-18;Dimanche;Zone FIMU;45-54;Resident;Excursionniste;Periode normale;90
2017-06-18;Dimanche;Zone FIMU;45-54;Resident;Visiteur;Periode normale;1148
2017-06-18;Dimanche;Zone FIMU;45-54;Touriste Français;Excursionniste;Periode normale;62
2017-06-18;Dimanche;Zone FIMU;45-54;Touriste Français;Visiteur;Periode normale;549
2017-06-18;Dimanche;Zone FIMU;55-64;Resident;Excursionniste;Periode normale;94
2017-06-18;Dimanche;Zone FIMU;55-64;Resident;Visiteur;Periode normale;1151
2017-06-18;Dimanche;Zone FIMU;55-64;Touriste Français;Excursionniste;Periode normale;59
2017-06-18;Dimanche;Zone FIMU;55-64;Touriste Français;Visiteur;Periode normale;422
2017-06-18;Dimanche;Zone FIMU;<18;Resident;Excursionniste;Periode normale;136
2017-06-18;Dimanche;Zone FIMU;<18;Resident;Visiteur;Periode normale;1827
2017-06-18;Dimanche;Zone FIMU;<18;Touriste Français;Excursionniste;Periode normale;81
2017-06-18;Dimanche;Zone FIMU;<18;Touriste Français;Visiteur;Periode normale;736
2017-06-18;Dimanche;Zone FIMU;>65;Resident;Excursionniste;Periode normale;141
2017-06-18;Dimanche;Zone FIMU;>65;Resident;Visiteur;Periode normale;1901
2017-06-18;Dimanche;Zone FIMU;>65;Touriste Français;Excursionniste;Periode normale;63
2017-06-18;Dimanche;Zone FIMU;>65;Touriste Français;Visiteur;Periode normale;564
2017-06-19;Lundi;Zone FIMU;18-24;Resident;Excursionniste;Periode normale;95
2017-06-19;Lundi;Zone FIMU;18-24;Resident;Visiteur;Periode normale;1188
2017-06-19;Lundi;Zone FIMU;18-24;Touriste Français;Excursionniste;Periode normale;71
2017-06-19;Lundi;Zone FIMU;18-24;Touriste Français;Visiteur;Periode normale;679
2017-06-19;Lundi;Zone FIMU;25-34;Resident;Excursionniste;Periode normale;93
2017-06-19;Lundi;Zone FIMU;25-34;Resident;Visiteur;Periode normale;1390
2017-06-19;Lundi;Zone FIMU;25-34;Touriste Français;Excursionniste;Periode normale;106
2017-06-19;Lundi;Zone FIMU;25-34;Touriste Français;Visiteur;Periode normale;734
2017-06-19;Lundi;Zone FIMU;35-44;Resident;Excursionniste;Periode normale;176
2017-06-19;Lundi;Zone FIMU;35-44;Resident;Visiteur;Periode normale;1730
2017-06-19;Lundi;Zone FIMU;35-44;Touriste Français;Excursionniste;Periode normale;132
2017-06-19;Lundi;Zone FIMU;35-44;Touriste Français;Visiteur;Periode normale;962
2017-06-19;Lundi;Zone FIMU;45-54;Resident;Excursionniste;Periode normale;148
2017-06-19;Lundi;Zone FIMU;45-54;Resident;Visiteur;Periode normale;1821
2017-06-19;Lundi;Zone FIMU;45-54;Touriste Français;Excursionniste;Periode normale;136
2017-06-19;Lundi;Zone FIMU;45-54;Touriste Français;Visiteur;Periode normale;920
2017-06-19;Lundi;Zone FIMU;55-64;Resident;Excursionniste;Periode normale;166
2017-06-19;Lundi;Zone FIMU;55-64;Resident;Visiteur;Periode normale;1782
2017-06-19;Lundi;Zone FIMU;55-64;Touriste Français;Excursionniste;Periode normale;87
2017-06-19;Lundi;Zone FIMU;55-64;Touriste Français;Visiteur;Periode normale;799
2017-06-19;Lundi;Zone FIMU;<18;Resident;Excursionniste;Periode normale;222
2017-06-19;Lundi;Zone FIMU;<18;Resident;Visiteur;Periode normale;2535
2017-06-19;Lundi;Zone FIMU;<18;Touriste Français;Excursionniste;Periode normale;155
2017-06-19;Lundi;Zone FIMU;<18;Touriste Français;Visiteur;Periode normale;1198
2017-06-19;Lundi;Zone FIMU;>65;Resident;Excursionniste;Periode normale;212
2017-06-19;Lundi;Zone FIMU;>65;Resident;Visiteur;Periode normale;2263
2017-06-19;Lundi;Zone FIMU;>65;Touriste Français;Excursionniste;Periode normale;113
2017-06-19;Lundi;Zone FIMU;>65;Touriste Français;Visiteur;Periode normale;852
2017-06-20;Mardi;Zone FIMU;18-24;Resident;Excursionniste;Periode normale;133
2017-06-20;Mardi;Zone FIMU;18-24;Resident;Visiteur;Periode normale;1281
2017-06-20;Mardi;Zone FIMU;18-24;Touriste Français;Excursionniste;Periode normale;80
2017-06-20;Mardi;Zone FIMU;18-24;Touriste Français;Visiteur;Periode normale;755
2017-06-20;Mardi;Zone FIMU;25-34;Resident;Excursionniste;Periode normale;154
2017-06-20;Mardi;Zone FIMU;25-34;Resident;Visiteur;Periode normale;1492
2017-06-20;Mardi;Zone FIMU;25-34;Touriste Français;Excursionniste;Periode normale;120
2017-06-20;Mardi;Zone FIMU;25-34;Touriste Français;Visiteur;Periode normale;908
2017-06-20;Mardi;Zone FIMU;35-44;Resident;Excursionniste;Periode normale;248
2017-06-20;Mardi;Zone FIMU;35-44;Resident;Visiteur;Periode normale;1942
2017-06-20;Mardi;Zone FIMU;35-44;Touriste Français;Excursionniste;Periode normale;89
2017-06-20;Mardi;Zone FIMU;35-44;Touriste Français;Visiteur;Periode normale;999
2017-06-20;Mardi;Zone FIMU;45-54;Resident;Excursionniste;Periode normale;201
2017-06-20;Mardi;Zone FIMU;45-54;Resident;Visiteur;Periode normale;2026
2017-06-20;Mardi;Zone FIMU;45-54;Touriste Français;Excursionniste;Periode normale;158
2017-06-20;Mardi;Zone FIMU;45-54;Touriste Français;Visiteur;Periode normale;1069
2017-06-20;Mardi;Zone FIMU;55-64;Resident;Excursionniste;Periode normale;209
2017-06-20;Mardi;Zone FIMU;55-64;Resident;Visiteur;Periode normale;1890
2017-06-20;Mardi;Zone FIMU;55-64;Touriste Français;Excursionniste;Periode normale;114
2017-06-20;Mardi;Zone FIMU;55-64;Touriste Français;Visiteur;Periode normale;909
2017-06-20;Mardi;Zone FIMU;<18;Resident;Excursionniste;Periode normale;293
2017-06-20;Mardi;Zone FIMU;<18;Resident;Visiteur;Periode normale;2715
2017-06-20;Mardi;Zone FIMU;<18;Touriste Français;Excursionniste;Periode normale;164
2017-06-20;Mardi;Zone FIMU;<18;Touriste Français;Visiteur;Periode normale;1370
2017-06-20;Mardi;Zone FIMU;>65;Resident;Excursionniste;Periode normale;236
2017-06-20;Mardi;Zone FIMU;>65;Resident;Visiteur;Periode normale;2286
2017-06-20;Mardi;Zone FIMU;>65;Touriste Français;Excursionniste;Periode normale;109
2017-06-20;Mardi;Zone FIMU;>65;Touriste Français;Visiteur;Periode normale;998
2017-06-21;Mercredi;Zone FIMU;18-24;Resident;Excursionniste;Periode normale;104
2017-06-21;Mercredi;Zone FIMU;18-24;Resident;Visiteur;Periode normale;1443
2017-06-21;Mercredi;Zone FIMU;18-24;Touriste Français;Excursionniste;Periode normale;98
2017-06-21;Mercredi;Zone FIMU;18-24;Touriste Français;Visiteur;Periode normale;784
2017-06-21;Mercredi;Zone FIMU;25-34;Resident;Excursionniste;Periode normale;138
2017-06-21;Mercredi;Zone FIMU;25-34;Resident;Visiteur;Periode normale;1787
2017-06-21;Mercredi;Zone FIMU;25-34;Touriste Français;Excursionniste;Periode normale;177
2017-06-21;Mercredi;Zone FIMU;25-34;Touriste Français;Visiteur;Periode normale;1107
2017-06-21;Mercredi;Zone FIMU;35-44;Resident;Excursionniste;Periode normale;193
2017-06-21;Mercredi;Zone FIMU;35-44;Resident;Visiteur;Periode normale;2183
2017-06-21;Mercredi;Zone FIMU;35-44;Touriste Français;Excursionniste;Periode normale;91
2017-06-21;Mercredi;Zone FIMU;35-44;Touriste Français;Visiteur;Periode normale;980
2017-06-21;Mercredi;Zone FIMU;45-54;Resident;Excursionniste;Periode normale;134
2017-06-21;Mercredi;Zone FIMU;45-54;Resident;Visiteur;Periode normale;2071
2017-06-21;Mercredi;Zone FIMU;45-54;Touriste Français;Excursionniste;Periode normale;151
2017-06-21;Mercredi;Zone FIMU;45-54;Touriste Français;Visiteur;Periode normale;1043
2017-06-21;Mercredi;Zone FIMU;55-64;Resident;Excursionniste;Periode normale;190
2017-06-21;Mercredi;Zone FIMU;55-64;Resident;Visiteur;Periode normale;2077
2017-06-21;Mercredi;Zone FIMU;55-64;Touriste Français;Excursionniste;Periode normale;124
2017-06-21;Mercredi;Zone FIMU;55-64;Touriste Français;Visiteur;Periode normale;973
2017-06-21;Mercredi;Zone FIMU;<18;Resident;Excursionniste;Periode normale;250
2017-06-21;Mercredi;Zone FIMU;<18;Resident;Visiteur;Periode normale;3012
2017-06-21;Mercredi;Zone FIMU;<18;Touriste Français;Excursionniste;Periode normale;182
2017-06-21;Mercredi;Zone FIMU;<18;Touriste Français;Visiteur;Periode normale;1406
2017-06-21;Mercredi;Zone FIMU;>65;Resident;Excursionniste;Periode normale;245
2017-06-21;Mercredi;Zone FIMU;>65;Resident;Visiteur;Periode normale;2551
2017-06-21;Mercredi;Zone FIMU;>65;Touriste Français;Excursionniste;Periode normale;107
2017-06-21;Mercredi;Zone FIMU;>65;Touriste Français;Visiteur;Periode normale;913
2017-06-22;Jeudi;Zone FIMU;18-24;Resident;Excursionniste;Periode normale;109
2017-06-22;Jeudi;Zone FIMU;18-24;Resident;Visiteur;Periode normale;1194
2017-06-22;Jeudi;Zone FIMU;18-24;Touriste Français;Excursionniste;Periode normale;88
2017-06-22;Jeudi;Zone FIMU;18-24;Touriste Français;Visiteur;Periode normale;672
2017-06-22;Jeudi;Zone FIMU;25-34;Resident;Excursionniste;Periode normale;143
2017-06-22;Jeudi;Zone FIMU;25-34;Resident;Visiteur;Periode normale;1532
2017-06-22;Jeudi;Zone FIMU;25-34;Touriste Français;Excursionniste;Periode normale;154
2017-06-22;Jeudi;Zone FIMU;25-34;Touriste Français;Visiteur;Periode normale;851
2017-06-22;Jeudi;Zone FIMU;35-44;Resident;Excursionniste;Periode normale;215
2017-06-22;Jeudi;Zone FIMU;35-44;Resident;Visiteur;Periode normale;1827
2017-06-22;Jeudi;Zone FIMU;35-44;Touriste Français;Excursionniste;Periode normale;91
2017-06-22;Jeudi;Zone FIMU;35-44;Touriste Français;Visiteur;Periode normale;904
2017-06-22;Jeudi;Zone FIMU;45-54;Resident;Excursionniste;Periode normale;144
2017-06-22;Jeudi;Zone FIMU;45-54;Resident;Visiteur;Periode normale;1895
2017-06-22;Jeudi;Zone FIMU;45-54;Touriste Français;Excursionniste;Periode normale;152
2017-06-22;Jeudi;Zone FIMU;45-54;Touriste Français;Visiteur;Periode normale;956
2017-06-22;Jeudi;Zone FIMU;55-64;Resident;Excursionniste;Periode normale;173
2017-06-22;Jeudi;Zone FIMU;55-64;Resident;Visiteur;Periode normale;1676
2017-06-22;Jeudi;Zone FIMU;55-64;Touriste Français;Excursionniste;Periode normale;154
2017-06-22;Jeudi;Zone FIMU;55-64;Touriste Français;Visiteur;Periode normale;862
2017-06-22;Jeudi;Zone FIMU;<18;Resident;Excursionniste;Periode normale;246
2017-06-22;Jeudi;Zone FIMU;<18;Resident;Visiteur;Periode normale;2582
2017-06-22;Jeudi;Zone FIMU;<18;Touriste Français;Excursionniste;Periode normale;189
2017-06-22;Jeudi;Zone FIMU;<18;Touriste Français;Visiteur;Periode normale;1235
2017-06-22;Jeudi;Zone FIMU;>65;Resident;Excursionniste;Periode normale;206
2017-06-22;Jeudi;Zone FIMU;>65;Resident;Visiteur;Periode normale;2265
2017-06-22;Jeudi;Zone FIMU;>65;Touriste Français;Excursionniste;Periode normale;147
2017-06-22;Jeudi;Zone FIMU;>65;Touriste Français;Visiteur;Periode normale;849
2017-06-23;Vendredi;Zone FIMU;18-24;Resident;Excursionniste;Periode normale;148
2017-06-23;Vendredi;Zone FIMU;18-24;Resident;Visiteur;Periode normale;987
2017-06-23;Vendredi;Zone FIMU;18-24;Touriste Français;Excursionniste;Periode normale;101
2017-06-23;Vendredi;Zone FIMU;18-24;Touriste Français;Visiteur;Periode normale;564
2017-06-23;Vendredi;Zone FIMU;25-34;Resident;Excursionniste;Periode normale;162
2017-06-23;Vendredi;Zone FIMU;25-34;Resident;Visiteur;Periode normale;1069
2017-06-23;Vendredi;Zone FIMU;25-34;Touriste Français;Excursionniste;Periode normale;177
2017-06-23;Vendredi;Zone FIMU;25-34;Touriste Français;Visiteur;Periode normale;671
2017-06-23;Vendredi;Zone FIMU;35-44;Resident;Excursionniste;Periode normale;218
2017-06-23;Vendredi;Zone FIMU;35-44;Resident;Visiteur;Periode normale;1375
2017-06-23;Vendredi;Zone FIMU;35-44;Touriste Français;Excursionniste;Periode normale;106
2017-06-23;Vendredi;Zone FIMU;35-44;Touriste Français;Visiteur;Periode normale;687
2017-06-23;Vendredi;Zone FIMU;45-54;Resident;Excursionniste;Periode normale;184
2017-06-23;Vendredi;Zone FIMU;45-54;Resident;Visiteur;Periode normale;1392
2017-06-23;Vendredi;Zone FIMU;45-54;Touriste Français;Excursionniste;Periode normale;173
2017-06-23;Vendredi;Zone FIMU;45-54;Touriste Français;Visiteur;Periode normale;848
2017-06-23;Vendredi;Zone FIMU;55-64;Resident;Excursionniste;Periode normale;247
2017-06-23;Vendredi;Zone FIMU;55-64;Resident;Visiteur;Periode normale;1491
2017-06-23;Vendredi;Zone FIMU;55-64;Touriste Français;Excursionniste;Periode normale;165
2017-06-23;Vendredi;Zone FIMU;55-64;Touriste Français;Visiteur;Periode normale;775
2017-06-23;Vendredi;Zone FIMU;<18;Resident;Excursionniste;Periode normale;311
2017-06-23;Vendredi;Zone FIMU;<18;Resident;Visiteur;Periode normale;2041
2017-06-23;Vendredi;Zone FIMU;<18;Touriste Français;Excursionniste;Periode normale;213
2017-06-23;Vendredi;Zone FIMU;<18;Touriste Français;Visiteur;Periode normale;1043
2017-06-23;Vendredi;Zone FIMU;>65;Resident;Excursionniste;Periode normale;288
2017-06-23;Vendredi;Zone FIMU;>65;Resident;Visiteur;Periode normale;1876
2017-06-23;Vendredi;Zone FIMU;>65;Touriste Français;Excursionniste;Periode normale;154
2017-06-23;Vendredi;Zone FIMU;>65;Touriste Français;Visiteur;Periode normale;745
