Date;JourDeLaSemaine;TypeNuitee;ZoneNuitee;ZoneAnalyse;CategorieVisiteurs;TypeDeJour;Volume
2017-05-10;Mercredi;Veille;Agglomeration de Belfort;Zone FIMU;Resident;Periode normale;2635
2017-05-10;Mercredi;Veille;Agglomeration de Belfort;Zone FIMU;Touriste Etranger;Periode normale;9338
2017-05-10;Mercredi;Veille;Agglomeration de Belfort;Zone FIMU;Touriste Français;Periode normale;998
2017-05-10;Mercredi;Veille;Agglomeration de Hericourt;Zone FIMU;Resident;Periode normale;#
2017-05-10;Mercredi;Veille;Agglomeration de Hericourt;Zone FIMU;Touriste Français;Periode normale;5527
2017-05-10;Mercredi;Veille;Agglomeration de Montbeliard;Zone FIMU;Resident;Periode normale;1177
2017-05-10;Mercredi;Veille;Agglomeration de Montbeliard;Zone FIMU;Touriste Etranger;Periode normale;#
2017-05-10;Mercredi;Veille;Agglomeration de Montbeliard;Zone FIMU;Touriste Français;Periode normale;767
2017-05-10;Mercredi;Veille;Haut Rhin Nord;Zone FIMU;Touriste Etranger;Periode normale;#
2017-05-10;Mercredi;Veille;Haut Rhin Nord;Zone FIMU;Touriste Français;Periode normale;6161
2017-05-10;Mercredi;Veille;Haut Rhin Sud;Zone FIMU;Touriste Etranger;Periode normale;#
2017-05-10;Mercredi;Veille;Haut Rhin Sud;Zone FIMU;Touriste Français;Periode normale;7462
2017-05-10;Mercredi;Veille;Reste Doubs;Zone FIMU;Resident;Periode normale;#
2017-05-10;Mercredi;Veille;Reste Doubs;Zone FIMU;Touriste Français;Periode normale;2417
2017-05-10;Mercredi;Veille;Reste Haute Saone;Zone FIMU;Resident;Periode normale;7092
2017-05-10;Mercredi;Veille;Reste Haute Saone;Zone FIMU;Touriste Français;Periode normale;8554
2017-05-10;Mercredi;Veille;Reste Territoire de Belfort;Zone FIMU;Resident;Periode normale;6985
2017-05-10;Mercredi;Veille;Reste Territoire de Belfort;Zone FIMU;Touriste Etranger;Periode normale;#
2017-05-10;Mercredi;Veille;Reste Territoire de Belfort;Zone FIMU;Touriste Français;Periode normale;3320
2017-05-10;Mercredi;Veille;Ville de Belfort;Zone FIMU;Resident;Periode normale;4760
2017-05-10;Mercredi;Veille;Ville de Belfort;Zone FIMU;Touriste Etranger;Periode normale;2365
2017-05-10;Mercredi;Veille;Ville de Belfort;Zone FIMU;Touriste Français;Periode normale;7687
2017-05-10;Mercredi;Veille;Vosges;Zone FIMU;Touriste Français;Periode normale;2729
2017-05-11;Jeudi;Veille;Agglomeration de Belfort;Zone FIMU;Resident;Periode normale;4420
2017-05-11;Jeudi;Veille;Agglomeration de Belfort;Zone FIMU;Touriste Français;Periode normale;6117
2017-05-11;Jeudi;Veille;Agglomeration de Hericourt;Zone FIMU;Resident;Periode normale;5291
2017-05-11;Jeudi;Veille;Agglomeration de Hericourt;Zone FIMU;Touriste Français;Periode normale;7342
2017-05-11;Jeudi;Veille;Agglomeration de Montbeliard;Zone FIMU;Resident;Periode normale;6341
2017-05-11;Jeudi;Veille;Agglomeration de Montbeliard;Zone FIMU;Touriste Français;Periode normale;4043
2017-05-11;Jeudi;Veille;Haut Rhin Nord;Zone FIMU;Touriste Français;Periode normale;4067
2017-05-11;Jeudi;Veille;Haut Rhin Sud;Zone FIMU;Resident;Periode normale;#
2017-05-11;Jeudi;Veille;Haut Rhin Sud;Zone FIMU;Touriste Etranger;Periode normale;#
2017-05-11;Jeudi;Veille;Haut Rhin Sud;Zone FIMU;Touriste Français;Periode normale;2274
2017-05-11;Jeudi;Veille;Reste Doubs;Zone FIMU;Touriste Etranger;Periode normale;#
2017-05-11;Jeudi;Veille;Reste Doubs;Zone FIMU;Touriste Français;Periode normale;934
2017-05-11;Jeudi;Veille;Reste Haute Saone;Zone FIMU;Resident;Periode normale;9162
2017-05-11;Jeudi;Veille;Reste Haute Saone;Zone FIMU;Touriste Français;Periode normale;9896
2017-05-11;Jeudi;Veille;Reste Territoire de Belfort;Zone FIMU;Resident;Periode normale;212
2017-05-11;Jeudi;Veille;Reste Territoire de Belfort;Zone FIMU;Touriste Français;Periode normale;9917
2017-05-11;Jeudi;Veille;Ville de Belfort;Zone FIMU;Resident;Periode normale;1213
2017-05-11;Jeudi;Veille;Ville de Belfort;Zone FIMU;Touriste Etranger;Periode normale;8965
2017-05-11;Jeudi;Veille;Ville de Belfort;Zone FIMU;Touriste Français;Periode normale;9354
2017-05-11;Jeudi;Veille;Vosges;Zone FIMU;Resident;Periode normale;213
2017-05-11;Jeudi;Veille;Vosges;Zone FIMU;Touriste Français;Periode normale;#
2017-05-12;Vendredi;Veille;Agglomeration de Belfort;Zone FIMU;Resident;Periode normale;1679
2017-05-12;Vendredi;Veille;Agglomeration de Belfort;Zone FIMU;Touriste Etranger;Periode normale;#
2017-05-12;Vendredi;Veille;Agglomeration de Belfort;Zone FIMU;Touriste Français;Periode normale;3855
2017-05-12;Vendredi;Veille;Agglomeration de Hericourt;Zone FIMU;Resident;Periode normale;7325
2017-05-12;Vendredi;Veille;Agglomeration de Hericourt;Zone FIMU;Touriste Français;Periode normale;5614
2017-05-12;Vendredi;Veille;Agglomeration de Montbeliard;Zone FIMU;Resident;Periode normale;2638
2017-05-12;Vendredi;Veille;Agglomeration de Montbeliard;Zone FIMU;Touriste Etranger;Periode normale;#
2017-05-12;Vendredi;Veille;Agglomeration de Montbeliard;Zone FIMU;Touriste Français;Periode normale;2007
2017-05-12;Vendredi;Veille;Haut Rhin Nord;Zone FIMU;Resident;Periode normale;#
2017-05-12;Vendredi;Veille;Haut Rhin Nord;Zone FIMU;Touriste Français;Periode normale;3921
2017-05-12;Vendredi;Veille;Haut Rhin Sud;Zone FIMU;Touriste Français;Periode normale;2812
2017-05-12;Vendredi;Veille;Reste Doubs;Zone FIMU;Resident;Periode normale;2697
2017-05-12;Vendredi;Veille;Reste Doubs;Zone FIMU;Touriste Etranger;Periode normale;#
2017-05-12;Vendredi;Veille;Reste Doubs;Zone FIMU;Touriste Français;Periode normale;5609
2017-05-12;Vendredi;Veille;Reste Haute Saone;Zone FIMU;Resident;Periode normale;9297
2017-05-12;Vendredi;Veille;Reste Haute Saone;Zone FIMU;Touriste Français;Periode normale;8381
2017-05-12;Vendredi;Veille;Reste Territoire de Belfort;Zone FIMU;Resident;Periode normale;4969
2017-05-12;Vendredi;Veille;Reste Territoire de Belfort;Zone FIMU;Touriste Etranger;Periode normale;#
2017-05-12;Vendredi;Veille;Reste Territoire de Belfort;Zone FIMU;Touriste Français;Periode normale;5512
2017-05-12;Vendredi;Veille;Ville de Belfort;Zone FIMU;Resident;Periode normale;66
2017-05-12;Vendredi;Veille;Ville de Belfort;Zone FIMU;Touriste Etranger;Periode normale;5097
2017-05-12;Vendredi;Veille;Ville de Belfort;Zone FIMU;Touriste Français;Periode normale;1445
2017-05-12;Vendredi;Veille;Vosges;Zone FIMU;Resident;Periode normale;#
2017-05-12;Vendredi;Veille;Vosges;Zone FIMU;Touriste Français;Periode normale;2536
2017-05-14;Dimanche;Veille;Agglomeration de Belfort;Zone FIMU;Resident;Periode normale;7615
2017-05-14;Dimanche;Veille;Agglomeration de Belfort;Zone FIMU;Touriste Etranger;Periode normale;#
2017-05-14;Dimanche;Veille;Agglomeration de Belfort;Zone FIMU;Touriste Français;Periode normale;8346
2017-05-14;Dimanche;Veille;Agglomeration de Hericourt;Zone FIMU;Resident;Periode normale;8293
2017-05-14;Dimanche;Veille;Agglomeration de Hericourt;Zone FIMU;Touriste Français;Periode normale;7416
2017-05-14;Dimanche;Veille;Agglomeration de Montbeliard;Zone FIMU;Resident;Periode normale;5635
2017-05-14;Dimanche;Veille;Agglomeration de Montbeliard;Zone FIMU;Touriste Français;Periode normale;9747
2017-05-14;Dimanche;Veille;Haut Rhin Nord;Zone FIMU;Touriste Français;Periode normale;7649
2017-05-14;Dimanche;Veille;Haut Rhin Sud;Zone FIMU;Resident;Periode normale;5828
2017-05-14;Dimanche;Veille;Haut Rhin Sud;Zone FIMU;Touriste Français;Periode normale;4737
2017-05-14;Dimanche;Veille;Reste Doubs;Zone FIMU;Resident;Periode normale;#
2017-05-14;Dimanche;Veille;Reste Doubs;Zone FIMU;Touriste Français;Periode normale;391
2017-05-14;Dimanche;Veille;Reste Haute Saone;Zone FIMU;Resident;Periode normale;7153
2017-05-14;Dimanche;Veille;Reste Haute Saone;Zone FIMU;Touriste Français;Periode normale;9621
2017-05-14;Dimanche;Veille;Reste Territoire de Belfort;Zone FIMU;Resident;Periode normale;2002
2017-05-14;Dimanche;Veille;Reste Territoire de Belfort;Zone FIMU;Touriste Français;Periode normale;4286
2017-05-14;Dimanche;Veille;Ville de Belfort;Zone FIMU;Resident;Periode normale;6437
2017-05-14;Dimanche;Veille;Ville de Belfort;Zone FIMU;Touriste Etranger;Periode normale;1323
2017-05-14;Dimanche;Veille;Ville de Belfort;Zone FIMU;Touriste Français;Periode normale;4618
2017-05-14;Dimanche;Veille;Vosges;Zone FIMU;Touriste Français;Periode normale;8389
2017-05-15;Lundi;Veille;Agglomeration de Belfort;Zone FIMU;Resident;Periode normale;1835
2017-05-15;Lundi;Veille;Agglomeration de Belfort;Zone FIMU;Touriste Etranger;Periode normale;#
2017-05-15;Lundi;Veille;Agglomeration de Belfort;Zone FIMU;Touriste Français;Periode normale;2482
2017-05-15;Lundi;Veille;Agglomeration de Hericourt;Zone FIMU;Resident;Periode normale;#
2017-05-15;Lundi;Veille;Agglomeration de Hericourt;Zone FIMU;Touriste Etranger;Periode normale;#
2017-05-15;Lundi;Veille;Agglomeration de Hericourt;Zone FIMU;Touriste Français;Periode normale;7071
2017-05-15;Lundi;Veille;Agglomeration de Montbeliard;Zone FIMU;Resident;Periode normale;3607
2017-05-15;Lundi;Veille;Agglomeration de Montbeliard;Zone FIMU;Touriste Etranger;Periode normale;#
2017-05-15;Lundi;Veille;Agglomeration de Montbeliard;Zone FIMU;Touriste Français;Periode normale;7642
2017-05-15;Lundi;Veille;Haut Rhin Nord;Zone FIMU;Touriste Français;Periode normale;#
2017-05-15;Lundi;Veille;Haut Rhin Sud;Zone FIMU;Resident;Periode normale;5153
2017-05-15;Lundi;Veille;Haut Rhin Sud;Zone FIMU;Touriste Français;Periode normale;6981
2017-05-15;Lundi;Veille;Reste Doubs;Zone FIMU;Touriste Français;Periode normale;31
2017-05-15;Lundi;Veille;Reste Haute Saone;Zone FIMU;Resident;Periode normale;9973
2017-05-15;Lundi;Veille;Reste Haute Saone;Zone FIMU;Touriste Français;Periode normale;2821
2017-05-15;Lundi;Veille;Reste Territoire de Belfort;Zone FIMU;Resident;Periode normale;7872
2017-05-15;Lundi;Veille;Reste Territoire de Belfort;Zone FIMU;Touriste Etranger;Periode normale;#
2017-05-15;Lundi;Veille;Reste Territoire de Belfort;Zone FIMU;Touriste Français;Periode normale;8740
2017-05-15;Lundi;Veille;Ville de Belfort;Zone FIMU;Resident;Periode normale;24
2017-05-15;Lundi;Veille;Ville de Belfort;Zone FIMU;Touriste Etranger;Periode normale;1550
2017-05-15;Lundi;Veille;Ville de Belfort;Zone FIMU;Touriste Français;Periode normale;6073
2017-05-15;Lundi;Veille;Vosges;Zone FIMU;Resident;Periode normale;3412
2017-05-15;Lundi;Veille;Vosges;Zone FIMU;Touriste Français;Periode normale;#
2017-05-16;Mardi;Veille;Agglomeration de Belfort;Zone FIMU;Resident;Periode normale;8922
2017-05-16;Mardi;Veille;Agglomeration de Belfort;Zone FIMU;Touriste Etranger;Periode normale;#
2017-05-16;Mardi;Veille;Agglomeration de Belfort;Zone FIMU;Touriste Français;Periode normale;6314
2017-05-16;Mardi;Veille;Agglomeration de Hericourt;Zone FIMU;Resident;Periode normale;#
2017-05-16;Mardi;Veille;Agglomeration de Hericourt;Zone FIMU;Touriste Français;Periode normale;5139
2017-05-16;Mardi;Veille;Agglomeration de Montbeliard;Zone FIMU;Resident;Periode normale;9095
2017-05-16;Mardi;Veille;Agglomeration de Montbeliard;Zone FIMU;Touriste Etranger;Periode normale;#
2017-05-16;Mardi;Veille;Agglomeration de Montbeliard;Zone FIMU;Touriste Français;Periode normale;5713
2017-05-16;Mardi;Veille;Haut Rhin Nord;Zone FIMU;Touriste Français;Periode normale;9077
2017-05-16;Mardi;Veille;Haut Rhin Sud;Zone FIMU;Resident;Periode normale;4379
2017-05-16;Mardi;Veille;Haut Rhin Sud;Zone FIMU;Touriste Français;Periode normale;9568
2017-05-16;Mardi;Veille;Reste Doubs;Zone FIMU;Resident;Periode normale;#
2017-05-16;Mardi;Veille;Reste Doubs;Zone FIMU;Touriste Etranger;Periode normale;#
2017-05-16;Mardi;Veille;Reste Doubs;Zone FIMU;Touriste Français;Periode normale;7486
2017-05-16;Mardi;Veille;Reste Haute Saone;Zone FIMU;Resident;Periode normale;6396
2017-05-16;Mardi;Veille;Reste Haute Saone;Zone FIMU;Touriste Français;Periode normale;4082
2017-05-16;Mardi;Veille;Reste Territoire de Belfort;Zone FIMU;Resident;Periode normale;9322
2017-05-16;Mardi;Veille;Reste Territoire de Belfort;Zone FIMU;Touriste Etranger;Periode normale;#
2017-05-16;Mardi;Veille;Reste Territoire de Belfort;Zone FIMU;Touriste Français;Periode normale;7795
2017-05-16;Mardi;Veille;Ville de Belfort;Zone FIMU;Resident;Periode normale;3511
2017-05-16;Mardi;Veille;Ville de Belfort;Zone FIMU;Touriste Etranger;Periode normale;9297
2017-05-16;Mardi;Veille;Ville de Belfort;Zone FIMU;Touriste Français;Periode normale;8743
2017-05-16;Mardi;Veille;Vosges;Zone FIMU;Touriste Français;Periode normale;8763
2017-05-17;Mercredi;Veille;Agglomeration de Belfort;Zone FIMU;Resident;Periode normale;1647
2017-05-17;Mercredi;Veille;Agglomeration de Belfort;Zone FIMU;Touriste Etranger;Periode normale;#
2017-05-17;Mercredi;Veille;Agglomeration de Belfort;Zone FIMU;Touriste Français;Periode normale;6818
2017-05-17;Mercredi;Veille;Agglomeration de Hericourt;Zone FIMU;Resident;Periode normale;2633
2017-05-17;Mercredi;Veille;Agglomeration de Hericourt;Zone FIMU;Touriste Français;Periode normale;3470
2017-05-17;Mercredi;Veille;Agglomeration de Montbeliard;Zone FIMU;Resident;Periode normale;753
2017-05-17;Mercredi;Veille;Agglomeration de Montbeliard;Zone FIMU;Touriste Français;Periode normale;4792
2017-05-17;Mercredi;Veille;Haut Rhin Nord;Zone FIMU;Touriste Français;Periode normale;4388
2017-05-17;Mercredi;Veille;Haut Rhin Sud;Zone FIMU;Resident;Periode normale;2318
2017-05-17;Mercredi;Veille;Haut Rhin Sud;Zone FIMU;Touriste Français;Periode normale;1802
2017-05-17;Mercredi;Veille;Reste Doubs;Zone FIMU;Resident;Periode normale;4265
2017-05-17;Mercredi;Veille;Reste Doubs;Zone FIMU;Touriste Français;Periode normale;4653
2017-05-17;Mercredi;Veille;Reste Haute Saone;Zone FIMU;Resident;Periode normale;232
2017-05-17;Mercredi;Veille;Reste Haute Saone;Zone FIMU;Touriste Français;Periode normale;8305
2017-05-17;Mercredi;Veille;Reste Territoire de Belfort;Zone FIMU;Resident;Periode normale;4896
2017-05-17;Mercredi;Veille;Reste Territoire de Belfort;Zone FIMU;Touriste Etranger;Periode normale;#
2017-05-17;Mercredi;Veille;Reste Territoire de Belfort;Zone FIMU;Touriste Français;Periode normale;3098
2017-05-17;Mercredi;Veille;Ville de Belfort;Zone FIMU;Resident;Periode normale;4818
2017-05-17;Mercredi;Veille;Ville de Belfort;Zone FIMU;Touriste Etranger;Periode normale;1540
2017-05-17;Mercredi;Veille;Ville de Belfort;Zone FIMU;Touriste Français;Periode normale;7714
2017-05-17;Mercredi;Veille;Vosges;Zone FIMU;Touriste Français;Periode normale;#
2017-05-18;Jeudi;Veille;Agglomeration de Belfort;Zone FIMU;Resident;Periode normale;393
2017-05-18;Jeudi;Veille;Agglomeration de Belfort;Zone FIMU;Touriste Etranger;Periode normale;#
2017-05-18;Jeudi;Veille;Agglomeration de Belfort;Zone FIMU;Touriste Français;Periode normale;3868
2017-05-18;Jeudi;Veille;Agglomeration de Hericourt;Zone FIMU;Resident;Periode normale;#
2017-05-18;Jeudi;Veille;Agglomeration de Hericourt;Zone FIMU;Touriste Français;Periode normale;9501
2017-05-18;Jeudi;Veille;Agglomeration de Montbeliard;Zone FIMU;Resident;Periode normale;9179
2017-05-18;Jeudi;Veille;Agglomeration de Montbeliard;Zone FIMU;Touriste Etranger;Periode normale;#
2017-05-18;Jeudi;Veille;Agglomeration de Montbeliard;Zone FIMU;Touriste Français;Periode normale;2113
2017-05-18;Jeudi;Veille;Haut Rhin Nord;Zone FIMU;Touriste Français;Periode normale;8543
2017-05-18;Jeudi;Veille;Haut Rhin Sud;Zone FIMU;Resident;Periode normale;2202
2017-05-18;Jeudi;Veille;Haut Rhin Sud;Zone FIMU;Touriste Français;Periode normale;3982
2017-05-18;Jeudi;Veille;Reste Doubs;Zone FIMU;Touriste Etranger;Periode normale;#
2017-05-18;Jeudi;Veille;Reste Doubs;Zone FIMU;Touriste Français;Periode normale;5303
2017-05-18;Jeudi;Veille;Reste Haute Saone;Zone FIMU;Resident;Periode normale;9290
2017-05-18;Jeudi;Veille;Reste Haute Saone;Zone FIMU;Touriste Français;Periode normale;9882
2017-05-18;Jeudi;Veille;Reste Territoire de Belfort;Zone FIMU;Resident;Periode normale;4899
2017-05-18;Jeudi;Veille;Reste Territoire de Belfort;Zone FIMU;Touriste Etranger;Periode normale;#
2017-05-18;Jeudi;Veille;Reste Territoire de Belfort;Zone FIMU;Touriste Français;Periode normale;712
2017-05-18;Jeudi;Veille;Ville de Belfort;Zone FIMU;Resident;Periode normale;9314
2017-05-18;Jeudi;Veille;Ville de Belfort;Zone FIMU;Touriste Etranger;Periode normale;3894
2017-05-18;Jeudi;Veille;Ville de Belfort;Zone FIMU;Touriste Français;Periode normale;7922
2017-05-18;Jeudi;Veille;Vosges;Zone FIMU;Touriste Français;Periode normale;#
2017-05-19;Vendredi;Veille;Agglomeration de Belfort;Zone FIMU;Resident;Periode normale;5618
2017-05-19;Vendredi;Veille;Agglomeration de Belfort;Zone FIMU;Touriste Etranger;Periode normale;#
2017-05-19;Vendredi;Veille;Agglomeration de Belfort;Zone FIMU;Touriste Français;Periode normale;5546
2017-05-19;Vendredi;Veille;Agglomeration de Hericourt;Zone FIMU;Resident;Periode normale;#
2017-05-19;Vendredi;Veille;Agglomeration de Hericourt;Zone FIMU;Touriste Français;Periode normale;358
2017-05-19;Vendredi;Veille;Agglomeration de Montbeliard;Zone FIMU;Resident;Periode normale;8866
2017-05-19;Vendredi;Veille;Agglomeration de Montbeliard;Zone FIMU;Touriste Français;Periode normale;8458
2017-05-19;Vendredi;Veille;Haut Rhin Nord;Zone FIMU;Touriste Français;Periode normale;1684
2017-05-19;Vendredi;Veille;Haut Rhin Sud;Zone FIMU;Touriste Etranger;Periode normale;#
2017-05-19;Vendredi;Veille;Haut Rhin Sud;Zone FIMU;Touriste Français;Periode normale;9234
2017-05-19;Vendredi;Veille;Reste Doubs;Zone FIMU;Resident;Periode normale;6438
2017-05-19;Vendredi;Veille;Reste Doubs;Zone FIMU;Touriste Etranger;Periode normale;#
2017-05-19;Vendredi;Veille;Reste Doubs;Zone FIMU;Touriste Français;Periode normale;5548
2017-05-19;Vendredi;Veille;Reste Haute Saone;Zone FIMU;Resident;Periode normale;715
2017-05-19;Vendredi;Veille;Reste Haute Saone;Zone FIMU;Touriste Français;Periode normale;1519
2017-05-19;Vendredi;Veille;Reste Territoire de Belfort;Zone FIMU;Resident;Periode normale;2581
2017-05-19;Vendredi;Veille;Reste Territoire de Belfort;Zone FIMU;Touriste Etranger;Periode normale;#
2017-05-19;Vendredi;Veille;Reste Territoire de Belfort;Zone FIMU;Touriste Français;Periode normale;9857
2017-05-19;Vendredi;Veille;Ville de Belfort;Zone FIMU;Resident;Periode normale;7302
2017-05-19;Vendredi;Veille;Ville de Belfort;Zone FIMU;Touriste Etranger;Periode normale;7143
2017-05-19;Vendredi;Veille;Ville de Belfort;Zone FIMU;Touriste Français;Periode normale;8916
2017-05-19;Vendredi;Veille;Vosges;Zone FIMU;Resident;Periode normale;#
2017-05-19;Vendredi;Veille;Vosges;Zone FIMU;Touriste Français;Periode normale;9199
2017-05-20;Samedi;Veille;Agglomeration de Belfort;Zone FIMU;Resident;Periode normale;2408
2017-05-20;Samedi;Veille;Agglomeration de Belfort;Zone FIMU;Touriste Etranger;Periode normale;#
2017-05-20;Samedi;Veille;Agglomeration de Belfort;Zone FIMU;Touriste Français;Periode normale;8630
2017-05-20;Samedi;Veille;Agglomeration de Hericourt;Zone FIMU;Touriste Français;Periode normale;6412
2017-05-20;Samedi;Veille;Agglomeration de Montbeliard;Zone FIMU;Resident;Periode normale;3894
2017-05-20;Samedi;Veille;Agglomeration de Montbeliard;Zone FIMU;Touriste Français;Periode normale;5259
2017-05-20;Samedi;Veille;Haut Rhin Nord;Zone FIMU;Touriste Etranger;Periode normale;#
2017-05-20;Samedi;Veille;Haut Rhin Nord;Zone FIMU;Touriste Français;Periode normale;6382
2017-05-20;Samedi;Veille;Haut Rhin Sud;Zone FIMU;Resident;Periode normale;4648
2017-05-20;Samedi;Veille;Haut Rhin Sud;Zone FIMU;Touriste Français;Periode normale;3990
2017-05-20;Samedi;Veille;Reste Doubs;Zone FIMU;Resident;Periode normale;2586
2017-05-20;Samedi;Veille;Reste Doubs;Zone FIMU;Touriste Etranger;Periode normale;#
2017-05-20;Samedi;Veille;Reste Doubs;Zone FIMU;Touriste Français;Periode normale;7899
2017-05-20;Samedi;Veille;Reste Haute Saone;Zone FIMU;Resident;Periode normale;5628
2017-05-20;Samedi;Veille;Reste Haute Saone;Zone FIMU;Touriste Français;Periode normale;5867
2017-05-20;Samedi;Veille;Reste Territoire de Belfort;Zone FIMU;Resident;Periode normale;6519
2017-05-20;Samedi;Veille;Reste Territoire de Belfort;Zone FIMU;Touriste Etranger;Periode normale;#
2017-05-20;Samedi;Veille;Reste Territoire de Belfort;Zone FIMU;Touriste Français;Periode normale;1181
2017-05-20;Samedi;Veille;Ville de Belfort;Zone FIMU;Resident;Periode normale;5742
2017-05-20;Samedi;Veille;Ville de Belfort;Zone FIMU;Touriste Etranger;Periode normale;7228
2017-05-20;Samedi;Veille;Ville de Belfort;Zone FIMU;Touriste Français;Periode normale;5866
2017-05-20;Samedi;Veille;Vosges;Zone FIMU;Touriste Français;Periode normale;7435
2017-05-21;Dimanche;Veille;Agglomeration de Belfort;Zone FIMU;Resident;Periode normale;7233
2017-05-21;Dimanche;Veille;Agglomeration de Belfort;Zone FIMU;Touriste Français;Periode normale;7169
2017-05-21;Dimanche;Veille;Agglomeration de Hericourt;Zone FIMU;Touriste Français;Periode normale;9395
2017-05-21;Dimanche;Veille;Agglomeration de Montbeliard;Zone FIMU;Touriste Etranger;Periode normale;#
2017-05-21;Dimanche;Veille;Agglomeration de Montbeliard;Zone FIMU;Touriste Français;Periode normale;2134
2017-05-21;Dimanche;Veille;Haut Rhin Nord;Zone FIMU;Touriste Français;Periode normale;3152
2017-05-21;Dimanche;Veille;Haut Rhin Sud;Zone FIMU;Resident;Periode normale;4316
2017-05-21;Dimanche;Veille;Haut Rhin Sud;Zone FIMU;Touriste Etranger;Periode normale;#
2017-05-21;Dimanche;Veille;Haut Rhin Sud;Zone FIMU;Touriste Français;Periode normale;6898
2017-05-21;Dimanche;Veille;Reste Doubs;Zone FIMU;Resident;Periode normale;#
2017-05-21;Dimanche;Veille;Reste Doubs;Zone FIMU;Touriste Etranger;Periode normale;#
2017-05-21;Dimanche;Veille;Reste Doubs;Zone FIMU;Touriste Français;Periode normale;5771
2017-05-21;Dimanche;Veille;Reste Haute Saone;Zone FIMU;Resident;Periode normale;2946
2017-05-21;Dimanche;Veille;Reste Haute Saone;Zone FIMU;Touriste Français;Periode normale;7392
2017-05-21;Dimanche;Veille;Reste Territoire de Belfort;Zone FIMU;Resident;Periode normale;8588
2017-05-21;Dimanche;Veille;Reste Territoire de Belfort;Zone FIMU;Touriste Français;Periode normale;9390
2017-05-21;Dimanche;Veille;Ville de Belfort;Zone FIMU;Resident;Periode normale;3686
2017-05-21;Dimanche;Veille;Ville de Belfort;Zone FIMU;Touriste Etranger;Periode normale;656
2017-05-21;Dimanche;Veille;Ville de Belfort;Zone FIMU;Touriste Français;Periode normale;2849
2017-05-21;Dimanche;Veille;Vosges;Zone FIMU;Touriste Etranger;Periode normale;#
2017-05-22;Lundi;Veille;Agglomeration de Belfort;Zone FIMU;Resident;Periode normale;2196
2017-05-22;Lundi;Veille;Agglomeration de Belfort;Zone FIMU;Touriste Etranger;Periode normale;#
2017-05-22;Lundi;Veille;Agglomeration de Belfort;Zone FIMU;Touriste Français;Periode normale;912
2017-05-22;Lundi;Veille;Agglomeration de Hericourt;Zone FIMU;Resident;Periode normale;#
2017-05-22;Lundi;Veille;Agglomeration de Hericourt;Zone FIMU;Touriste Etranger;Periode normale;#
2017-05-22;Lundi;Veille;Agglomeration de Hericourt;Zone FIMU;Touriste Français;Periode normale;5825
2017-05-22;Lundi;Veille;Agglomeration de Montbeliard;Zone FIMU;Resident;Periode normale;822
2017-05-22;Lundi;Veille;Agglomeration de Montbeliard;Zone FIMU;Touriste Etranger;Periode normale;#
2017-05-22;Lundi;Veille;Agglomeration de Montbeliard;Zone FIMU;Touriste Français;Periode normale;3061
2017-05-22;Lundi;Veille;Haut Rhin Nord;Zone FIMU;Touriste Français;Periode normale;2922
2017-05-22;Lundi;Veille;Haut Rhin Sud;Zone FIMU;Resident;Periode normale;4217
2017-05-22;Lundi;Veille;Haut Rhin Sud;Zone FIMU;Touriste Français;Periode normale;5831
2017-05-22;Lundi;Veille;Reste Doubs;Zone FIMU;Resident;Periode normale;#
2017-05-22;Lundi;Veille;Reste Doubs;Zone FIMU;Touriste Etranger;Periode normale;#
2017-05-22;Lundi;Veille;Reste Doubs;Zone FIMU;Touriste Français;Periode normale;7753
2017-05-22;Lundi;Veille;Reste Haute Saone;Zone FIMU;Resident;Periode normale;2498
2017-05-22;Lundi;Veille;Reste Haute Saone;Zone FIMU;Touriste Français;Periode normale;7832
2017-05-22;Lundi;Veille;Reste Territoire de Belfort;Zone FIMU;Resident;Periode normale;8932
2017-05-22;Lundi;Veille;Reste Territoire de Belfort;Zone FIMU;Touriste Français;Periode normale;1602
2017-05-22;Lundi;Veille;Ville de Belfort;Zone FIMU;Resident;Periode normale;8791
2017-05-22;Lundi;Veille;Ville de Belfort;Zone FIMU;Touriste Etranger;Periode normale;1473
2017-05-22;Lundi;Veille;Ville de Belfort;Zone FIMU;Touriste Français;Periode normale;3037
2017-05-23;Mardi;Veille;Agglomeration de Belfort;Zone FIMU;Resident;Periode normale;8772
2017-05-23;Mardi;Veille;Agglomeration de Belfort;Zone FIMU;Touriste Français;Periode normale;4088
2017-05-23;Mardi;Veille;Agglomeration de Hericourt;Zone FIMU;Resident;Periode normale;9652
2017-05-23;Mardi;Veille;Agglomeration de Hericourt;Zone FIMU;Touriste Etranger;Periode normale;#
2017-05-23;Mardi;Veille;Agglomeration de Hericourt;Zone FIMU;Touriste Français;Periode normale;8757
2017-05-23;Mardi;Veille;Agglomeration de Montbeliard;Zone FIMU;Resident;Periode normale;3462
2017-05-23;Mardi;Veille;Agglomeration de Montbeliard;Zone FIMU;Touriste Français;Periode normale;6375
2017-05-23;Mardi;Veille;Haut Rhin Nord;Zone FIMU;Touriste Français;Periode normale;6332
2017-05-23;Mardi;Veille;Haut Rhin Sud;Zone FIMU;Resident;Periode normale;5833
2017-05-23;Mardi;Veille;Haut Rhin Sud;Zone FIMU;Touriste Français;Periode normale;8241
2017-05-23;Mardi;Veille;Reste Doubs;Zone FIMU;Touriste Etranger;Periode normale;#
2017-05-23;Mardi;Veille;Reste Doubs;Zone FIMU;Touriste Français;Periode normale;2213
2017-05-23;Mardi;Veille;Reste Haute Saone;Zone FIMU;Resident;Periode normale;504
2017-05-23;Mardi;Veille;Reste Haute Saone;Zone FIMU;Touriste Français;Periode normale;3868
2017-05-23;Mardi;Veille;Reste Territoire de Belfort;Zone FIMU;Resident;Periode normale;7680
2017-05-23;Mardi;Veille;Reste Territoire de Belfort;Zone FIMU;Touriste Etranger;Periode normale;#
2017-05-23;Mardi;Veille;Reste Territoire de Belfort;Zone FIMU;Touriste Français;Periode normale;7729
2017-05-23;Mardi;Veille;Ville de Belfort;Zone FIMU;Resident;Periode normale;1802
2017-05-23;Mardi;Veille;Ville de Belfort;Zone FIMU;Touriste Etranger;Periode normale;2373
2017-05-23;Mardi;Veille;Ville de Belfort;Zone FIMU;Touriste Français;Periode normale;5566
2017-05-23;Mardi;Veille;Vosges;Zone FIMU;Touriste Etranger;Periode normale;#
2017-05-24;Mercredi;Veille;Agglomeration de Belfort;Zone FIMU;Resident;Periode normale;2322
2017-05-24;Mercredi;Veille;Agglomeration de Belfort;Zone FIMU;Touriste Etranger;Periode normale;#
2017-05-24;Mercredi;Veille;Agglomeration de Belfort;Zone FIMU;Touriste Français;Periode normale;2142
2017-05-24;Mercredi;Veille;Agglomeration de Hericourt;Zone FIMU;Resident;Periode normale;#
2017-05-24;Mercredi;Veille;Agglomeration de Hericourt;Zone FIMU;Touriste Français;Periode normale;7765
2017-05-24;Mercredi;Veille;Agglomeration de Montbeliard;Zone FIMU;Resident;Periode normale;6342
2017-05-24;Mercredi;Veille;Agglomeration de Montbeliard;Zone FIMU;Touriste Français;Periode normale;5134
2017-05-24;Mercredi;Veille;Haut Rhin Nord;Zone FIMU;Touriste Etranger;Periode normale;#
2017-05-24;Mercredi;Veille;Haut Rhin Nord;Zone FIMU;Touriste Français;Periode normale;3528
2017-05-24;Mercredi;Veille;Haut Rhin Sud;Zone FIMU;Resident;Periode normale;5971
2017-05-24;Mercredi;Veille;Haut Rhin Sud;Zone FIMU;Touriste Français;Periode normale;1042
2017-05-24;Mercredi;Veille;Reste Doubs;Zone FIMU;Resident;Periode normale;#
2017-05-24;Mercredi;Veille;Reste Doubs;Zone FIMU;Touriste Français;Periode normale;5091
2017-05-24;Mercredi;Veille;Reste Haute Saone;Zone FIMU;Resident;Periode normale;9688
2017-05-24;Mercredi;Veille;Reste Haute Saone;Zone FIMU;Touriste Français;Periode normale;1492
2017-05-24;Mercredi;Veille;Reste Territoire de Belfort;Zone FIMU;Resident;Periode normale;2145
2017-05-24;Mercredi;Veille;Reste Territoire de Belfort;Zone FIMU;Touriste Etranger;Periode normale;#
2017-05-24;Mercredi;Veille;Reste Territoire de Belfort;Zone FIMU;Touriste Français;Periode normale;843
2017-05-24;Mercredi;Veille;Ville de Belfort;Zone FIMU;Resident;Periode normale;820
2017-05-24;Mercredi;Veille;Ville de Belfort;Zone FIMU;Touriste Etranger;Periode normale;4497
2017-05-24;Mercredi;Veille;Ville de Belfort;Zone FIMU;Touriste Français;Periode normale;7940
2017-05-24;Mercredi;Veille;Vosges;Zone FIMU;Touriste Français;Periode normale;#
2017-05-25;Jeudi;Veille;Agglomeration de Belfort;Zone FIMU;Resident;Periode normale;1195
2017-05-25;Jeudi;Veille;Agglomeration de Belfort;Zone FIMU;Touriste Français;Periode normale;444
2017-05-25;Jeudi;Veille;Agglomeration de Hericourt;Zone FIMU;Resident;Periode normale;4870
2017-05-25;Jeudi;Veille;Agglomeration de Hericourt;Zone FIMU;Touriste Français;Periode normale;2109
2017-05-25;Jeudi;Veille;Agglomeration de Montbeliard;Zone FIMU;Resident;Periode normale;#
2017-05-25;Jeudi;Veille;Agglomeration de Montbeliard;Zone FIMU;Touriste Français;Periode normale;9925
2017-05-25;Jeudi;Veille;Haut Rhin Nord;Zone FIMU;Resident;Periode normale;#
2017-05-25;Jeudi;Veille;Haut Rhin Nord;Zone FIMU;Touriste Etranger;Periode normale;#
2017-05-25;Jeudi;Veille;Haut Rhin Nord;Zone FIMU;Touriste Français;Periode normale;9980
2017-05-25;Jeudi;Veille;Haut Rhin Sud;Zone FIMU;Touriste Etranger;Periode normale;#
2017-05-25;Jeudi;Veille;Haut Rhin Sud;Zone FIMU;Touriste Français;Periode normale;6360
2017-05-25;Jeudi;Veille;Reste Doubs;Zone FIMU;Resident;Periode normale;#
2017-05-25;Jeudi;Veille;Reste Doubs;Zone FIMU;Touriste Etranger;Periode normale;#
2017-05-25;Jeudi;Veille;Reste Doubs;Zone FIMU;Touriste Français;Periode normale;4866
2017-05-25;Jeudi;Veille;Reste Haute Saone;Zone FIMU;Touriste Français;Periode normale;6208
2017-05-25;Jeudi;Veille;Reste Territoire de Belfort;Zone FIMU;Resident;Periode normale;4858
2017-05-25;Jeudi;Veille;Reste Territoire de Belfort;Zone FIMU;Touriste Etranger;Periode normale;#
2017-05-25;Jeudi;Veille;Reste Territoire de Belfort;Zone FIMU;Touriste Français;Periode normale;9870
2017-05-25;Jeudi;Veille;Ville de Belfort;Zone FIMU;Resident;Periode normale;1743
2017-05-25;Jeudi;Veille;Ville de Belfort;Zone FIMU;Touriste Etranger;Periode normale;4899
2017-05-25;Jeudi;Veille;Ville de Belfort;Zone FIMU;Touriste Français;Periode normale;6638
2017-05-25;Jeudi;Veille;Vosges;Zone FIMU;Touriste Français;Periode normale;#
2017-05-26;Vendredi;Veille;Agglomeration de Belfort;Zone FIMU;Resident;Periode normale;9610
2017-05-26;Vendredi;Veille;Agglomeration de Belfort;Zone FIMU;Touriste Etranger;Periode normale;#
2017-05-26;Vendredi;Veille;Agglomeration de Belfort;Zone FIMU;Touriste Français;Periode normale;9846
2017-05-26;Vendredi;Veille;Agglomeration de Hericourt;Zone FIMU;Resident;Periode normale;4273
2017-05-26;Vendredi;Veille;Agglomeration de Hericourt;Zone FIMU;Touriste Etranger;Periode normale;#
2017-05-26;Vendredi;Veille;Agglomeration de Hericourt;Zone FIMU;Touriste Français;Periode normale;8535
2017-05-26;Vendredi;Veille;Agglomeration de Montbeliard;Zone FIMU;Resident;Periode normale;2063
2017-05-26;Vendredi;Veille;Agglomeration de Montbeliard;Zone FIMU;Touriste Etranger;Periode normale;#
2017-05-26;Vendredi;Veille;Agglomeration de Montbeliard;Zone FIMU;Touriste Français;Periode normale;4220
2017-05-26;Vendredi;Veille;Haut Rhin Nord;Zone FIMU;Touriste Etranger;Periode normale;#
2017-05-26;Vendredi;Veille;Haut Rhin Nord;Zone FIMU;Touriste Français;Periode normale;2034
2017-05-26;Vendredi;Veille;Haut Rhin Sud;Zone FIMU;Touriste Etranger;Periode normale;#
2017-05-26;Vendredi;Veille;Haut Rhin Sud;Zone FIMU;Touriste Français;Periode normale;5908
2017-05-26;Vendredi;Veille;Reste Doubs;Zone FIMU;Resident;Periode normale;1804
2017-05-26;Vendredi;Veille;Reste Doubs;Zone FIMU;Touriste Français;Periode normale;9251
2017-05-26;Vendredi;Veille;Reste Haute Saone;Zone FIMU;Resident;Periode normale;663
2017-05-26;Vendredi;Veille;Reste Haute Saone;Zone FIMU;Touriste Français;Periode normale;8237
2017-05-26;Vendredi;Veille;Reste Territoire de Belfort;Zone FIMU;Resident;Periode normale;5177
2017-05-26;Vendredi;Veille;Reste Territoire de Belfort;Zone FIMU;Touriste Etranger;Periode normale;#
2017-05-26;Vendredi;Veille;Reste Territoire de Belfort;Zone FIMU;Touriste Français;Periode normale;7314
2017-05-26;Vendredi;Veille;Ville de Belfort;Zone FIMU;Resident;Periode normale;7217
2017-05-26;Vendredi;Veille;Ville de Belfort;Zone FIMU;Touriste Etranger;Periode normale;502
2017-05-26;Vendredi;Veille;Ville de Belfort;Zone FIMU;Touriste Français;Periode normale;1183
2017-05-26;Vendredi;Veille;Vosges;Zone FIMU;Touriste Français;Periode normale;3327
2017-05-27;Samedi;Veille;Agglomeration de Belfort;Zone FIMU;Resident;Periode normale;7388
2017-05-27;Samedi;Veille;Agglomeration de Belfort;Zone FIMU;Touriste Etranger;Periode normale;#
2017-05-27;Samedi;Veille;Agglomeration de Belfort;Zone FIMU;Touriste Français;Periode normale;4596
2017-05-27;Samedi;Veille;Agglomeration de Hericourt;Zone FIMU;Resident;Periode normale;#
2017-05-27;Samedi;Veille;Agglomeration de Hericourt;Zone FIMU;Touriste Français;Periode normale;8356
2017-05-27;Samedi;Veille;Agglomeration de Montbeliard;Zone FIMU;Resident;Periode normale;5288
2017-05-27;Samedi;Veille;Agglomeration de Montbeliard;Zone FIMU;Touriste Etranger;Periode normale;#
2017-05-27;Samedi;Veille;Agglomeration de Montbeliard;Zone FIMU;Touriste Français;Periode normale;4861
2017-05-27;Samedi;Veille;Haut Rhin Nord;Zone FIMU;Touriste Etranger;Periode normale;#
2017-05-27;Samedi;Veille;Haut Rhin Nord;Zone FIMU;Touriste Français;Periode normale;5534
2017-05-27;Samedi;Veille;Haut Rhin Sud;Zone FIMU;Resident;Periode normale;#
2017-05-27;Samedi;Veille;Haut Rhin Sud;Zone FIMU;Touriste Etranger;Periode normale;#
2017-05-27;Samedi;Veille;Haut Rhin Sud;Zone FIMU;Touriste Français;Periode normale;2177
2017-05-27;Samedi;Veille;Reste Doubs;Zone FIMU;Resident;Periode normale;#
2017-05-27;Samedi;Veille;Reste Doubs;Zone FIMU;Touriste Etranger;Periode normale;#
2017-05-27;Samedi;Veille;Reste Doubs;Zone FIMU;Touriste Français;Periode normale;7932
2017-05-27;Samedi;Veille;Reste Haute Saone;Zone FIMU;Resident;Periode normale;3911
2017-05-27;Samedi;Veille;Reste Haute Saone;Zone FIMU;Touriste Français;Periode normale;4894
2017-05-27;Samedi;Veille;Reste Territoire de Belfort;Zone FIMU;Resident;Periode normale;22
2017-05-27;Samedi;Veille;Reste Territoire de Belfort;Zone FIMU;Touriste Etranger;Periode normale;#
2017-05-27;Samedi;Veille;Reste Territoire de Belfort;Zone FIMU;Touriste Français;Periode normale;1741
2017-05-27;Samedi;Veille;Ville de Belfort;Zone FIMU;Resident;Periode normale;5586
2017-05-27;Samedi;Veille;Ville de Belfort;Zone FIMU;Touriste Etranger;Periode normale;871
2017-05-27;Samedi;Veille;Ville de Belfort;Zone FIMU;Touriste Français;Periode normale;594
2017-05-27;Samedi;Veille;Vosges;Zone FIMU;Touriste Français;Periode normale;3473
2017-05-28;Dimanche;Veille;Agglomeration de Belfort;Zone FIMU;Resident;Periode normale;9134
2017-05-28;Dimanche;Veille;Agglomeration de Belfort;Zone FIMU;Touriste Etranger;Periode normale;#
2017-05-28;Dimanche;Veille;Agglomeration de Belfort;Zone FIMU;Touriste Français;Periode normale;6549
2017-05-28;Dimanche;Veille;Agglomeration de Hericourt;Zone FIMU;Resident;Periode normale;3614
2017-05-28;Dimanche;Veille;Agglomeration de Hericourt;Zone FIMU;Touriste Français;Periode normale;#
2017-05-28;Dimanche;Veille;Agglomeration de Montbeliard;Zone FIMU;Resident;Periode normale;521
2017-05-28;Dimanche;Veille;Agglomeration de Montbeliard;Zone FIMU;Touriste Français;Periode normale;22
2017-05-28;Dimanche;Veille;Haut Rhin Nord;Zone FIMU;Resident;Periode normale;5814
2017-05-28;Dimanche;Veille;Haut Rhin Nord;Zone FIMU;Touriste Etranger;Periode normale;#
2017-05-28;Dimanche;Veille;Haut Rhin Nord;Zone FIMU;Touriste Français;Periode normale;9067
2017-05-28;Dimanche;Veille;Haut Rhin Sud;Zone FIMU;Resident;Periode normale;3260
2017-05-28;Dimanche;Veille;Haut Rhin Sud;Zone FIMU;Touriste Etranger;Periode normale;#
2017-05-28;Dimanche;Veille;Haut Rhin Sud;Zone FIMU;Touriste Français;Periode normale;1190
2017-05-28;Dimanche;Veille;Reste Doubs;Zone FIMU;Resident;Periode normale;4619
2017-05-28;Dimanche;Veille;Reste Doubs;Zone FIMU;Touriste Français;Periode normale;1083
2017-05-28;Dimanche;Veille;Reste Haute Saone;Zone FIMU;Resident;Periode normale;8831
2017-05-28;Dimanche;Veille;Reste Haute Saone;Zone FIMU;Touriste Etranger;Periode normale;#
2017-05-28;Dimanche;Veille;Reste Haute Saone;Zone FIMU;Touriste Français;Periode normale;2019
2017-05-28;Dimanche;Veille;Reste Territoire de Belfort;Zone FIMU;Resident;Periode normale;1589
2017-05-28;Dimanche;Veille;Reste Territoire de Belfort;Zone FIMU;Touriste Etranger;Periode normale;#
2017-05-28;Dimanche;Veille;Reste Territoire de Belfort;Zone FIMU;Touriste Français;Periode normale;3720
2017-05-28;Dimanche;Veille;Ville de Belfort;Zone FIMU;Resident;Periode normale;9213
2017-05-28;Dimanche;Veille;Ville de Belfort;Zone FIMU;Touriste Etranger;Periode normale;4708
2017-05-28;Dimanche;Veille;Ville de Belfort;Zone FIMU;Touriste Français;Periode normale;423
2017-05-28;Dimanche;Veille;Vosges;Zone FIMU;Resident;Periode normale;#
2017-05-28;Dimanche;Veille;Vosges;Zone FIMU;Touriste Français;Periode normale;7050
2017-05-29;Lundi;Veille;Agglomeration de Belfort;Zone FIMU;Resident;Periode normale;2406
2017-05-29;Lundi;Veille;Agglomeration de Belfort;Zone FIMU;Touriste Etranger;Periode normale;#
2017-05-29;Lundi;Veille;Agglomeration de Belfort;Zone FIMU;Touriste Français;Periode normale;7461
2017-05-29;Lundi;Veille;Agglomeration de Hericourt;Zone FIMU;Resident;Periode normale;4639
2017-05-29;Lundi;Veille;Agglomeration de Hericourt;Zone FIMU;Touriste Français;Periode normale;2032
2017-05-29;Lundi;Veille;Agglomeration de Montbeliard;Zone FIMU;Resident;Periode normale;2117
2017-05-29;Lundi;Veille;Agglomeration de Montbeliard;Zone FIMU;Touriste Etranger;Periode normale;#
2017-05-29;Lundi;Veille;Agglomeration de Montbeliard;Zone FIMU;Touriste Français;Periode normale;2711
2017-05-29;Lundi;Veille;Haut Rhin Nord;Zone FIMU;Resident;Periode normale;#
2017-05-29;Lundi;Veille;Haut Rhin Nord;Zone FIMU;Touriste Français;Periode normale;#
2017-05-29;Lundi;Veille;Haut Rhin Sud;Zone FIMU;Resident;Periode normale;2372
2017-05-29;Lundi;Veille;Haut Rhin Sud;Zone FIMU;Touriste Etranger;Periode normale;#
2017-05-29;Lundi;Veille;Haut Rhin Sud;Zone FIMU;Touriste Français;Periode normale;823
2017-05-29;Lundi;Veille;Reste Doubs;Zone FIMU;Resident;Periode normale;#
2017-05-29;Lundi;Veille;Reste Doubs;Zone FIMU;Touriste Français;Periode normale;3606
2017-05-29;Lundi;Veille;Reste Haute Saone;Zone FIMU;Resident;Periode normale;7214
2017-05-29;Lundi;Veille;Reste Haute Saone;Zone FIMU;Touriste Français;Periode normale;4335
2017-05-29;Lundi;Veille;Reste Territoire de Belfort;Zone FIMU;Resident;Periode normale;2884
2017-05-29;Lundi;Veille;Reste Territoire de Belfort;Zone FIMU;Touriste Etranger;Periode normale;#
2017-05-29;Lundi;Veille;Reste Territoire de Belfort;Zone FIMU;Touriste Français;Periode normale;437
2017-05-29;Lundi;Veille;Ville de Belfort;Zone FIMU;Resident;Periode normale;7471
2017-05-29;Lundi;Veille;Ville de Belfort;Zone FIMU;Touriste Etranger;Periode normale;7448
2017-05-29;Lundi;Veille;Ville de Belfort;Zone FIMU;Touriste Français;Periode normale;4521
2017-05-29;Lundi;Veille;Vosges;Zone FIMU;Resident;Periode normale;#
2017-05-29;Lundi;Veille;Vosges;Zone FIMU;Touriste Français;Periode normale;#
2017-05-30;Mardi;Veille;Agglomeration de Belfort;Zone FIMU;Resident;Periode normale;547
2017-05-30;Mardi;Veille;Agglomeration de Belfort;Zone FIMU;Touriste Français;Periode normale;5533
2017-05-30;Mardi;Veille;Agglomeration de Hericourt;Zone FIMU;Resident;Periode normale;#
2017-05-30;Mardi;Veille;Agglomeration de Hericourt;Zone FIMU;Touriste Français;Periode normale;8558
2017-05-30;Mardi;Veille;Agglomeration de Montbeliard;Zone FIMU;Resident;Periode normale;9134
2017-05-30;Mardi;Veille;Agglomeration de Montbeliard;Zone FIMU;Touriste Etranger;Periode normale;#
2017-05-30;Mardi;Veille;Agglomeration de Montbeliard;Zone FIMU;Touriste Français;Periode normale;1048
2017-05-30;Mardi;Veille;Haut Rhin Nord;Zone FIMU;Touriste Français;Periode normale;#
2017-05-30;Mardi;Veille;Haut Rhin Sud;Zone FIMU;Resident;Periode normale;#
2017-05-30;Mardi;Veille;Haut Rhin Sud;Zone FIMU;Touriste Etranger;Periode normale;#
2017-05-30;Mardi;Veille;Haut Rhin Sud;Zone FIMU;Touriste Français;Periode normale;8983
2017-05-30;Mardi;Veille;Reste Doubs;Zone FIMU;Touriste Français;Periode normale;824
2017-05-30;Mardi;Veille;Reste Haute Saone;Zone FIMU;Resident;Periode normale;2311
2017-05-30;Mardi;Veille;Reste Haute Saone;Zone FIMU;Touriste Français;Periode normale;8869
2017-05-30;Mardi;Veille;Reste Territoire de Belfort;Zone FIMU;Resident;Periode normale;4784
2017-05-30;Mardi;Veille;Reste Territoire de Belfort;Zone FIMU;Touriste Français;Periode normale;8785
2017-05-30;Mardi;Veille;Ville de Belfort;Zone FIMU;Resident;Periode normale;8888
2017-05-30;Mardi;Veille;Ville de Belfort;Zone FIMU;Touriste Etranger;Periode normale;7449
2017-05-30;Mardi;Veille;Ville de Belfort;Zone FIMU;Touriste Français;Periode normale;8576
2017-05-30;Mardi;Veille;Vosges;Zone FIMU;Touriste Français;Periode normale;9553
2017-05-31;Mercredi;Veille;Agglomeration de Belfort;Zone FIMU;Resident;Periode normale;5990
2017-05-31;Mercredi;Veille;Agglomeration de Belfort;Zone FIMU;Touriste Etranger;Periode normale;#
2017-05-31;Mercredi;Veille;Agglomeration de Belfort;Zone FIMU;Touriste Français;Periode normale;3978
2017-05-31;Mercredi;Veille;Agglomeration de Hericourt;Zone FIMU;Resident;Periode normale;7727
2017-05-31;Mercredi;Veille;Agglomeration de Hericourt;Zone FIMU;Touriste Français;Periode normale;2731
2017-05-31;Mercredi;Veille;Agglomeration de Montbeliard;Zone FIMU;Resident;Periode normale;4223
2017-05-31;Mercredi;Veille;Agglomeration de Montbeliard;Zone FIMU;Touriste Etranger;Periode normale;#
2017-05-31;Mercredi;Veille;Agglomeration de Montbeliard;Zone FIMU;Touriste Français;Periode normale;912
2017-05-31;Mercredi;Veille;Haut Rhin Nord;Zone FIMU;Touriste Etranger;Periode normale;#
2017-05-31;Mercredi;Veille;Haut Rhin Nord;Zone FIMU;Touriste Français;Periode normale;#
2017-05-31;Mercredi;Veille;Haut Rhin Sud;Zone FIMU;Resident;Periode normale;8559
2017-05-31;Mercredi;Veille;Haut Rhin Sud;Zone FIMU;Touriste Français;Periode normale;2774
2017-05-31;Mercredi;Veille;Reste Doubs;Zone FIMU;Touriste Français;Periode normale;2296
2017-05-31;Mercredi;Veille;Reste Haute Saone;Zone FIMU;Resident;Periode normale;4950
2017-05-31;Mercredi;Veille;Reste Haute Saone;Zone FIMU;Touriste Français;Periode normale;6247
2017-05-31;Mercredi;Veille;Reste Territoire de Belfort;Zone FIMU;Resident;Periode normale;6566
2017-05-31;Mercredi;Veille;Reste Territoire de Belfort;Zone FIMU;Touriste Etranger;Periode normale;427
2017-05-31;Mercredi;Veille;Reste Territoire de Belfort;Zone FIMU;Touriste Français;Periode normale;4705
2017-05-31;Mercredi;Veille;Ville de Belfort;Zone FIMU;Resident;Periode normale;8653
2017-05-31;Mercredi;Veille;Ville de Belfort;Zone FIMU;Touriste Etranger;Periode normale;7446
2017-05-31;Mercredi;Veille;Ville de Belfort;Zone FIMU;Touriste Français;Periode normale;176
2017-05-31;Mercredi;Veille;Vosges;Zone FIMU;Resident;Periode normale;#
2017-05-31;Mercredi;Veille;Vosges;Zone FIMU;Touriste Français;Periode normale;#
2017-06-01;Jeudi;Veille;Agglomeration de Belfort;Zone FIMU;Resident;Periode evenement;4676
2017-06-01;Jeudi;Veille;Agglomeration de Belfort;Zone FIMU;Touriste Etranger;Periode evenement;#
2017-06-01;Jeudi;Veille;Agglomeration de Belfort;Zone FIMU;Touriste Français;Periode evenement;1636
2017-06-01;Jeudi;Veille;Agglomeration de Hericourt;Zone FIMU;Resident;Periode evenement;#
2017-06-01;Jeudi;Veille;Agglomeration de Hericourt;Zone FIMU;Touriste Français;Periode evenement;2426
2017-06-01;Jeudi;Veille;Agglomeration de Montbeliard;Zone FIMU;Resident;Periode evenement;2657
2017-06-01;Jeudi;Veille;Agglomeration de Montbeliard;Zone FIMU;Touriste Etranger;Periode evenement;#
2017-06-01;Jeudi;Veille;Agglomeration de Montbeliard;Zone FIMU;Touriste Français;Periode evenement;173
2017-06-01;Jeudi;Veille;Haut Rhin Nord;Zone FIMU;Touriste Etranger;Periode evenement;#
2017-06-01;Jeudi;Veille;Haut Rhin Nord;Zone FIMU;Touriste Français;Periode evenement;#
2017-06-01;Jeudi;Veille;Haut Rhin Sud;Zone FIMU;Resident;Periode evenement;5331
2017-06-01;Jeudi;Veille;Haut Rhin Sud;Zone FIMU;Touriste Français;Periode evenement;5104
2017-06-01;Jeudi;Veille;Reste Doubs;Zone FIMU;Touriste Etranger;Periode evenement;#
2017-06-01;Jeudi;Veille;Reste Doubs;Zone FIMU;Touriste Français;Periode evenement;7726
2017-06-01;Jeudi;Veille;Reste Haute Saone;Zone FIMU;Resident;Periode evenement;5296
2017-06-01;Jeudi;Veille;Reste Haute Saone;Zone FIMU;Touriste Etranger;Periode evenement;#
2017-06-01;Jeudi;Veille;Reste Haute Saone;Zone FIMU;Touriste Français;Periode evenement;4729
2017-06-01;Jeudi;Veille;Reste Territoire de Belfort;Zone FIMU;Resident;Periode evenement;1953
2017-06-01;Jeudi;Veille;Reste Territoire de Belfort;Zone FIMU;Touriste Etranger;Periode evenement;#
2017-06-01;Jeudi;Veille;Reste Territoire de Belfort;Zone FIMU;Touriste Français;Periode evenement;4530
2017-06-01;Jeudi;Veille;Ville de Belfort;Zone FIMU;Resident;Periode evenement;354
2017-06-01;Jeudi;Veille;Ville de Belfort;Zone FIMU;Touriste Etranger;Periode evenement;8109
2017-06-01;Jeudi;Veille;Ville de Belfort;Zone FIMU;Touriste Français;Periode evenement;234
2017-06-01;Jeudi;Veille;Vosges;Zone FIMU;Resident;Periode evenement;#
2017-06-01;Jeudi;Veille;Vosges;Zone FIMU;Touriste Français;Periode evenement;#
2017-06-02;Vendredi;Veille;Agglomeration de Belfort;Zone FIMU;Resident;Periode evenement;3574
2017-06-02;Vendredi;Veille;Agglomeration de Belfort;Zone FIMU;Touriste Etranger;Periode evenement;#
2017-06-02;Vendredi;Veille;Agglomeration de Belfort;Zone FIMU;Touriste Français;Periode evenement;8331
2017-06-02;Vendredi;Veille;Agglomeration de Hericourt;Zone FIMU;Resident;Periode evenement;2825
2017-06-02;Vendredi;Veille;Agglomeration de Hericourt;Zone FIMU;Touriste Français;Periode evenement;3706
2017-06-02;Vendredi;Veille;Agglomeration de Montbeliard;Zone FIMU;Resident;Periode evenement;1207
2017-06-02;Vendredi;Veille;Agglomeration de Montbeliard;Zone FIMU;Touriste Etranger;Periode evenement;#
2017-06-02;Vendredi;Veille;Agglomeration de Montbeliard;Zone FIMU;Touriste Français;Periode evenement;6633
2017-06-02;Vendredi;Veille;Haut Rhin Nord;Zone FIMU;Touriste Français;Periode evenement;4685
2017-06-02;Vendredi;Veille;Haut Rhin Sud;Zone FIMU;Resident;Periode evenement;8449
2017-06-02;Vendredi;Veille;Haut Rhin Sud;Zone FIMU;Touriste Etranger;Periode evenement;#
2017-06-02;Vendredi;Veille;Haut Rhin Sud;Zone FIMU;Touriste Français;Periode evenement;9593
2017-06-02;Vendredi;Veille;Reste Doubs;Zone FIMU;Resident;Periode evenement;3347
2017-06-02;Vendredi;Veille;Reste Doubs;Zone FIMU;Touriste Etranger;Periode evenement;#
2017-06-02;Vendredi;Veille;Reste Doubs;Zone FIMU;Touriste Français;Periode evenement;9360
2017-06-02;Vendredi;Veille;Reste Haute Saone;Zone FIMU;Resident;Periode evenement;5748
2017-06-02;Vendredi;Veille;Reste Haute Saone;Zone FIMU;Touriste Français;Periode evenement;2538
2017-06-02;Vendredi;Veille;Reste Territoire de Belfort;Zone FIMU;Resident;Periode evenement;3704
2017-06-02;Vendredi;Veille;Reste Territoire de Belfort;Zone FIMU;Touriste Etranger;Periode evenement;#
2017-06-02;Vendredi;Veille;Reste Territoire de Belfort;Zone FIMU;Touriste Français;Periode evenement;608
2017-06-02;Vendredi;Veille;Ville de Belfort;Zone FIMU;Resident;Periode evenement;9092
2017-06-02;Vendredi;Veille;Ville de Belfort;Zone FIMU;Touriste Etranger;Periode evenement;3053
2017-06-02;Vendredi;Veille;Ville de Belfort;Zone FIMU;Touriste Français;Periode evenement;3331
2017-06-02;Vendredi;Veille;Vosges;Zone FIMU;Touriste Etranger;Periode evenement;#
2017-06-02;Vendredi;Veille;Vosges;Zone FIMU;Touriste Français;Periode evenement;#
2017-06-03;Samedi;Veille;Agglomeration de Belfort;Zone FIMU;Resident;Periode evenement;712
2017-06-03;Samedi;Veille;Agglomeration de Belfort;Zone FIMU;Touriste Etranger;Periode evenement;4522
2017-06-03;Samedi;Veille;Agglomeration de Belfort;Zone FIMU;Touriste Français;Periode evenement;6352
2017-06-03;Samedi;Veille;Agglomeration de Hericourt;Zone FIMU;Touriste Etranger;Periode evenement;#
2017-06-03;Samedi;Veille;Agglomeration de Hericourt;Zone FIMU;Touriste Français;Periode evenement;43
2017-06-03;Samedi;Veille;Agglomeration de Montbeliard;Zone FIMU;Resident;Periode evenement;6166
2017-06-03;Samedi;Veille;Agglomeration de Montbeliard;Zone FIMU;Touriste Etranger;Periode evenement;#
2017-06-03;Samedi;Veille;Agglomeration de Montbeliard;Zone FIMU;Touriste Français;Periode evenement;8156
2017-06-03;Samedi;Veille;Haut Rhin Nord;Zone FIMU;Touriste Français;Periode evenement;4962
2017-06-03;Samedi;Veille;Haut Rhin Sud;Zone FIMU;Resident;Periode evenement;4861
2017-06-03;Samedi;Veille;Haut Rhin Sud;Zone FIMU;Touriste Etranger;Periode evenement;#
2017-06-03;Samedi;Veille;Haut Rhin Sud;Zone FIMU;Touriste Français;Periode evenement;8029
2017-06-03;Samedi;Veille;Reste Doubs;Zone FIMU;Resident;Periode evenement;3959
2017-06-03;Samedi;Veille;Reste Doubs;Zone FIMU;Touriste Etranger;Periode evenement;#
2017-06-03;Samedi;Veille;Reste Doubs;Zone FIMU;Touriste Français;Periode evenement;5438
2017-06-03;Samedi;Veille;Reste Haute Saone;Zone FIMU;Resident;Periode evenement;8804
2017-06-03;Samedi;Veille;Reste Haute Saone;Zone FIMU;Touriste Etranger;Periode evenement;#
2017-06-03;Samedi;Veille;Reste Haute Saone;Zone FIMU;Touriste Français;Periode evenement;5014
2017-06-03;Samedi;Veille;Reste Territoire de Belfort;Zone FIMU;Resident;Periode evenement;5105
2017-06-03;Samedi;Veille;Reste Territoire de Belfort;Zone FIMU;Touriste Etranger;Periode evenement;6811
2017-06-03;Samedi;Veille;Reste Territoire de Belfort;Zone FIMU;Touriste Français;Periode evenement;4522
2017-06-03;Samedi;Veille;Ville de Belfort;Zone FIMU;Resident;Periode evenement;6282
2017-06-03;Samedi;Veille;Ville de Belfort;Zone FIMU;Touriste Etranger;Periode evenement;9630
2017-06-03;Samedi;Veille;Ville de Belfort;Zone FIMU;Touriste Français;Periode evenement;1767
2017-06-03;Samedi;Veille;Vosges;Zone FIMU;Touriste Etranger;Periode evenement;#
2017-06-03;Samedi;Veille;Vosges;Zone FIMU;Touriste Français;Periode evenement;3127
2017-06-04;Dimanche;Veille;Agglomeration de Belfort;Zone FIMU;Resident;Periode evenement;8166
2017-06-04;Dimanche;Veille;Agglomeration de Belfort;Zone FIMU;Touriste Etranger;Periode evenement;3577
2017-06-04;Dimanche;Veille;Agglomeration de Belfort;Zone FIMU;Touriste Français;Periode evenement;3270
2017-06-04;Dimanche;Veille;Agglomeration de Hericourt;Zone FIMU;Resident;Periode evenement;4968
2017-06-04;Dimanche;Veille;Agglomeration de Hericourt;Zone FIMU;Touriste Etranger;Periode evenement;#
2017-06-04;Dimanche;Veille;Agglomeration de Hericourt;Zone FIMU;Touriste Français;Periode evenement;146
2017-06-04;Dimanche;Veille;Agglomeration de Montbeliard;Zone FIMU;Resident;Periode evenement;7219
2017-06-04;Dimanche;Veille;Agglomeration de Montbeliard;Zone FIMU;Touriste Etranger;Periode evenement;#
2017-06-04;Dimanche;Veille;Agglomeration de Montbeliard;Zone FIMU;Touriste Français;Periode evenement;3564
2017-06-04;Dimanche;Veille;Haut Rhin Nord;Zone FIMU;Touriste Etranger;Periode evenement;#
2017-06-04;Dimanche;Veille;Haut Rhin Nord;Zone FIMU;Touriste Français;Periode evenement;1700
2017-06-04;Dimanche;Veille;Haut Rhin Sud;Zone FIMU;Resident;Periode evenement;#
2017-06-04;Dimanche;Veille;Haut Rhin Sud;Zone FIMU;Touriste Etranger;Periode evenement;5287
2017-06-04;Dimanche;Veille;Haut Rhin Sud;Zone FIMU;Touriste Français;Periode evenement;8616
2017-06-04;Dimanche;Veille;Reste Doubs;Zone FIMU;Resident;Periode evenement;9918
2017-06-04;Dimanche;Veille;Reste Doubs;Zone FIMU;Touriste Etranger;Periode evenement;#
2017-06-04;Dimanche;Veille;Reste Doubs;Zone FIMU;Touriste Français;Periode evenement;1364
2017-06-04;Dimanche;Veille;Reste Haute Saone;Zone FIMU;Resident;Periode evenement;8968
2017-06-04;Dimanche;Veille;Reste Haute Saone;Zone FIMU;Touriste Etranger;Periode evenement;#
2017-06-04;Dimanche;Veille;Reste Haute Saone;Zone FIMU;Touriste Français;Periode evenement;8807
2017-06-04;Dimanche;Veille;Reste Territoire de Belfort;Zone FIMU;Resident;Periode evenement;5931
2017-06-04;Dimanche;Veille;Reste Territoire de Belfort;Zone FIMU;Touriste Etranger;Periode evenement;762
2017-06-04;Dimanche;Veille;Reste Territoire de Belfort;Zone FIMU;Touriste Français;Periode evenement;2051
2017-06-04;Dimanche;Veille;Ville de Belfort;Zone FIMU;Resident;Periode evenement;2559
2017-06-04;Dimanche;Veille;Ville de Belfort;Zone FIMU;Touriste Etranger;Periode evenement;6293
2017-06-04;Dimanche;Veille;Ville de Belfort;Zone FIMU;Touriste Français;Periode evenement;7955
2017-06-04;Dimanche;Veille;Vosges;Zone FIMU;Touriste Etranger;Periode evenement;#
2017-06-04;Dimanche;Veille;Vosges;Zone FIMU;Touriste Français;Periode evenement;4168
2017-06-05;Lundi;Veille;Agglomeration de Belfort;Zone FIMU;Resident;Periode evenement;5240
2017-06-05;Lundi;Veille;Agglomeration de Belfort;Zone FIMU;Touriste Etranger;Periode evenement;#
2017-06-05;Lundi;Veille;Agglomeration de Belfort;Zone FIMU;Touriste Français;Periode evenement;8582
2017-06-05;Lundi;Veille;Agglomeration de Hericourt;Zone FIMU;Touriste Français;Periode evenement;405
2017-06-05;Lundi;Veille;Agglomeration de Montbeliard;Zone FIMU;Resident;Periode evenement;8797
2017-06-05;Lundi;Veille;Agglomeration de Montbeliard;Zone FIMU;Touriste Français;Periode evenement;8722
2017-06-05;Lundi;Veille;Haut Rhin Nord;Zone FIMU;Touriste Etranger;Periode evenement;#
2017-06-05;Lundi;Veille;Haut Rhin Nord;Zone FIMU;Touriste Français;Periode evenement;6921
2017-06-05;Lundi;Veille;Haut Rhin Sud;Zone FIMU;Resident;Periode evenement;2344
2017-06-05;Lundi;Veille;Haut Rhin Sud;Zone FIMU;Touriste Etranger;Periode evenement;#
2017-06-05;Lundi;Veille;Haut Rhin Sud;Zone FIMU;Touriste Français;Periode evenement;1576
2017-06-05;Lundi;Veille;Reste Doubs;Zone FIMU;Resident;Periode evenement;9784
2017-06-05;Lundi;Veille;Reste Doubs;Zone FIMU;Touriste Français;Periode evenement;1580
2017-06-05;Lundi;Veille;Reste Haute Saone;Zone FIMU;Resident;Periode evenement;8725
2017-06-05;Lundi;Veille;Reste Haute Saone;Zone FIMU;Touriste Etranger;Periode evenement;#
2017-06-05;Lundi;Veille;Reste Haute Saone;Zone FIMU;Touriste Français;Periode evenement;891
2017-06-05;Lundi;Veille;Reste Territoire de Belfort;Zone FIMU;Resident;Periode evenement;473
2017-06-05;Lundi;Veille;Reste Territoire de Belfort;Zone FIMU;Touriste Etranger;Periode evenement;6383
2017-06-05;Lundi;Veille;Reste Territoire de Belfort;Zone FIMU;Touriste Français;Periode evenement;44
2017-06-05;Lundi;Veille;Ville de Belfort;Zone FIMU;Resident;Periode evenement;8281
2017-06-05;Lundi;Veille;Ville de Belfort;Zone FIMU;Touriste Etranger;Periode evenement;6481
2017-06-05;Lundi;Veille;Ville de Belfort;Zone FIMU;Touriste Français;Periode evenement;9367
2017-06-05;Lundi;Veille;Vosges;Zone FIMU;Resident;Periode evenement;#
2017-06-05;Lundi;Veille;Vosges;Zone FIMU;Touriste Français;Periode evenement;1272
2017-06-06;Mardi;Veille;Agglomeration de Belfort;Zone FIMU;Resident;Periode normale;5521
2017-06-06;Mardi;Veille;Agglomeration de Belfort;Zone FIMU;Touriste Etranger;Periode normale;#
2017-06-06;Mardi;Veille;Agglomeration de Belfort;Zone FIMU;Touriste Français;Periode normale;3787
2017-06-06;Mardi;Veille;Agglomeration de Hericourt;Zone FIMU;Resident;Periode normale;2234
2017-06-06;Mardi;Veille;Agglomeration de Hericourt;Zone FIMU;Touriste Français;Periode normale;3666
2017-06-06;Mardi;Veille;Agglomeration de Montbeliard;Zone FIMU;Resident;Periode normale;2460
2017-06-06;Mardi;Veille;Agglomeration de Montbeliard;Zone FIMU;Touriste Français;Periode normale;962
2017-06-06;Mardi;Veille;Haut Rhin Nord;Zone FIMU;Touriste Etranger;Periode normale;#
2017-06-06;Mardi;Veille;Haut Rhin Nord;Zone FIMU;Touriste Français;Periode normale;8226
2017-06-06;Mardi;Veille;Haut Rhin Sud;Zone FIMU;Resident;Periode normale;6587
2017-06-06;Mardi;Veille;Haut Rhin Sud;Zone FIMU;Touriste Français;Periode normale;1781
2017-06-06;Mardi;Veille;Reste Doubs;Zone FIMU;Resident;Periode normale;#
2017-06-06;Mardi;Veille;Reste Doubs;Zone FIMU;Touriste Français;Periode normale;823
2017-06-06;Mardi;Veille;Reste Haute Saone;Zone FIMU;Resident;Periode normale;5978
2017-06-06;Mardi;Veille;Reste Haute Saone;Zone FIMU;Touriste Français;Periode normale;4080
2017-06-06;Mardi;Veille;Reste Territoire de Belfort;Zone FIMU;Resident;Periode normale;4887
2017-06-06;Mardi;Veille;Reste Territoire de Belfort;Zone FIMU;Touriste Etranger;Periode normale;#
2017-06-06;Mardi;Veille;Reste Territoire de Belfort;Zone FIMU;Touriste Français;Periode normale;3961
2017-06-06;Mardi;Veille;Ville de Belfort;Zone FIMU;Resident;Periode normale;7543
2017-06-06;Mardi;Veille;Ville de Belfort;Zone FIMU;Touriste Etranger;Periode normale;3975
2017-06-06;Mardi;Veille;Ville de Belfort;Zone FIMU;Touriste Français;Periode normale;6989
2017-06-06;Mardi;Veille;Vosges;Zone FIMU;Touriste Français;Periode normale;#
2017-06-07;Mercredi;Veille;Agglomeration de Belfort;Zone FIMU;Resident;Periode normale;4307
2017-06-07;Mercredi;Veille;Agglomeration de Belfort;Zone FIMU;Touriste Etranger;Periode normale;#
2017-06-07;Mercredi;Veille;Agglomeration de Belfort;Zone FIMU;Touriste Français;Periode normale;6558
2017-06-07;Mercredi;Veille;Agglomeration de Hericourt;Zone FIMU;Resident;Periode normale;5527
2017-06-07;Mercredi;Veille;Agglomeration de Hericourt;Zone FIMU;Touriste Français;Periode normale;9780
2017-06-07;Mercredi;Veille;Agglomeration de Montbeliard;Zone FIMU;Resident;Periode normale;8269
2017-06-07;Mercredi;Veille;Agglomeration de Montbeliard;Zone FIMU;Touriste Etranger;Periode normale;#
2017-06-07;Mercredi;Veille;Agglomeration de Montbeliard;Zone FIMU;Touriste Français;Periode normale;696
2017-06-07;Mercredi;Veille;Haut Rhin Nord;Zone FIMU;Resident;Periode normale;#
2017-06-07;Mercredi;Veille;Haut Rhin Nord;Zone FIMU;Touriste Français;Periode normale;2350
2017-06-07;Mercredi;Veille;Haut Rhin Sud;Zone FIMU;Resident;Periode normale;2197
2017-06-07;Mercredi;Veille;Haut Rhin Sud;Zone FIMU;Touriste Etranger;Periode normale;#
2017-06-07;Mercredi;Veille;Haut Rhin Sud;Zone FIMU;Touriste Français;Periode normale;3609
2017-06-07;Mercredi;Veille;Reste Doubs;Zone FIMU;Resident;Periode normale;#
2017-06-07;Mercredi;Veille;Reste Doubs;Zone FIMU;Touriste Etranger;Periode normale;#
2017-06-07;Mercredi;Veille;Reste Doubs;Zone FIMU;Touriste Français;Periode normale;3100
2017-06-07;Mercredi;Veille;Reste Haute Saone;Zone FIMU;Resident;Periode normale;9738
2017-06-07;Mercredi;Veille;Reste Haute Saone;Zone FIMU;Touriste Français;Periode normale;5406
2017-06-07;Mercredi;Veille;Reste Territoire de Belfort;Zone FIMU;Resident;Periode normale;8805
2017-06-07;Mercredi;Veille;Reste Territoire de Belfort;Zone FIMU;Touriste Etranger;Periode normale;#
2017-06-07;Mercredi;Veille;Reste Territoire de Belfort;Zone FIMU;Touriste Français;Periode normale;209
2017-06-07;Mercredi;Veille;Ville de Belfort;Zone FIMU;Resident;Periode normale;3775
2017-06-07;Mercredi;Veille;Ville de Belfort;Zone FIMU;Touriste Etranger;Periode normale;1071
2017-06-07;Mercredi;Veille;Ville de Belfort;Zone FIMU;Touriste Français;Periode normale;7941
2017-06-07;Mercredi;Veille;Vosges;Zone FIMU;Touriste Français;Periode normale;#
2017-06-08;Jeudi;Veille;Agglomeration de Belfort;Zone FIMU;Resident;Periode normale;3329
2017-06-08;Jeudi;Veille;Agglomeration de Belfort;Zone FIMU;Touriste Etranger;Periode normale;#
2017-06-08;Jeudi;Veille;Agglomeration de Belfort;Zone FIMU;Touriste Français;Periode normale;5364
2017-06-08;Jeudi;Veille;Agglomeration de Hericourt;Zone FIMU;Resident;Periode normale;9535
2017-06-08;Jeudi;Veille;Agglomeration de Hericourt;Zone FIMU;Touriste Français;Periode normale;254
2017-06-08;Jeudi;Veille;Agglomeration de Montbeliard;Zone FIMU;Resident;Periode normale;4024
2017-06-08;Jeudi;Veille;Agglomeration de Montbeliard;Zone FIMU;Touriste Français;Periode normale;4170
2017-06-08;Jeudi;Veille;Haut Rhin Nord;Zone FIMU;Touriste Français;Periode normale;#
2017-06-08;Jeudi;Veille;Haut Rhin Sud;Zone FIMU;Resident;Periode normale;4381
2017-06-08;Jeudi;Veille;Haut Rhin Sud;Zone FIMU;Touriste Etranger;Periode normale;#
2017-06-08;Jeudi;Veille;Haut Rhin Sud;Zone FIMU;Touriste Français;Periode normale;1426
2017-06-08;Jeudi;Veille;Reste Doubs;Zone FIMU;Resident;Periode normale;#
2017-06-08;Jeudi;Veille;Reste Doubs;Zone FIMU;Touriste Français;Periode normale;3237
2017-06-08;Jeudi;Veille;Reste Haute Saone;Zone FIMU;Resident;Periode normale;2691
2017-06-08;Jeudi;Veille;Reste Haute Saone;Zone FIMU;Touriste Français;Periode normale;1114
2017-06-08;Jeudi;Veille;Reste Territoire de Belfort;Zone FIMU;Resident;Periode normale;9786
2017-06-08;Jeudi;Veille;Reste Territoire de Belfort;Zone FIMU;Touriste Etranger;Periode normale;#
2017-06-08;Jeudi;Veille;Reste Territoire de Belfort;Zone FIMU;Touriste Français;Periode normale;5098
2017-06-08;Jeudi;Veille;Ville de Belfort;Zone FIMU;Resident;Periode normale;1719
2017-06-08;Jeudi;Veille;Ville de Belfort;Zone FIMU;Touriste Etranger;Periode normale;9429
2017-06-08;Jeudi;Veille;Ville de Belfort;Zone FIMU;Touriste Français;Periode normale;4920
2017-06-08;Jeudi;Veille;Vosges;Zone FIMU;Resident;Periode normale;#
2017-06-08;Jeudi;Veille;Vosges;Zone FIMU;Touriste Français;Periode normale;4821
2017-06-09;Vendredi;Veille;Agglomeration de Belfort;Zone FIMU;Resident;Periode normale;7167
2017-06-09;Vendredi;Veille;Agglomeration de Belfort;Zone FIMU;Touriste Etranger;Periode normale;#
2017-06-09;Vendredi;Veille;Agglomeration de Belfort;Zone FIMU;Touriste Français;Periode normale;126
2017-06-09;Vendredi;Veille;Agglomeration de Hericourt;Zone FIMU;Resident;Periode normale;3306
2017-06-09;Vendredi;Veille;Agglomeration de Hericourt;Zone FIMU;Touriste Etranger;Periode normale;#
2017-06-09;Vendredi;Veille;Agglomeration de Hericourt;Zone FIMU;Touriste Français;Periode normale;651
2017-06-09;Vendredi;Veille;Agglomeration de Montbeliard;Zone FIMU;Resident;Periode normale;3187
2017-06-09;Vendredi;Veille;Agglomeration de Montbeliard;Zone FIMU;Touriste Etranger;Periode normale;#
2017-06-09;Vendredi;Veille;Agglomeration de Montbeliard;Zone FIMU;Touriste Français;Periode normale;9192
2017-06-09;Vendredi;Veille;Haut Rhin Nord;Zone FIMU;Touriste Français;Periode normale;5504
2017-06-09;Vendredi;Veille;Haut Rhin Sud;Zone FIMU;Resident;Periode normale;8483
2017-06-09;Vendredi;Veille;Haut Rhin Sud;Zone FIMU;Touriste Etranger;Periode normale;#
2017-06-09;Vendredi;Veille;Haut Rhin Sud;Zone FIMU;Touriste Français;Periode normale;1348
2017-06-09;Vendredi;Veille;Reste Doubs;Zone FIMU;Resident;Periode normale;#
2017-06-09;Vendredi;Veille;Reste Doubs;Zone FIMU;Touriste Etranger;Periode normale;#
2017-06-09;Vendredi;Veille;Reste Doubs;Zone FIMU;Touriste Français;Periode normale;6281
2017-06-09;Vendredi;Veille;Reste Haute Saone;Zone FIMU;Resident;Periode normale;5018
2017-06-09;Vendredi;Veille;Reste Haute Saone;Zone FIMU;Touriste Français;Periode normale;842
2017-06-09;Vendredi;Veille;Reste Territoire de Belfort;Zone FIMU;Resident;Periode normale;2410
2017-06-09;Vendredi;Veille;Reste Territoire de Belfort;Zone FIMU;Touriste Etranger;Periode normale;#
2017-06-09;Vendredi;Veille;Reste Territoire de Belfort;Zone FIMU;Touriste Français;Periode normale;2951
2017-06-09;Vendredi;Veille;Ville de Belfort;Zone FIMU;Resident;Periode normale;2305
2017-06-09;Vendredi;Veille;Ville de Belfort;Zone FIMU;Touriste Etranger;Periode normale;5280
2017-06-09;Vendredi;Veille;Ville de Belfort;Zone FIMU;Touriste Français;Periode normale;8327
2017-06-09;Vendredi;Veille;Vosges;Zone FIMU;Touriste Etranger;Periode normale;#
2017-06-09;Vendredi;Veille;Vosges;Zone FIMU;Touriste Français;Periode normale;#
2017-06-10;Samedi;Veille;Agglomeration de Belfort;Zone FIMU;Resident;Periode normale;9287
2017-06-10;Samedi;Veille;Agglomeration de Belfort;Zone FIMU;Touriste Etranger;Periode normale;#
2017-06-10;Samedi;Veille;Agglomeration de Belfort;Zone FIMU;Touriste Français;Periode normale;6616
2017-06-10;Samedi;Veille;Agglomeration de Hericourt;Zone FIMU;Resident;Periode normale;4216
2017-06-10;Samedi;Veille;Agglomeration de Hericourt;Zone FIMU;Touriste Français;Periode normale;6780
2017-06-10;Samedi;Veille;Agglomeration de Montbeliard;Zone FIMU;Resident;Periode normale;1394
2017-06-10;Samedi;Veille;Agglomeration de Montbeliard;Zone FIMU;Touriste Etranger;Periode normale;#
2017-06-10;Samedi;Veille;Agglomeration de Montbeliard;Zone FIMU;Touriste Français;Periode normale;753
2017-06-10;Samedi;Veille;Haut Rhin Nord;Zone FIMU;Touriste Etranger;Periode normale;#
2017-06-10;Samedi;Veille;Haut Rhin Nord;Zone FIMU;Touriste Français;Periode normale;9182
2017-06-10;Samedi;Veille;Haut Rhin Sud;Zone FIMU;Resident;Periode normale;6653
2017-06-10;Samedi;Veille;Haut Rhin Sud;Zone FIMU;Touriste Etranger;Periode normale;#
2017-06-10;Samedi;Veille;Haut Rhin Sud;Zone FIMU;Touriste Français;Periode normale;5273
2017-06-10;Samedi;Veille;Reste Doubs;Zone FIMU;Resident;Periode normale;5604
2017-06-10;Samedi;Veille;Reste Doubs;Zone FIMU;Touriste Français;Periode normale;2935
2017-06-10;Samedi;Veille;Reste Haute Saone;Zone FIMU;Resident;Periode normale;2518
2017-06-10;Samedi;Veille;Reste Haute Saone;Zone FIMU;Touriste Français;Periode normale;3308
2017-06-10;Samedi;Veille;Reste Territoire de Belfort;Zone FIMU;Resident;Periode normale;7973
2017-06-10;Samedi;Veille;Reste Territoire de Belfort;Zone FIMU;Touriste Français;Periode normale;1168
2017-06-10;Samedi;Veille;Ville de Belfort;Zone FIMU;Resident;Periode normale;5490
2017-06-10;Samedi;Veille;Ville de Belfort;Zone FIMU;Touriste Etranger;Periode normale;5540
2017-06-10;Samedi;Veille;Ville de Belfort;Zone FIMU;Touriste Français;Periode normale;9358
2017-06-10;Samedi;Veille;Vosges;Zone FIMU;Touriste Français;Periode normale;#
2017-06-11;Dimanche;Veille;Agglomeration de Belfort;Zone FIMU;Resident;Periode normale;9090
2017-06-11;Dimanche;Veille;Agglomeration de Belfort;Zone FIMU;Touriste Etranger;Periode normale;#
2017-06-11;Dimanche;Veille;Agglomeration de Belfort;Zone FIMU;Touriste Français;Periode normale;1483
2017-06-11;Dimanche;Veille;Agglomeration de Hericourt;Zone FIMU;Resident;Periode normale;#
2017-06-11;Dimanche;Veille;Agglomeration de Hericourt;Zone FIMU;Touriste Français;Periode normale;689
2017-06-11;Dimanche;Veille;Agglomeration de Montbeliard;Zone FIMU;Resident;Periode normale;4159
2017-06-11;Dimanche;Veille;Agglomeration de Montbeliard;Zone FIMU;Touriste Français;Periode normale;7420
2017-06-11;Dimanche;Veille;Haut Rhin Nord;Zone FIMU;Resident;Periode normale;#
2017-06-11;Dimanche;Veille;Haut Rhin Nord;Zone FIMU;Touriste Français;Periode normale;#
2017-06-11;Dimanche;Veille;Haut Rhin Sud;Zone FIMU;Touriste Français;Periode normale;6542
2017-06-11;Dimanche;Veille;Reste Doubs;Zone FIMU;Resident;Periode normale;6990
2017-06-11;Dimanche;Veille;Reste Doubs;Zone FIMU;Touriste Etranger;Periode normale;#
2017-06-11;Dimanche;Veille;Reste Doubs;Zone FIMU;Touriste Français;Periode normale;7249
2017-06-11;Dimanche;Veille;Reste Haute Saone;Zone FIMU;Resident;Periode normale;#
2017-06-11;Dimanche;Veille;Reste Haute Saone;Zone FIMU;Touriste Etranger;Periode normale;#
2017-06-11;Dimanche;Veille;Reste Haute Saone;Zone FIMU;Touriste Français;Periode normale;6616
2017-06-11;Dimanche;Veille;Reste Territoire de Belfort;Zone FIMU;Resident;Periode normale;419
2017-06-11;Dimanche;Veille;Reste Territoire de Belfort;Zone FIMU;Touriste Français;Periode normale;7783
2017-06-11;Dimanche;Veille;Ville de Belfort;Zone FIMU;Resident;Periode normale;3239
2017-06-11;Dimanche;Veille;Ville de Belfort;Zone FIMU;Touriste Etranger;Periode normale;2227
2017-06-11;Dimanche;Veille;Ville de Belfort;Zone FIMU;Touriste Français;Periode normale;1242
2017-06-11;Dimanche;Veille;Vosges;Zone FIMU;Resident;Periode normale;#
2017-06-11;Dimanche;Veille;Vosges;Zone FIMU;Touriste Français;Periode normale;5248
2017-06-12;Lundi;Veille;Agglomeration de Belfort;Zone FIMU;Resident;Periode normale;6396
2017-06-12;Lundi;Veille;Agglomeration de Belfort;Zone FIMU;Touriste Etranger;Periode normale;#
2017-06-12;Lundi;Veille;Agglomeration de Belfort;Zone FIMU;Touriste Français;Periode normale;8569
2017-06-12;Lundi;Veille;Agglomeration de Hericourt;Zone FIMU;Resident;Periode normale;#
2017-06-12;Lundi;Veille;Agglomeration de Hericourt;Zone FIMU;Touriste Français;Periode normale;8255
2017-06-12;Lundi;Veille;Agglomeration de Montbeliard;Zone FIMU;Resident;Periode normale;7167
2017-06-12;Lundi;Veille;Agglomeration de Montbeliard;Zone FIMU;Touriste Français;Periode normale;6875
2017-06-12;Lundi;Veille;Haut Rhin Nord;Zone FIMU;Resident;Periode normale;#
2017-06-12;Lundi;Veille;Haut Rhin Nord;Zone FIMU;Touriste Etranger;Periode normale;#
2017-06-12;Lundi;Veille;Haut Rhin Nord;Zone FIMU;Touriste Français;Periode normale;7812
2017-06-12;Lundi;Veille;Haut Rhin Sud;Zone FIMU;Resident;Periode normale;5828
2017-06-12;Lundi;Veille;Haut Rhin Sud;Zone FIMU;Touriste Français;Periode normale;203
2017-06-12;Lundi;Veille;Reste Doubs;Zone FIMU;Resident;Periode normale;#
2017-06-12;Lundi;Veille;Reste Doubs;Zone FIMU;Touriste Etranger;Periode normale;#
2017-06-12;Lundi;Veille;Reste Doubs;Zone FIMU;Touriste Français;Periode normale;3636
2017-06-12;Lundi;Veille;Reste Haute Saone;Zone FIMU;Resident;Periode normale;1894
2017-06-12;Lundi;Veille;Reste Haute Saone;Zone FIMU;Touriste Etranger;Periode normale;#
2017-06-12;Lundi;Veille;Reste Haute Saone;Zone FIMU;Touriste Français;Periode normale;6983
2017-06-12;Lundi;Veille;Reste Territoire de Belfort;Zone FIMU;Resident;Periode normale;3196
2017-06-12;Lundi;Veille;Reste Territoire de Belfort;Zone FIMU;Touriste Etranger;Periode normale;#
2017-06-12;Lundi;Veille;Reste Territoire de Belfort;Zone FIMU;Touriste Français;Periode normale;2981
2017-06-12;Lundi;Veille;Ville de Belfort;Zone FIMU;Resident;Periode normale;4895
2017-06-12;Lundi;Veille;Ville de Belfort;Zone FIMU;Touriste Etranger;Periode normale;3561
2017-06-12;Lundi;Veille;Ville de Belfort;Zone FIMU;Touriste Français;Periode normale;2167
2017-06-12;Lundi;Veille;Vosges;Zone FIMU;Touriste Etranger;Periode normale;#
2017-06-12;Lundi;Veille;Vosges;Zone FIMU;Touriste Français;Periode normale;#
2017-06-13;Mardi;Veille;Agglomeration de Belfort;Zone FIMU;Resident;Periode normale;3559
2017-06-13;Mardi;Veille;Agglomeration de Belfort;Zone FIMU;Touriste Etranger;Periode normale;#
2017-06-13;Mardi;Veille;Agglomeration de Belfort;Zone FIMU;Touriste Français;Periode normale;790
2017-06-13;Mardi;Veille;Agglomeration de Hericourt;Zone FIMU;Resident;Periode normale;2114
2017-06-13;Mardi;Veille;Agglomeration de Hericourt;Zone FIMU;Touriste Français;Periode normale;7007
2017-06-13;Mardi;Veille;Agglomeration de Montbeliard;Zone FIMU;Resident;Periode normale;2917
2017-06-13;Mardi;Veille;Agglomeration de Montbeliard;Zone FIMU;Touriste Etranger;Periode normale;#
2017-06-13;Mardi;Veille;Agglomeration de Montbeliard;Zone FIMU;Touriste Français;Periode normale;2005
2017-06-13;Mardi;Veille;Haut Rhin Nord;Zone FIMU;Touriste Français;Periode normale;820
2017-06-13;Mardi;Veille;Haut Rhin Sud;Zone FIMU;Resident;Periode normale;#
2017-06-13;Mardi;Veille;Haut Rhin Sud;Zone FIMU;Touriste Français;Periode normale;3370
2017-06-13;Mardi;Veille;Reste Doubs;Zone FIMU;Resident;Periode normale;#
2017-06-13;Mardi;Veille;Reste Doubs;Zone FIMU;Touriste Français;Periode normale;8921
2017-06-13;Mardi;Veille;Reste Haute Saone;Zone FIMU;Resident;Periode normale;5833
2017-06-13;Mardi;Veille;Reste Haute Saone;Zone FIMU;Touriste Français;Periode normale;8790
2017-06-13;Mardi;Veille;Reste Territoire de Belfort;Zone FIMU;Resident;Periode normale;25
2017-06-13;Mardi;Veille;Reste Territoire de Belfort;Zone FIMU;Touriste Etranger;Periode normale;#
2017-06-13;Mardi;Veille;Reste Territoire de Belfort;Zone FIMU;Touriste Français;Periode normale;356
2017-06-13;Mardi;Veille;Ville de Belfort;Zone FIMU;Resident;Periode normale;8725
2017-06-13;Mardi;Veille;Ville de Belfort;Zone FIMU;Touriste Etranger;Periode normale;602
2017-06-13;Mardi;Veille;Ville de Belfort;Zone FIMU;Touriste Français;Periode normale;1514
2017-06-13;Mardi;Veille;Vosges;Zone FIMU;Touriste Français;Periode normale;#
2017-06-14;Mercredi;Veille;Agglomeration de Belfort;Zone FIMU;Resident;Periode normale;121
2017-06-14;Mercredi;Veille;Agglomeration de Belfort;Zone FIMU;Touriste Etranger;Periode normale;#
2017-06-14;Mercredi;Veille;Agglomeration de Belfort;Zone FIMU;Touriste Français;Periode normale;645
2017-06-14;Mercredi;Veille;Agglomeration de Hericourt;Zone FIMU;Resident;Periode normale;5540
2017-06-14;Mercredi;Veille;Agglomeration de Hericourt;Zone FIMU;Touriste Français;Periode normale;6190
2017-06-14;Mercredi;Veille;Agglomeration de Montbeliard;Zone FIMU;Resident;Periode normale;8826
2017-06-14;Mercredi;Veille;Agglomeration de Montbeliard;Zone FIMU;Touriste Français;Periode normale;6068
2017-06-14;Mercredi;Veille;Haut Rhin Nord;Zone FIMU;Resident;Periode normale;#
2017-06-14;Mercredi;Veille;Haut Rhin Nord;Zone FIMU;Touriste Français;Periode normale;47
2017-06-14;Mercredi;Veille;Haut Rhin Sud;Zone FIMU;Resident;Periode normale;4230
2017-06-14;Mercredi;Veille;Haut Rhin Sud;Zone FIMU;Touriste Français;Periode normale;1303
2017-06-14;Mercredi;Veille;Reste Doubs;Zone FIMU;Resident;Periode normale;#
2017-06-14;Mercredi;Veille;Reste Doubs;Zone FIMU;Touriste Français;Periode normale;7171
2017-06-14;Mercredi;Veille;Reste Haute Saone;Zone FIMU;Resident;Periode normale;8712
2017-06-14;Mercredi;Veille;Reste Haute Saone;Zone FIMU;Touriste Etranger;Periode normale;#
2017-06-14;Mercredi;Veille;Reste Haute Saone;Zone FIMU;Touriste Français;Periode normale;7913
2017-06-14;Mercredi;Veille;Reste Territoire de Belfort;Zone FIMU;Resident;Periode normale;7627
2017-06-14;Mercredi;Veille;Reste Territoire de Belfort;Zone FIMU;Touriste Français;Periode normale;3573
2017-06-14;Mercredi;Veille;Ville de Belfort;Zone FIMU;Resident;Periode normale;97
2017-06-14;Mercredi;Veille;Ville de Belfort;Zone FIMU;Touriste Etranger;Periode normale;9300
2017-06-14;Mercredi;Veille;Ville de Belfort;Zone FIMU;Touriste Français;Periode normale;2747
2017-06-14;Mercredi;Veille;Vosges;Zone FIMU;Touriste Français;Periode normale;#
2017-06-15;Jeudi;Veille;Agglomeration de Belfort;Zone FIMU;Resident;Periode normale;3147
2017-06-15;Jeudi;Veille;Agglomeration de Belfort;Zone FIMU;Touriste Etranger;Periode normale;#
2017-06-15;Jeudi;Veille;Agglomeration de Belfort;Zone FIMU;Touriste Français;Periode normale;7322
2017-06-15;Jeudi;Veille;Agglomeration de Hericourt;Zone FIMU;Resident;Periode normale;#
2017-06-15;Jeudi;Veille;Agglomeration de Hericourt;Zone FIMU;Touriste Français;Periode normale;1800
2017-06-15;Jeudi;Veille;Agglomeration de Montbeliard;Zone FIMU;Resident;Periode normale;1822
2017-06-15;Jeudi;Veille;Agglomeration de Montbeliard;Zone FIMU;Touriste Etranger;Periode normale;#
2017-06-15;Jeudi;Veille;Agglomeration de Montbeliard;Zone FIMU;Touriste Français;Periode normale;6743
2017-06-15;Jeudi;Veille;Haut Rhin Nord;Zone FIMU;Touriste Etranger;Periode normale;#
2017-06-15;Jeudi;Veille;Haut Rhin Nord;Zone FIMU;Touriste Français;Periode normale;7454
2017-06-15;Jeudi;Veille;Haut Rhin Sud;Zone FIMU;Resident;Periode normale;#
2017-06-15;Jeudi;Veille;Haut Rhin Sud;Zone FIMU;Touriste Etranger;Periode normale;#
2017-06-15;Jeudi;Veille;Haut Rhin Sud;Zone FIMU;Touriste Français;Periode normale;6642
2017-06-15;Jeudi;Veille;Reste Doubs;Zone FIMU;Resident;Periode normale;#
2017-06-15;Jeudi;Veille;Reste Doubs;Zone FIMU;Touriste Français;Periode normale;4255
2017-06-15;Jeudi;Veille;Reste Haute Saone;Zone FIMU;Resident;Periode normale;8519
2017-06-15;Jeudi;Veille;Reste Haute Saone;Zone FIMU;Touriste Français;Periode normale;1940
2017-06-15;Jeudi;Veille;Reste Territoire de Belfort;Zone FIMU;Resident;Periode normale;7973
2017-06-15;Jeudi;Veille;Reste Territoire de Belfort;Zone FIMU;Touriste Etranger;Periode normale;#
2017-06-15;Jeudi;Veille;Reste Territoire de Belfort;Zone FIMU;Touriste Français;Periode normale;7798
2017-06-15;Jeudi;Veille;Ville de Belfort;Zone FIMU;Resident;Periode normale;5943
2017-06-15;Jeudi;Veille;Ville de Belfort;Zone FIMU;Touriste Etranger;Periode normale;7269
2017-06-15;Jeudi;Veille;Ville de Belfort;Zone FIMU;Touriste Français;Periode normale;5142
2017-06-16;Vendredi;Veille;Agglomeration de Belfort;Zone FIMU;Resident;Periode normale;3890
2017-06-16;Vendredi;Veille;Agglomeration de Belfort;Zone FIMU;Touriste Etranger;Periode normale;#
2017-06-16;Vendredi;Veille;Agglomeration de Belfort;Zone FIMU;Touriste Français;Periode normale;5894
2017-06-16;Vendredi;Veille;Agglomeration de Hericourt;Zone FIMU;Resident;Periode normale;7773
2017-06-16;Vendredi;Veille;Agglomeration de Hericourt;Zone FIMU;Touriste Français;Periode normale;2761
2017-06-16;Vendredi;Veille;Agglomeration de Montbeliard;Zone FIMU;Resident;Periode normale;424
2017-06-16;Vendredi;Veille;Agglomeration de Montbeliard;Zone FIMU;Touriste Etranger;Periode normale;#
2017-06-16;Vendredi;Veille;Agglomeration de Montbeliard;Zone FIMU;Touriste Français;Periode normale;6630
2017-06-16;Vendredi;Veille;Haut Rhin Nord;Zone FIMU;Touriste Etranger;Periode normale;#
2017-06-16;Vendredi;Veille;Haut Rhin Nord;Zone FIMU;Touriste Français;Periode normale;2181
2017-06-16;Vendredi;Veille;Haut Rhin Sud;Zone FIMU;Resident;Periode normale;3039
2017-06-16;Vendredi;Veille;Haut Rhin Sud;Zone FIMU;Touriste Français;Periode normale;9623
2017-06-16;Vendredi;Veille;Reste Doubs;Zone FIMU;Resident;Periode normale;7825
2017-06-16;Vendredi;Veille;Reste Doubs;Zone FIMU;Touriste Etranger;Periode normale;#
2017-06-16;Vendredi;Veille;Reste Doubs;Zone FIMU;Touriste Français;Periode normale;4655
2017-06-16;Vendredi;Veille;Reste Haute Saone;Zone FIMU;Resident;Periode normale;5509
2017-06-16;Vendredi;Veille;Reste Haute Saone;Zone FIMU;Touriste Français;Periode normale;6893
2017-06-16;Vendredi;Veille;Reste Territoire de Belfort;Zone FIMU;Resident;Periode normale;124
2017-06-16;Vendredi;Veille;Reste Territoire de Belfort;Zone FIMU;Touriste Etranger;Periode normale;#
2017-06-16;Vendredi;Veille;Reste Territoire de Belfort;Zone FIMU;Touriste Français;Periode normale;5116
2017-06-16;Vendredi;Veille;Ville de Belfort;Zone FIMU;Resident;Periode normale;6521
2017-06-16;Vendredi;Veille;Ville de Belfort;Zone FIMU;Touriste Etranger;Periode normale;6424
2017-06-16;Vendredi;Veille;Ville de Belfort;Zone FIMU;Touriste Français;Periode normale;811
2017-06-16;Vendredi;Veille;Vosges;Zone FIMU;Touriste Français;Periode normale;#
2017-06-17;Samedi;Veille;Agglomeration de Belfort;Zone FIMU;Resident;Periode normale;1009
2017-06-17;Samedi;Veille;Agglomeration de Belfort;Zone FIMU;Touriste Etranger;Periode normale;#
2017-06-17;Samedi;Veille;Agglomeration de Belfort;Zone FIMU;Touriste Français;Periode normale;5839
2017-06-17;Samedi;Veille;Agglomeration de Hericourt;Zone FIMU;Touriste Français;Periode normale;7388
2017-06-17;Samedi;Veille;Agglomeration de Montbeliard;Zone FIMU;Resident;Periode normale;#
2017-06-17;Samedi;Veille;Agglomeration de Montbeliard;Zone FIMU;Touriste Français;Periode normale;9686
2017-06-17;Samedi;Veille;Haut Rhin Nord;Zone FIMU;Touriste Français;Periode normale;7568
2017-06-17;Samedi;Veille;Haut Rhin Sud;Zone FIMU;Resident;Periode normale;#
2017-06-17;Samedi;Veille;Haut Rhin Sud;Zone FIMU;Touriste Français;Periode normale;5419
2017-06-17;Samedi;Veille;Reste Doubs;Zone FIMU;Resident;Periode normale;#
2017-06-17;Samedi;Veille;Reste Doubs;Zone FIMU;Touriste Etranger;Periode normale;#
2017-06-17;Samedi;Veille;Reste Doubs;Zone FIMU;Touriste Français;Periode normale;8275
2017-06-17;Samedi;Veille;Reste Haute Saone;Zone FIMU;Resident;Periode normale;1604
2017-06-17;Samedi;Veille;Reste Haute Saone;Zone FIMU;Touriste Etranger;Periode normale;#
2017-06-17;Samedi;Veille;Reste Haute Saone;Zone FIMU;Touriste Français;Periode normale;1399
2017-06-17;Samedi;Veille;Reste Territoire de Belfort;Zone FIMU;Resident;Periode normale;2585
2017-06-17;Samedi;Veille;Reste Territoire de Belfort;Zone FIMU;Touriste Etranger;Periode normale;#
2017-06-17;Samedi;Veille;Reste Territoire de Belfort;Zone FIMU;Touriste Français;Periode normale;#
2017-06-17;Samedi;Veille;Ville de Belfort;Zone FIMU;Resident;Periode normale;273
2017-06-17;Samedi;Veille;Ville de Belfort;Zone FIMU;Touriste Etranger;Periode normale;4757
2017-06-17;Samedi;Veille;Ville de Belfort;Zone FIMU;Touriste Français;Periode normale;2426
2017-06-18;Dimanche;Veille;Agglomeration de Belfort;Zone FIMU;Resident;Periode normale;1959
2017-06-18;Dimanche;Veille;Agglomeration de Belfort;Zone FIMU;Touriste Etranger;Periode normale;#
2017-06-18;Dimanche;Veille;Agglomeration de Belfort;Zone FIMU;Touriste Français;Periode normale;7104
2017-06-18;Dimanche;Veille;Agglomeration de Montbeliard;Zone FIMU;Resident;Periode normale;1399
2017-06-18;Dimanche;Veille;Agglomeration de Montbeliard;Zone FIMU;Touriste Français;Periode normale;2553
2017-06-18;Dimanche;Veille;Haut Rhin Nord;Zone FIMU;Resident;Periode normale;#
2017-06-18;Dimanche;Veille;Haut Rhin Nord;Zone FIMU;Touriste Français;Periode normale;879
2017-06-18;Dimanche;Veille;Haut Rhin Sud;Zone FIMU;Resident;Periode normale;3415
2017-06-18;Dimanche;Veille;Haut Rhin Sud;Zone FIMU;Touriste Etranger;Periode normale;#
2017-06-18;Dimanche;Veille;Haut Rhin Sud;Zone FIMU;Touriste Français;Periode normale;1692
2017-06-18;Dimanche;Veille;Reste Doubs;Zone FIMU;Resident;Periode normale;#
2017-06-18;Dimanche;Veille;Reste Doubs;Zone FIMU;Touriste Français;Periode normale;4565
2017-06-18;Dimanche;Veille;Reste Haute Saone;Zone FIMU;Resident;Periode normale;3428
2017-06-18;Dimanche;Veille;Reste Haute Saone;Zone FIMU;Touriste Etranger;Periode normale;#
2017-06-18;Dimanche;Veille;Reste Haute Saone;Zone FIMU;Touriste Français;Periode normale;5574
2017-06-18;Dimanche;Veille;Reste Territoire de Belfort;Zone FIMU;Resident;Periode normale;7177
2017-06-18;Dimanche;Veille;Reste Territoire de Belfort;Zone FIMU;Touriste Etranger;Periode normale;#
2017-06-18;Dimanche;Veille;Reste Territoire de Belfort;Zone FIMU;Touriste Français;Periode normale;3241
2017-06-18;Dimanche;Veille;Ville de Belfort;Zone FIMU;Resident;Periode normale;6398
2017-06-18;Dimanche;Veille;Ville de Belfort;Zone FIMU;Touriste Etranger;Periode normale;1806
2017-06-18;Dimanche;Veille;Ville de Belfort;Zone FIMU;Touriste Français;Periode normale;7361
2017-06-18;Dimanche;Veille;Vosges;Zone FIMU;Resident;Periode normale;624
2017-06-18;Dimanche;Veille;Vosges;Zone FIMU;Touriste Français;Periode normale;#
2017-06-19;Lundi;Veille;Agglomeration de Belfort;Zone FIMU;Resident;Periode normale;2290
2017-06-19;Lundi;Veille;Agglomeration de Belfort;Zone FIMU;Touriste Etranger;Periode normale;#
2017-06-19;Lundi;Veille;Agglomeration de Belfort;Zone FIMU;Touriste Français;Periode normale;3381
2017-06-19;Lundi;Veille;Agglomeration de Hericourt;Zone FIMU;Resident;Periode normale;7416
2017-06-19;Lundi;Veille;Agglomeration de Hericourt;Zone FIMU;Touriste Etranger;Periode normale;#
2017-06-19;Lundi;Veille;Agglomeration de Hericourt;Zone FIMU;Touriste Français;Periode normale;4417
2017-06-19;Lundi;Veille;Agglomeration de Montbeliard;Zone FIMU;Resident;Periode normale;9736
2017-06-19;Lundi;Veille;Agglomeration de Montbeliard;Zone FIMU;Touriste Etranger;Periode normale;#
2017-06-19;Lundi;Veille;Agglomeration de Montbeliard;Zone FIMU;Touriste Français;Periode normale;561
2017-06-19;Lundi;Veille;Haut Rhin Nord;Zone FIMU;Touriste Français;Periode normale;4489
2017-06-19;Lundi;Veille;Haut Rhin Sud;Zone FIMU;Touriste Etranger;Periode normale;#
2017-06-19;Lundi;Veille;Haut Rhin Sud;Zone FIMU;Touriste Français;Periode normale;7573
2017-06-19;Lundi;Veille;Reste Doubs;Zone FIMU;Resident;Periode normale;5771
2017-06-19;Lundi;Veille;Reste Doubs;Zone FIMU;Touriste Français;Periode normale;319
2017-06-19;Lundi;Veille;Reste Haute Saone;Zone FIMU;Resident;Periode normale;8818
2017-06-19;Lundi;Veille;Reste Haute Saone;Zone FIMU;Touriste Français;Periode normale;2207
2017-06-19;Lundi;Veille;Reste Territoire de Belfort;Zone FIMU;Resident;Periode normale;6027
2017-06-19;Lundi;Veille;Reste Territoire de Belfort;Zone FIMU;Touriste Etranger;Periode normale;#
2017-06-19;Lundi;Veille;Reste Territoire de Belfort;Zone FIMU;Touriste Français;Periode normale;9074
2017-06-19;Lundi;Veille;Ville de Belfort;Zone FIMU;Resident;Periode normale;5108
2017-06-19;Lundi;Veille;Ville de Belfort;Zone FIMU;Touriste Etranger;Periode normale;4639
2017-06-19;Lundi;Veille;Ville de Belfort;Zone FIMU;Touriste Français;Periode normale;1870
2017-06-19;Lundi;Veille;Vosges;Zone FIMU;Touriste Français;Periode normale;#
2017-06-20;Mardi;Veille;Agglomeration de Belfort;Zone FIMU;Resident;Periode normale;7132
2017-06-20;Mardi;Veille;Agglomeration de Belfort;Zone FIMU;Touriste Etranger;Periode normale;#
2017-06-20;Mardi;Veille;Agglomeration de Belfort;Zone FIMU;Touriste Français;Periode normale;7169
2017-06-20;Mardi;Veille;Agglomeration de Hericourt;Zone FIMU;Resident;Periode normale;3166
2017-06-20;Mardi;Veille;Agglomeration de Hericourt;Zone FIMU;Touriste Français;Periode normale;6110
2017-06-20;Mardi;Veille;Agglomeration de Montbeliard;Zone FIMU;Resident;Periode normale;4898
2017-06-20;Mardi;Veille;Agglomeration de Montbeliard;Zone FIMU;Touriste Etranger;Periode normale;#
2017-06-20;Mardi;Veille;Agglomeration de Montbeliard;Zone FIMU;Touriste Français;Periode normale;2199
2017-06-20;Mardi;Veille;Haut Rhin Nord;Zone FIMU;Touriste Français;Periode normale;615
2017-06-20;Mardi;Veille;Haut Rhin Sud;Zone FIMU;Resident;Periode normale;4791
2017-06-20;Mardi;Veille;Haut Rhin Sud;Zone FIMU;Touriste Français;Periode normale;5292
2017-06-20;Mardi;Veille;Reste Doubs;Zone FIMU;Resident;Periode normale;#
2017-06-20;Mardi;Veille;Reste Doubs;Zone FIMU;Touriste Etranger;Periode normale;#
2017-06-20;Mardi;Veille;Reste Doubs;Zone FIMU;Touriste Français;Periode normale;8286
2017-06-20;Mardi;Veille;Reste Haute Saone;Zone FIMU;Resident;Periode normale;9372
2017-06-20;Mardi;Veille;Reste Haute Saone;Zone FIMU;Touriste Français;Periode normale;4705
2017-06-20;Mardi;Veille;Reste Territoire de Belfort;Zone FIMU;Resident;Periode normale;2868
2017-06-20;Mardi;Veille;Reste Territoire de Belfort;Zone FIMU;Touriste Etranger;Periode normale;#
2017-06-20;Mardi;Veille;Reste Territoire de Belfort;Zone FIMU;Touriste Français;Periode normale;9034
2017-06-20;Mardi;Veille;Ville de Belfort;Zone FIMU;Resident;Periode normale;5076
2017-06-20;Mardi;Veille;Ville de Belfort;Zone FIMU;Touriste Etranger;Periode normale;1851
2017-06-20;Mardi;Veille;Ville de Belfort;Zone FIMU;Touriste Français;Periode normale;8799
2017-06-20;Mardi;Veille;Vosges;Zone FIMU;Touriste Français;Periode normale;#
2017-06-21;Mercredi;Veille;Agglomeration de Belfort;Zone FIMU;Resident;Periode normale;2132
2017-06-21;Mercredi;Veille;Agglomeration de Belfort;Zone FIMU;Touriste Etranger;Periode normale;#
2017-06-21;Mercredi;Veille;Agglomeration de Belfort;Zone FIMU;Touriste Français;Periode normale;6330
2017-06-21;Mercredi;Veille;Agglomeration de Hericourt;Zone FIMU;Resident;Periode normale;9092
2017-06-21;Mercredi;Veille;Agglomeration de Hericourt;Zone FIMU;Touriste Français;Periode normale;197
2017-06-21;Mercredi;Veille;Agglomeration de Montbeliard;Zone FIMU;Resident;Periode normale;3072
2017-06-21;Mercredi;Veille;Agglomeration de Montbeliard;Zone FIMU;Touriste Etranger;Periode normale;#
2017-06-21;Mercredi;Veille;Agglomeration de Montbeliard;Zone FIMU;Touriste Français;Periode normale;4785
2017-06-21;Mercredi;Veille;Haut Rhin Nord;Zone FIMU;Resident;Periode normale;#
2017-06-21;Mercredi;Veille;Haut Rhin Nord;Zone FIMU;Touriste Français;Periode normale;9576
2017-06-21;Mercredi;Veille;Haut Rhin Sud;Zone FIMU;Resident;Periode normale;5912
2017-06-21;Mercredi;Veille;Haut Rhin Sud;Zone FIMU;Touriste Français;Periode normale;9908
2017-06-21;Mercredi;Veille;Reste Doubs;Zone FIMU;Touriste Etranger;Periode normale;#
2017-06-21;Mercredi;Veille;Reste Doubs;Zone FIMU;Touriste Français;Periode normale;3732
2017-06-21;Mercredi;Veille;Reste Haute Saone;Zone FIMU;Resident;Periode normale;3371
2017-06-21;Mercredi;Veille;Reste Haute Saone;Zone FIMU;Touriste Français;Periode normale;7304
2017-06-21;Mercredi;Veille;Reste Territoire de Belfort;Zone FIMU;Resident;Periode normale;1860
2017-06-21;Mercredi;Veille;Reste Territoire de Belfort;Zone FIMU;Touriste Français;Periode normale;2395
2017-06-21;Mercredi;Veille;Ville de Belfort;Zone FIMU;Resident;Periode normale;7001
2017-06-21;Mercredi;Veille;Ville de Belfort;Zone FIMU;Touriste Etranger;Periode normale;8407
2017-06-21;Mercredi;Veille;Ville de Belfort;Zone FIMU;Touriste Français;Periode normale;9308
2017-06-21;Mercredi;Veille;Vosges;Zone FIMU;Resident;Periode normale;#
2017-06-21;Mercredi;Veille;Vosges;Zone FIMU;Touriste Français;Periode normale;#
2017-06-22;Jeudi;Veille;Agglomeration de Belfort;Zone FIMU;Resident;Periode normale;6453
2017-06-22;Jeudi;Veille;Agglomeration de Belfort;Zone FIMU;Touriste Français;Periode normale;8498
2017-06-22;Jeudi;Veille;Agglomeration de Hericourt;Zone FIMU;Resident;Periode normale;6578
2017-06-22;Jeudi;Veille;Agglomeration de Hericourt;Zone FIMU;Touriste Etranger;Periode normale;#
2017-06-22;Jeudi;Veille;Agglomeration de Hericourt;Zone FIMU;Touriste Français;Periode normale;244
2017-06-22;Jeudi;Veille;Agglomeration de Montbeliard;Zone FIMU;Resident;Periode normale;6098
2017-06-22;Jeudi;Veille;Agglomeration de Montbeliard;Zone FIMU;Touriste Français;Periode normale;6915
2017-06-22;Jeudi;Veille;Haut Rhin Nord;Zone FIMU;Resident;Periode normale;#
2017-06-22;Jeudi;Veille;Haut Rhin Nord;Zone FIMU;Touriste Etranger;Periode normale;#
2017-06-22;Jeudi;Veille;Haut Rhin Nord;Zone FIMU;Touriste Français;Periode normale;#
2017-06-22;Jeudi;Veille;Haut Rhin Sud;Zone FIMU;Resident;Periode normale;9284
2017-06-22;Jeudi;Veille;Haut Rhin Sud;Zone FIMU;Touriste Français;Periode normale;6868
2017-06-22;Jeudi;Veille;Reste Doubs;Zone FIMU;Touriste Etranger;Periode normale;#
2017-06-22;Jeudi;Veille;Reste Doubs;Zone FIMU;Touriste Français;Periode normale;4115
2017-06-22;Jeudi;Veille;Reste Haute Saone;Zone FIMU;Resident;Periode normale;2164
2017-06-22;Jeudi;Veille;Reste Haute Saone;Zone FIMU;Touriste Français;Periode normale;4424
2017-06-22;Jeudi;Veille;Reste Territoire de Belfort;Zone FIMU;Resident;Periode normale;6845
2017-06-22;Jeudi;Veille;Reste Territoire de Belfort;Zone FIMU;Touriste Français;Periode normale;7249
2017-06-22;Jeudi;Veille;Ville de Belfort;Zone FIMU;Resident;Periode normale;3316
2017-06-22;Jeudi;Veille;Ville de Belfort;Zone FIMU;Touriste Etranger;Periode normale;603
2017-06-22;Jeudi;Veille;Ville de Belfort;Zone FIMU;Touriste Français;Periode normale;4502
2017-06-22;Jeudi;Veille;Vosges;Zone FIMU;Touriste Français;Periode normale;#
2017-06-23;Vendredi;Veille;Agglomeration de Belfort;Zone FIMU;Resident;Periode normale;4908
2017-06-23;Vendredi;Veille;Agglomeration de Belfort;Zone FIMU;Touriste Etranger;Periode normale;#
2017-06-23;Vendredi;Veille;Agglomeration de Belfort;Zone FIMU;Touriste Français;Periode normale;6714
2017-06-23;Vendredi;Veille;Agglomeration de Hericourt;Zone FIMU;Resident;Periode normale;#
2017-06-23;Vendredi;Veille;Agglomeration de Hericourt;Zone FIMU;Touriste Français;Periode normale;972
2017-06-23;Vendredi;Veille;Agglomeration de Montbeliard;Zone FIMU;Resident;Periode normale;1448
2017-06-23;Vendredi;Veille;Agglomeration de Montbeliard;Zone FIMU;Touriste Etranger;Periode normale;#
2017-06-23;Vendredi;Veille;Agglomeration de Montbeliard;Zone FIMU;Touriste Français;Periode normale;1234
2017-06-23;Vendredi;Veille;Haut Rhin Nord;Zone FIMU;Touriste Français;Periode normale;317
2017-06-23;Vendredi;Veille;Haut Rhin Sud;Zone FIMU;Resident;Periode normale;#
2017-06-23;Vendredi;Veille;Haut Rhin Sud;Zone FIMU;Touriste Etranger;Periode normale;#
2017-06-23;Vendredi;Veille;Haut Rhin Sud;Zone FIMU;Touriste Français;Periode normale;6370
2017-06-23;Vendredi;Veille;Reste Doubs;Zone FIMU;Resident;Periode normale;#
2017-06-23;Vendredi;Veille;Reste Doubs;Zone FIMU;Touriste Etranger;Periode normale;#
2017-06-23;Vendredi;Veille;Reste Doubs;Zone FIMU;Touriste Français;Periode normale;8893
2017-06-23;Vendredi;Veille;Reste Haute Saone;Zone FIMU;Resident;Periode normale;#
2017-06-23;Vendredi;Veille;Reste Haute Saone;Zone FIMU;Touriste Français;Periode normale;494
2017-06-23;Vendredi;Veille;Reste Territoire de Belfort;Zone FIMU;Resident;Periode normale;1933
2017-06-23;Vendredi;Veille;Reste Territoire de Belfort;Zone FIMU;Touriste Etranger;Periode normale;#
2017-06-23;Vendredi;Veille;Reste Territoire de Belfort;Zone FIMU;Touriste Français;Periode normale;110
2017-06-23;Vendredi;Veille;Ville de Belfort;Zone FIMU;Resident;Periode normale;8839
2017-06-23;Vendredi;Veille;Ville de Belfort;Zone FIMU;Touriste Etranger;Periode normale;8747
2017-06-23;Vendredi;Veille;Ville de Belfort;Zone FIMU;Touriste Français;Periode normale;3851
