Date;JourDeLaSemaine;Genre;TypeDeVisite;VisiteurUniqueSur;CategorieVisiteurs;ZoneAnalyse;Volume
2016-04-22;Vendredi;CUMUL;Visiteur;Journee;Résident ;All-FIMU;7991
2016-04-22;Vendredi;CUMUL;Visiteur;Journee;Touriste Français;All-FIMU;7440
2016-04-22;Vendredi;CUMUL;Excursionniste;Journee;Résident ;All-FIMU;2196
2016-04-22;Vendredi;CUMUL;Excursionniste;Journee;Touriste Français;All-FIMU;2159
2016-04-22;Vendredi;F;Visiteur;Journee;Résident ;All-FIMU;1181
2016-04-22;Vendredi;F;Visiteur;Journee;Touriste Français;All-FIMU;271
2016-04-22;Vendredi;F;Excursionniste;Journee;Résident ;All-FIMU;931
2016-04-22;Vendredi;F;Excursionniste;Journee;Touriste Français;All-FIMU;3591
2016-04-22;Vendredi;H;Visiteur;Journee;Résident ;All-FIMU;9792
2016-04-22;Vendredi;H;Visiteur;Journee;Touriste Français;All-FIMU;697
2016-04-22;Vendredi;H;Excursionniste;Journee;Résident ;All-FIMU;65
2016-04-22;Vendredi;H;Excursionniste;Journee;Touriste Français;All-FIMU;8528
2016-04-22;Vendredi;NR;Visiteur;Journee;Résident ;All-FIMU;7282
2016-04-22;Vendredi;NR;Visiteur;Journee;Touriste Français;All-FIMU;8528
2016-04-22;Vendredi;NR;Excursionniste;Journee;Résident ;All-FIMU;4812
2016-04-22;Vendredi;NR;Excursionniste;Journee;Touriste Français;All-FIMU;7130
2016-04-23;Samedi;CUMUL;Visiteur;Journee;Résident ;All-FIMU;1887
2016-04-23;Samedi;CUMUL;Visiteur;Journee;Touriste Français;All-FIMU;8882
2016-04-23;Samedi;CUMUL;Excursionniste;Journee;Résident ;All-FIMU;1580
2016-04-23;Samedi;CUMUL;Excursionniste;Journee;Touriste Français;All-FIMU;5842
2016-04-23;Samedi;F;Visiteur;Journee;Résident ;All-FIMU;568
2016-04-23;Samedi;F;Visiteur;Journee;Touriste Français;All-FIMU;3447
2016-04-23;Samedi;F;Excursionniste;Journee;Résident ;All-FIMU;6819
2016-04-23;Samedi;F;Excursionniste;Journee;Touriste Français;All-FIMU;9830
2016-04-23;Samedi;H;Visiteur;Journee;Résident ;All-FIMU;4658
2016-04-23;Samedi;H;Visiteur;Journee;Touriste Français;All-FIMU;2168
2016-04-23;Samedi;H;Excursionniste;Journee;Résident ;All-FIMU;2391
2016-04-23;Samedi;H;Excursionniste;Journee;Touriste Français;All-FIMU;7545
2016-04-23;Samedi;NR;Visiteur;Journee;Résident ;All-FIMU;5623
2016-04-23;Samedi;NR;Visiteur;Journee;Touriste Français;All-FIMU;9683
2016-04-23;Samedi;NR;Excursionniste;Journee;Résident ;All-FIMU;6094
2016-04-24;Dimanche;CUMUL;Visiteur;Journee;Résident ;All-FIMU;301
2016-04-24;Dimanche;CUMUL;Visiteur;Journee;Touriste Français;All-FIMU;9638
2016-04-24;Dimanche;CUMUL;Excursionniste;Journee;Résident ;All-FIMU;1420
2016-04-24;Dimanche;CUMUL;Excursionniste;Journee;Touriste Français;All-FIMU;6302
2016-04-24;Dimanche;F;Visiteur;Journee;Résident ;All-FIMU;7540
2016-04-24;Dimanche;F;Visiteur;Journee;Touriste Français;All-FIMU;7090
2016-04-24;Dimanche;F;Excursionniste;Journee;Résident ;All-FIMU;8528
2016-04-24;Dimanche;F;Excursionniste;Journee;Touriste Français;All-FIMU;8356
2016-04-24;Dimanche;H;Visiteur;Journee;Résident ;All-FIMU;3305
2016-04-24;Dimanche;H;Visiteur;Journee;Touriste Français;All-FIMU;5286
2016-04-24;Dimanche;H;Excursionniste;Journee;Résident ;All-FIMU;5105
2016-04-24;Dimanche;H;Excursionniste;Journee;Touriste Français;All-FIMU;3018
2016-04-24;Dimanche;NR;Visiteur;Journee;Résident ;All-FIMU;4472
2016-04-24;Dimanche;NR;Visiteur;Journee;Touriste Français;All-FIMU;4642
2016-04-24;Dimanche;NR;Excursionniste;Journee;Résident ;All-FIMU;7263
2016-04-24;Dimanche;NR;Excursionniste;Journee;Touriste Français;All-FIMU;#
2016-04-25;Lundi;CUMUL;Visiteur;Journee;Résident ;All-FIMU;5464
2016-04-25;Lundi;CUMUL;Visiteur;Journee;Touriste Français;All-FIMU;2174
2016-04-25;Lundi;CUMUL;Excursionniste;Journee;Résident ;All-FIMU;3410
2016-04-25;Lundi;CUMUL;Excursionniste;Journee;Touriste Français;All-FIMU;7497
2016-04-25;Lundi;F;Visiteur;Journee;Résident ;All-FIMU;6033
2016-04-25;Lundi;F;Visiteur;Journee;Touriste Français;All-FIMU;6524
2016-04-25;Lundi;F;Excursionniste;Journee;Résident ;All-FIMU;1406
2016-04-25;Lundi;F;Excursionniste;Journee;Touriste Français;All-FIMU;3285
2016-04-25;Lundi;H;Visiteur;Journee;Résident ;All-FIMU;8441
2016-04-25;Lundi;H;Visiteur;Journee;Touriste Français;All-FIMU;1403
2016-04-25;Lundi;H;Excursionniste;Journee;Résident ;All-FIMU;8161
2016-04-25;Lundi;H;Excursionniste;Journee;Touriste Français;All-FIMU;9799
2016-04-25;Lundi;NR;Visiteur;Journee;Résident ;All-FIMU;8985
2016-04-25;Lundi;NR;Visiteur;Journee;Touriste Français;All-FIMU;9182
2016-04-25;Lundi;NR;Excursionniste;Journee;Résident ;All-FIMU;4354
2016-04-25;Lundi;NR;Excursionniste;Journee;Touriste Français;All-FIMU;#
2016-04-26;Mardi;CUMUL;Visiteur;Journee;Résident ;All-FIMU;8451
2016-04-26;Mardi;CUMUL;Visiteur;Journee;Touriste Français;All-FIMU;3129
2016-04-26;Mardi;CUMUL;Excursionniste;Journee;Résident ;All-FIMU;9528
2016-04-26;Mardi;CUMUL;Excursionniste;Journee;Touriste Français;All-FIMU;815
2016-04-26;Mardi;F;Visiteur;Journee;Résident ;All-FIMU;4356
2016-04-26;Mardi;F;Visiteur;Journee;Touriste Français;All-FIMU;8349
2016-04-26;Mardi;F;Excursionniste;Journee;Résident ;All-FIMU;8526
2016-04-26;Mardi;F;Excursionniste;Journee;Touriste Français;All-FIMU;3134
2016-04-26;Mardi;H;Visiteur;Journee;Résident ;All-FIMU;1469
2016-04-26;Mardi;H;Visiteur;Journee;Touriste Français;All-FIMU;3617
2016-04-26;Mardi;H;Excursionniste;Journee;Résident ;All-FIMU;9484
2016-04-26;Mardi;H;Excursionniste;Journee;Touriste Français;All-FIMU;830
2016-04-26;Mardi;NR;Visiteur;Journee;Résident ;All-FIMU;6697
2016-04-26;Mardi;NR;Visiteur;Journee;Touriste Français;All-FIMU;7691
2016-04-26;Mardi;NR;Excursionniste;Journee;Résident ;All-FIMU;5928
2016-04-26;Mardi;NR;Excursionniste;Journee;Touriste Français;All-FIMU;1506
2016-04-27;Mercredi;CUMUL;Visiteur;Journee;Résident ;All-FIMU;1388
2016-04-27;Mercredi;CUMUL;Visiteur;Journee;Touriste Français;All-FIMU;8035
2016-04-27;Mercredi;CUMUL;Excursionniste;Journee;Résident ;All-FIMU;691
2016-04-27;Mercredi;CUMUL;Excursionniste;Journee;Touriste Français;All-FIMU;251
2016-04-27;Mercredi;F;Visiteur;Journee;Résident ;All-FIMU;4222
2016-04-27;Mercredi;F;Visiteur;Journee;Touriste Français;All-FIMU;265
2016-04-27;Mercredi;F;Excursionniste;Journee;Résident ;All-FIMU;3836
2016-04-27;Mercredi;F;Excursionniste;Journee;Touriste Français;All-FIMU;7266
2016-04-27;Mercredi;H;Visiteur;Journee;Résident ;All-FIMU;7429
2016-04-27;Mercredi;H;Visiteur;Journee;Touriste Français;All-FIMU;6174
2016-04-27;Mercredi;H;Excursionniste;Journee;Résident ;All-FIMU;3124
2016-04-27;Mercredi;H;Excursionniste;Journee;Touriste Français;All-FIMU;278
2016-04-27;Mercredi;NR;Visiteur;Journee;Résident ;All-FIMU;1930
2016-04-27;Mercredi;NR;Visiteur;Journee;Touriste Français;All-FIMU;3237
2016-04-27;Mercredi;NR;Excursionniste;Journee;Résident ;All-FIMU;5928
2016-04-27;Mercredi;NR;Excursionniste;Journee;Touriste Français;All-FIMU;#
2016-04-28;Jeudi;CUMUL;Visiteur;Journee;Résident ;All-FIMU;7547
2016-04-28;Jeudi;CUMUL;Visiteur;Journee;Touriste Français;All-FIMU;3161
2016-04-28;Jeudi;CUMUL;Excursionniste;Journee;Résident ;All-FIMU;2750
2016-04-28;Jeudi;CUMUL;Excursionniste;Journee;Touriste Français;All-FIMU;7684
2016-04-28;Jeudi;F;Visiteur;Journee;Résident ;All-FIMU;5625
2016-04-28;Jeudi;F;Visiteur;Journee;Touriste Français;All-FIMU;1257
2016-04-28;Jeudi;F;Excursionniste;Journee;Résident ;All-FIMU;4076
2016-04-28;Jeudi;F;Excursionniste;Journee;Touriste Français;All-FIMU;1486
2016-04-28;Jeudi;H;Visiteur;Journee;Résident ;All-FIMU;7770
2016-04-28;Jeudi;H;Visiteur;Journee;Touriste Français;All-FIMU;9141
2016-04-28;Jeudi;H;Excursionniste;Journee;Résident ;All-FIMU;2479
2016-04-28;Jeudi;H;Excursionniste;Journee;Touriste Français;All-FIMU;1487
2016-04-28;Jeudi;NR;Visiteur;Journee;Résident ;All-FIMU;9284
2016-04-28;Jeudi;NR;Visiteur;Journee;Touriste Français;All-FIMU;8278
2016-04-28;Jeudi;NR;Excursionniste;Journee;Résident ;All-FIMU;7167
2016-04-28;Jeudi;NR;Excursionniste;Journee;Touriste Français;All-FIMU;7327
2016-04-29;Vendredi;CUMUL;Visiteur;Journee;Résident ;All-FIMU;4380
2016-04-29;Vendredi;CUMUL;Visiteur;Journee;Touriste Français;All-FIMU;3824
2016-04-29;Vendredi;CUMUL;Excursionniste;Journee;Résident ;All-FIMU;6178
2016-04-29;Vendredi;CUMUL;Excursionniste;Journee;Touriste Français;All-FIMU;5340
2016-04-29;Vendredi;F;Visiteur;Journee;Résident ;All-FIMU;5897
2016-04-29;Vendredi;F;Visiteur;Journee;Touriste Français;All-FIMU;6301
2016-04-29;Vendredi;F;Excursionniste;Journee;Résident ;All-FIMU;4546
2016-04-29;Vendredi;F;Excursionniste;Journee;Touriste Français;All-FIMU;880
2016-04-29;Vendredi;H;Visiteur;Journee;Résident ;All-FIMU;3480
2016-04-29;Vendredi;H;Visiteur;Journee;Touriste Français;All-FIMU;788
2016-04-29;Vendredi;H;Excursionniste;Journee;Résident ;All-FIMU;4547
2016-04-29;Vendredi;H;Excursionniste;Journee;Touriste Français;All-FIMU;9021
2016-04-29;Vendredi;NR;Visiteur;Journee;Résident ;All-FIMU;1315
2016-04-29;Vendredi;NR;Visiteur;Journee;Touriste Français;All-FIMU;9675
2016-04-29;Vendredi;NR;Excursionniste;Journee;Résident ;All-FIMU;2986
2016-04-29;Vendredi;NR;Excursionniste;Journee;Touriste Français;All-FIMU;#
2016-04-30;Samedi;CUMUL;Visiteur;Journee;Résident ;All-FIMU;2575
2016-04-30;Samedi;CUMUL;Visiteur;Journee;Touriste Français;All-FIMU;6379
2016-04-30;Samedi;CUMUL;Excursionniste;Journee;Résident ;All-FIMU;7390
2016-04-30;Samedi;CUMUL;Excursionniste;Journee;Touriste Français;All-FIMU;6797
2016-04-30;Samedi;F;Visiteur;Journee;Résident ;All-FIMU;4148
2016-04-30;Samedi;F;Visiteur;Journee;Touriste Français;All-FIMU;7014
2016-04-30;Samedi;F;Excursionniste;Journee;Résident ;All-FIMU;6858
2016-04-30;Samedi;F;Excursionniste;Journee;Touriste Français;All-FIMU;1802
2016-04-30;Samedi;H;Visiteur;Journee;Résident ;All-FIMU;6071
2016-04-30;Samedi;H;Visiteur;Journee;Touriste Français;All-FIMU;8244
2016-04-30;Samedi;H;Excursionniste;Journee;Résident ;All-FIMU;2694
2016-04-30;Samedi;H;Excursionniste;Journee;Touriste Français;All-FIMU;3697
2016-04-30;Samedi;NR;Visiteur;Journee;Résident ;All-FIMU;3331
2016-04-30;Samedi;NR;Visiteur;Journee;Touriste Français;All-FIMU;7342
2016-04-30;Samedi;NR;Excursionniste;Journee;Résident ;All-FIMU;2636
2016-04-30;Samedi;NR;Excursionniste;Journee;Touriste Français;All-FIMU;#
2016-05-01;Dimanche;CUMUL;Visiteur;Journee;Résident ;All-FIMU;4402
2016-05-01;Dimanche;CUMUL;Visiteur;Journee;Touriste Français;All-FIMU;6829
2016-05-01;Dimanche;CUMUL;Excursionniste;Journee;Résident ;All-FIMU;3269
2016-05-01;Dimanche;CUMUL;Excursionniste;Journee;Touriste Français;All-FIMU;1634
2016-05-01;Dimanche;F;Visiteur;Journee;Résident ;All-FIMU;4909
2016-05-01;Dimanche;F;Visiteur;Journee;Touriste Français;All-FIMU;9166
2016-05-01;Dimanche;F;Excursionniste;Journee;Résident ;All-FIMU;2133
2016-05-01;Dimanche;F;Excursionniste;Journee;Touriste Français;All-FIMU;5920
2016-05-01;Dimanche;H;Visiteur;Journee;Résident ;All-FIMU;7685
2016-05-01;Dimanche;H;Visiteur;Journee;Touriste Français;All-FIMU;8166
2016-05-01;Dimanche;H;Excursionniste;Journee;Résident ;All-FIMU;6239
2016-05-01;Dimanche;H;Excursionniste;Journee;Touriste Français;All-FIMU;1555
2016-05-01;Dimanche;NR;Visiteur;Journee;Résident ;All-FIMU;876
2016-05-01;Dimanche;NR;Visiteur;Journee;Touriste Français;All-FIMU;6665
2016-05-01;Dimanche;NR;Excursionniste;Journee;Résident ;All-FIMU;6799
2016-05-01;Dimanche;NR;Excursionniste;Journee;Touriste Français;All-FIMU;#
2016-05-02;Lundi;CUMUL;Visiteur;Journee;Résident ;All-FIMU;7729
2016-05-02;Lundi;CUMUL;Visiteur;Journee;Touriste Français;All-FIMU;4896
2016-05-02;Lundi;CUMUL;Excursionniste;Journee;Résident ;All-FIMU;2640
2016-05-02;Lundi;CUMUL;Excursionniste;Journee;Touriste Français;All-FIMU;6357
2016-05-02;Lundi;F;Visiteur;Journee;Résident ;All-FIMU;7196
2016-05-02;Lundi;F;Visiteur;Journee;Touriste Français;All-FIMU;2372
2016-05-02;Lundi;F;Excursionniste;Journee;Résident ;All-FIMU;9438
2016-05-02;Lundi;F;Excursionniste;Journee;Touriste Français;All-FIMU;8007
2016-05-02;Lundi;H;Visiteur;Journee;Résident ;All-FIMU;3825
2016-05-02;Lundi;H;Visiteur;Journee;Touriste Français;All-FIMU;6118
2016-05-02;Lundi;H;Excursionniste;Journee;Résident ;All-FIMU;5961
2016-05-02;Lundi;H;Excursionniste;Journee;Touriste Français;All-FIMU;1420
2016-05-02;Lundi;NR;Visiteur;Journee;Résident ;All-FIMU;1584
2016-05-02;Lundi;NR;Visiteur;Journee;Touriste Français;All-FIMU;880
2016-05-02;Lundi;NR;Excursionniste;Journee;Résident ;All-FIMU;1531
2016-05-02;Lundi;NR;Excursionniste;Journee;Touriste Français;All-FIMU;#
2016-05-03;Mardi;CUMUL;Visiteur;Journee;Résident ;All-FIMU;7914
2016-05-03;Mardi;CUMUL;Visiteur;Journee;Touriste Français;All-FIMU;8000
2016-05-03;Mardi;CUMUL;Excursionniste;Journee;Résident ;All-FIMU;9382
2016-05-03;Mardi;CUMUL;Excursionniste;Journee;Touriste Français;All-FIMU;4031
2016-05-03;Mardi;F;Visiteur;Journee;Résident ;All-FIMU;2203
2016-05-03;Mardi;F;Visiteur;Journee;Touriste Français;All-FIMU;7088
2016-05-03;Mardi;F;Excursionniste;Journee;Résident ;All-FIMU;9957
2016-05-03;Mardi;F;Excursionniste;Journee;Touriste Français;All-FIMU;6664
2016-05-03;Mardi;H;Visiteur;Journee;Résident ;All-FIMU;8682
2016-05-03;Mardi;H;Visiteur;Journee;Touriste Français;All-FIMU;9211
2016-05-03;Mardi;H;Excursionniste;Journee;Résident ;All-FIMU;9722
2016-05-03;Mardi;H;Excursionniste;Journee;Touriste Français;All-FIMU;5942
2016-05-03;Mardi;NR;Visiteur;Journee;Résident ;All-FIMU;8572
2016-05-03;Mardi;NR;Visiteur;Journee;Touriste Français;All-FIMU;8288
2016-05-03;Mardi;NR;Excursionniste;Journee;Résident ;All-FIMU;8726
2016-05-03;Mardi;NR;Excursionniste;Journee;Touriste Français;All-FIMU;3007
2016-05-04;Mercredi;CUMUL;Visiteur;Journee;Résident ;All-FIMU;7129
2016-05-04;Mercredi;CUMUL;Visiteur;Journee;Touriste Français;All-FIMU;501
2016-05-04;Mercredi;CUMUL;Excursionniste;Journee;Résident ;All-FIMU;2755
2016-05-04;Mercredi;CUMUL;Excursionniste;Journee;Touriste Français;All-FIMU;617
2016-05-04;Mercredi;F;Visiteur;Journee;Résident ;All-FIMU;1438
2016-05-04;Mercredi;F;Visiteur;Journee;Touriste Français;All-FIMU;1279
2016-05-04;Mercredi;F;Excursionniste;Journee;Résident ;All-FIMU;139
2016-05-04;Mercredi;F;Excursionniste;Journee;Touriste Français;All-FIMU;4694
2016-05-04;Mercredi;H;Visiteur;Journee;Résident ;All-FIMU;5509
2016-05-04;Mercredi;H;Visiteur;Journee;Touriste Français;All-FIMU;8317
2016-05-04;Mercredi;H;Excursionniste;Journee;Résident ;All-FIMU;8260
2016-05-04;Mercredi;H;Excursionniste;Journee;Touriste Français;All-FIMU;2063
2016-05-04;Mercredi;NR;Visiteur;Journee;Résident ;All-FIMU;7898
2016-05-04;Mercredi;NR;Visiteur;Journee;Touriste Français;All-FIMU;4466
2016-05-04;Mercredi;NR;Excursionniste;Journee;Résident ;All-FIMU;956
2016-05-04;Mercredi;NR;Excursionniste;Journee;Touriste Français;All-FIMU;8412
2016-05-05;Jeudi;CUMUL;Visiteur;Journee;Résident ;All-FIMU;6570
2016-05-05;Jeudi;CUMUL;Visiteur;Journee;Touriste Français;All-FIMU;8055
2016-05-05;Jeudi;CUMUL;Excursionniste;Journee;Résident ;All-FIMU;4339
2016-05-05;Jeudi;CUMUL;Excursionniste;Journee;Touriste Français;All-FIMU;9692
2016-05-05;Jeudi;F;Visiteur;Journee;Résident ;All-FIMU;2114
2016-05-05;Jeudi;F;Visiteur;Journee;Touriste Français;All-FIMU;7325
2016-05-05;Jeudi;F;Excursionniste;Journee;Résident ;All-FIMU;7190
2016-05-05;Jeudi;F;Excursionniste;Journee;Touriste Français;All-FIMU;4091
2016-05-05;Jeudi;H;Visiteur;Journee;Résident ;All-FIMU;9726
2016-05-05;Jeudi;H;Visiteur;Journee;Touriste Français;All-FIMU;1911
2016-05-05;Jeudi;H;Excursionniste;Journee;Résident ;All-FIMU;9821
2016-05-05;Jeudi;H;Excursionniste;Journee;Touriste Français;All-FIMU;6951
2016-05-05;Jeudi;NR;Visiteur;Journee;Résident ;All-FIMU;2992
2016-05-05;Jeudi;NR;Visiteur;Journee;Touriste Français;All-FIMU;1003
2016-05-05;Jeudi;NR;Excursionniste;Journee;Résident ;All-FIMU;9814
2016-05-05;Jeudi;NR;Excursionniste;Journee;Touriste Français;All-FIMU;2675
2016-05-06;Vendredi;CUMUL;Visiteur;Journee;Résident ;All-FIMU;3098
2016-05-06;Vendredi;CUMUL;Visiteur;Journee;Touriste Français;All-FIMU;671
2016-05-06;Vendredi;CUMUL;Excursionniste;Journee;Résident ;All-FIMU;695
2016-05-06;Vendredi;CUMUL;Excursionniste;Journee;Touriste Français;All-FIMU;9018
2016-05-06;Vendredi;F;Visiteur;Journee;Résident ;All-FIMU;5211
2016-05-06;Vendredi;F;Visiteur;Journee;Touriste Français;All-FIMU;457
2016-05-06;Vendredi;F;Excursionniste;Journee;Résident ;All-FIMU;5478
2016-05-06;Vendredi;F;Excursionniste;Journee;Touriste Français;All-FIMU;4012
2016-05-06;Vendredi;H;Visiteur;Journee;Résident ;All-FIMU;8672
2016-05-06;Vendredi;H;Visiteur;Journee;Touriste Français;All-FIMU;7459
2016-05-06;Vendredi;H;Excursionniste;Journee;Résident ;All-FIMU;5350
2016-05-06;Vendredi;H;Excursionniste;Journee;Touriste Français;All-FIMU;7093
2016-05-06;Vendredi;NR;Visiteur;Journee;Résident ;All-FIMU;216
2016-05-06;Vendredi;NR;Visiteur;Journee;Touriste Français;All-FIMU;2045
2016-05-06;Vendredi;NR;Excursionniste;Journee;Résident ;All-FIMU;7255
2016-05-06;Vendredi;NR;Excursionniste;Journee;Touriste Français;All-FIMU;4613
2016-05-07;Samedi;CUMUL;Visiteur;Journee;Résident ;All-FIMU;5704
2016-05-07;Samedi;CUMUL;Visiteur;Journee;Touriste Français;All-FIMU;4200
2016-05-07;Samedi;CUMUL;Excursionniste;Journee;Résident ;All-FIMU;5198
2016-05-07;Samedi;CUMUL;Excursionniste;Journee;Touriste Français;All-FIMU;6234
2016-05-07;Samedi;F;Visiteur;Journee;Résident ;All-FIMU;7204
2016-05-07;Samedi;F;Visiteur;Journee;Touriste Français;All-FIMU;8047
2016-05-07;Samedi;F;Excursionniste;Journee;Résident ;All-FIMU;789
2016-05-07;Samedi;F;Excursionniste;Journee;Touriste Français;All-FIMU;8318
2016-05-07;Samedi;H;Visiteur;Journee;Résident ;All-FIMU;1850
2016-05-07;Samedi;H;Visiteur;Journee;Touriste Français;All-FIMU;6419
2016-05-07;Samedi;H;Excursionniste;Journee;Résident ;All-FIMU;6061
2016-05-07;Samedi;H;Excursionniste;Journee;Touriste Français;All-FIMU;7007
2016-05-07;Samedi;NR;Visiteur;Journee;Résident ;All-FIMU;273
2016-05-07;Samedi;NR;Visiteur;Journee;Touriste Français;All-FIMU;3943
2016-05-07;Samedi;NR;Excursionniste;Journee;Résident ;All-FIMU;7702
2016-05-07;Samedi;NR;Excursionniste;Journee;Touriste Français;All-FIMU;945
2016-05-08;Dimanche;CUMUL;Visiteur;Journee;Résident ;All-FIMU;6897
2016-05-08;Dimanche;CUMUL;Visiteur;Journee;Touriste Français;All-FIMU;3408
2016-05-08;Dimanche;CUMUL;Excursionniste;Journee;Résident ;All-FIMU;7575
2016-05-08;Dimanche;CUMUL;Excursionniste;Journee;Touriste Français;All-FIMU;5471
2016-05-08;Dimanche;F;Visiteur;Journee;Résident ;All-FIMU;183
2016-05-08;Dimanche;F;Visiteur;Journee;Touriste Français;All-FIMU;65
2016-05-08;Dimanche;F;Excursionniste;Journee;Résident ;All-FIMU;2938
2016-05-08;Dimanche;F;Excursionniste;Journee;Touriste Français;All-FIMU;2913
2016-05-08;Dimanche;H;Visiteur;Journee;Résident ;All-FIMU;1831
2016-05-08;Dimanche;H;Visiteur;Journee;Touriste Français;All-FIMU;5933
2016-05-08;Dimanche;H;Excursionniste;Journee;Résident ;All-FIMU;2306
2016-05-08;Dimanche;H;Excursionniste;Journee;Touriste Français;All-FIMU;5547
2016-05-08;Dimanche;NR;Visiteur;Journee;Résident ;All-FIMU;6810
2016-05-08;Dimanche;NR;Visiteur;Journee;Touriste Français;All-FIMU;9771
2016-05-08;Dimanche;NR;Excursionniste;Journee;Résident ;All-FIMU;9695
2016-05-08;Dimanche;NR;Excursionniste;Journee;Touriste Français;All-FIMU;#
2016-05-09;Lundi;CUMUL;Visiteur;Journee;Résident ;All-FIMU;515
2016-05-09;Lundi;CUMUL;Visiteur;Journee;Touriste Français;All-FIMU;7927
2016-05-09;Lundi;CUMUL;Excursionniste;Journee;Résident ;All-FIMU;5468
2016-05-09;Lundi;CUMUL;Excursionniste;Journee;Touriste Français;All-FIMU;1745
2016-05-09;Lundi;F;Visiteur;Journee;Résident ;All-FIMU;2853
2016-05-09;Lundi;F;Visiteur;Journee;Touriste Français;All-FIMU;6467
2016-05-09;Lundi;F;Excursionniste;Journee;Résident ;All-FIMU;1433
2016-05-09;Lundi;F;Excursionniste;Journee;Touriste Français;All-FIMU;2194
2016-05-09;Lundi;H;Visiteur;Journee;Résident ;All-FIMU;2690
2016-05-09;Lundi;H;Visiteur;Journee;Touriste Français;All-FIMU;3590
2016-05-09;Lundi;H;Excursionniste;Journee;Résident ;All-FIMU;8695
2016-05-09;Lundi;H;Excursionniste;Journee;Touriste Français;All-FIMU;2436
2016-05-09;Lundi;NR;Visiteur;Journee;Résident ;All-FIMU;8561
2016-05-09;Lundi;NR;Visiteur;Journee;Touriste Français;All-FIMU;5810
2016-05-09;Lundi;NR;Excursionniste;Journee;Résident ;All-FIMU;9465
2016-05-09;Lundi;NR;Excursionniste;Journee;Touriste Français;All-FIMU;8643
2016-05-10;Mardi;CUMUL;Visiteur;Journee;Résident ;All-FIMU;5163
2016-05-10;Mardi;CUMUL;Visiteur;Journee;Touriste Français;All-FIMU;1482
2016-05-10;Mardi;CUMUL;Excursionniste;Journee;Résident ;All-FIMU;5028
2016-05-10;Mardi;CUMUL;Excursionniste;Journee;Touriste Français;All-FIMU;7823
2016-05-10;Mardi;F;Visiteur;Journee;Résident ;All-FIMU;8435
2016-05-10;Mardi;F;Visiteur;Journee;Touriste Français;All-FIMU;7343
2016-05-10;Mardi;F;Excursionniste;Journee;Résident ;All-FIMU;2935
2016-05-10;Mardi;F;Excursionniste;Journee;Touriste Français;All-FIMU;3301
2016-05-10;Mardi;H;Visiteur;Journee;Résident ;All-FIMU;8858
2016-05-10;Mardi;H;Visiteur;Journee;Touriste Français;All-FIMU;2981
2016-05-10;Mardi;H;Excursionniste;Journee;Résident ;All-FIMU;9587
2016-05-10;Mardi;H;Excursionniste;Journee;Touriste Français;All-FIMU;5326
2016-05-10;Mardi;NR;Visiteur;Journee;Résident ;All-FIMU;9975
2016-05-10;Mardi;NR;Visiteur;Journee;Touriste Français;All-FIMU;1195
2016-05-10;Mardi;NR;Excursionniste;Journee;Résident ;All-FIMU;2054
2016-05-10;Mardi;NR;Excursionniste;Journee;Touriste Français;All-FIMU;#
2016-05-11;Mercredi;CUMUL;Visiteur;Journee;Résident ;All-FIMU;7634
2016-05-11;Mercredi;CUMUL;Visiteur;Journee;Touriste Français;All-FIMU;8465
2016-05-11;Mercredi;CUMUL;Excursionniste;Journee;Résident ;All-FIMU;656
2016-05-11;Mercredi;CUMUL;Excursionniste;Journee;Touriste Français;All-FIMU;7945
2016-05-11;Mercredi;F;Visiteur;Journee;Résident ;All-FIMU;6171
2016-05-11;Mercredi;F;Visiteur;Journee;Touriste Français;All-FIMU;7579
2016-05-11;Mercredi;F;Excursionniste;Journee;Résident ;All-FIMU;4047
2016-05-11;Mercredi;F;Excursionniste;Journee;Touriste Français;All-FIMU;5018
2016-05-11;Mercredi;H;Visiteur;Journee;Résident ;All-FIMU;8690
2016-05-11;Mercredi;H;Visiteur;Journee;Touriste Français;All-FIMU;7261
2016-05-11;Mercredi;H;Excursionniste;Journee;Résident ;All-FIMU;2876
2016-05-11;Mercredi;H;Excursionniste;Journee;Touriste Français;All-FIMU;6318
2016-05-11;Mercredi;NR;Visiteur;Journee;Résident ;All-FIMU;4333
2016-05-11;Mercredi;NR;Visiteur;Journee;Touriste Français;All-FIMU;8390
2016-05-11;Mercredi;NR;Excursionniste;Journee;Résident ;All-FIMU;6621
2016-05-11;Mercredi;NR;Excursionniste;Journee;Touriste Français;All-FIMU;#
2016-05-12;Jeudi;CUMUL;Visiteur;Journee;Résident ;All-FIMU;3321
2016-05-12;Jeudi;CUMUL;Visiteur;Journee;Touriste Français;All-FIMU;1804
2016-05-12;Jeudi;CUMUL;Excursionniste;Journee;Résident ;All-FIMU;8912
2016-05-12;Jeudi;CUMUL;Excursionniste;Journee;Touriste Français;All-FIMU;5273
2016-05-12;Jeudi;F;Visiteur;Journee;Résident ;All-FIMU;4582
2016-05-12;Jeudi;F;Visiteur;Journee;Touriste Français;All-FIMU;1194
2016-05-12;Jeudi;F;Excursionniste;Journee;Résident ;All-FIMU;1846
2016-05-12;Jeudi;F;Excursionniste;Journee;Touriste Français;All-FIMU;7027
2016-05-12;Jeudi;H;Visiteur;Journee;Résident ;All-FIMU;6751
2016-05-12;Jeudi;H;Visiteur;Journee;Touriste Français;All-FIMU;6569
2016-05-12;Jeudi;H;Excursionniste;Journee;Résident ;All-FIMU;554
2016-05-12;Jeudi;H;Excursionniste;Journee;Touriste Français;All-FIMU;8694
2016-05-12;Jeudi;NR;Visiteur;Journee;Résident ;All-FIMU;2577
2016-05-12;Jeudi;NR;Visiteur;Journee;Touriste Français;All-FIMU;7955
2016-05-12;Jeudi;NR;Excursionniste;Journee;Résident ;All-FIMU;812
2016-05-12;Jeudi;NR;Excursionniste;Journee;Touriste Français;All-FIMU;#
2016-05-13;Vendredi;CUMUL;Visiteur;Journee;Résident ;All-FIMU;4138
2016-05-13;Vendredi;CUMUL;Visiteur;Journee;Touriste Français;All-FIMU;9040
2016-05-13;Vendredi;CUMUL;Excursionniste;Journee;Résident ;All-FIMU;5698
2016-05-13;Vendredi;CUMUL;Excursionniste;Journee;Touriste Français;All-FIMU;6750
2016-05-13;Vendredi;F;Visiteur;Journee;Résident ;All-FIMU;8305
2016-05-13;Vendredi;F;Visiteur;Journee;Touriste Français;All-FIMU;3646
2016-05-13;Vendredi;F;Excursionniste;Journee;Résident ;All-FIMU;3608
2016-05-13;Vendredi;F;Excursionniste;Journee;Touriste Français;All-FIMU;5594
2016-05-13;Vendredi;H;Visiteur;Journee;Résident ;All-FIMU;5058
2016-05-13;Vendredi;H;Visiteur;Journee;Touriste Français;All-FIMU;4439
2016-05-13;Vendredi;H;Excursionniste;Journee;Résident ;All-FIMU;6769
2016-05-13;Vendredi;H;Excursionniste;Journee;Touriste Français;All-FIMU;3112
2016-05-13;Vendredi;NR;Visiteur;Journee;Résident ;All-FIMU;1705
2016-05-13;Vendredi;NR;Visiteur;Journee;Touriste Français;All-FIMU;5968
2016-05-13;Vendredi;NR;Excursionniste;Journee;Résident ;All-FIMU;194
2016-05-13;Vendredi;NR;Excursionniste;Journee;Touriste Français;All-FIMU;3681
2016-05-14;Samedi;CUMUL;Visiteur;Journee;Résident ;All-FIMU;5771
2016-05-14;Samedi;CUMUL;Visiteur;Journee;Touriste Français;All-FIMU;5239
2016-05-14;Samedi;CUMUL;Excursionniste;Journee;Résident ;All-FIMU;4032
2016-05-14;Samedi;CUMUL;Excursionniste;Journee;Touriste Français;All-FIMU;6240
2016-05-14;Samedi;F;Visiteur;Journee;Résident ;All-FIMU;2267
2016-05-14;Samedi;F;Visiteur;Journee;Touriste Français;All-FIMU;5813
2016-05-14;Samedi;F;Excursionniste;Journee;Résident ;All-FIMU;8082
2016-05-14;Samedi;F;Excursionniste;Journee;Touriste Français;All-FIMU;8795
2016-05-14;Samedi;H;Visiteur;Journee;Résident ;All-FIMU;5684
2016-05-14;Samedi;H;Visiteur;Journee;Touriste Français;All-FIMU;6704
2016-05-14;Samedi;H;Excursionniste;Journee;Résident ;All-FIMU;3168
2016-05-14;Samedi;H;Excursionniste;Journee;Touriste Français;All-FIMU;7598
2016-05-14;Samedi;NR;Visiteur;Journee;Résident ;All-FIMU;5630
2016-05-14;Samedi;NR;Visiteur;Journee;Touriste Français;All-FIMU;3776
2016-05-14;Samedi;NR;Excursionniste;Journee;Résident ;All-FIMU;5325
2016-05-14;Samedi;NR;Excursionniste;Journee;Touriste Français;All-FIMU;713
2016-05-15;Dimanche;CUMUL;Visiteur;Journee;Résident ;All-FIMU;7634
2016-05-15;Dimanche;CUMUL;Visiteur;Journee;Touriste Français;All-FIMU;489
2016-05-15;Dimanche;CUMUL;Excursionniste;Journee;Résident ;All-FIMU;3186
2016-05-15;Dimanche;CUMUL;Excursionniste;Journee;Touriste Français;All-FIMU;6651
2016-05-15;Dimanche;F;Visiteur;Journee;Résident ;All-FIMU;1685
2016-05-15;Dimanche;F;Visiteur;Journee;Touriste Français;All-FIMU;8317
2016-05-15;Dimanche;F;Excursionniste;Journee;Résident ;All-FIMU;5408
2016-05-15;Dimanche;F;Excursionniste;Journee;Touriste Français;All-FIMU;9611
2016-05-15;Dimanche;H;Visiteur;Journee;Résident ;All-FIMU;6113
2016-05-15;Dimanche;H;Visiteur;Journee;Touriste Français;All-FIMU;6917
2016-05-15;Dimanche;H;Excursionniste;Journee;Résident ;All-FIMU;4518
2016-05-15;Dimanche;H;Excursionniste;Journee;Touriste Français;All-FIMU;7831
2016-05-15;Dimanche;NR;Visiteur;Journee;Résident ;All-FIMU;5468
2016-05-15;Dimanche;NR;Visiteur;Journee;Touriste Français;All-FIMU;3458
2016-05-15;Dimanche;NR;Excursionniste;Journee;Résident ;All-FIMU;3922
2016-05-15;Dimanche;NR;Excursionniste;Journee;Touriste Français;All-FIMU;3896
2016-05-16;Lundi;CUMUL;Visiteur;Journee;Résident ;All-FIMU;6423
2016-05-16;Lundi;CUMUL;Visiteur;Journee;Touriste Français;All-FIMU;6506
2016-05-16;Lundi;CUMUL;Excursionniste;Journee;Résident ;All-FIMU;8430
2016-05-16;Lundi;CUMUL;Excursionniste;Journee;Touriste Français;All-FIMU;9315
2016-05-16;Lundi;F;Visiteur;Journee;Résident ;All-FIMU;1317
2016-05-16;Lundi;F;Visiteur;Journee;Touriste Français;All-FIMU;8843
2016-05-16;Lundi;F;Excursionniste;Journee;Résident ;All-FIMU;1390
2016-05-16;Lundi;F;Excursionniste;Journee;Touriste Français;All-FIMU;9534
2016-05-16;Lundi;H;Visiteur;Journee;Résident ;All-FIMU;4270
2016-05-16;Lundi;H;Visiteur;Journee;Touriste Français;All-FIMU;7244
2016-05-16;Lundi;H;Excursionniste;Journee;Résident ;All-FIMU;8796
2016-05-16;Lundi;H;Excursionniste;Journee;Touriste Français;All-FIMU;932
2016-05-16;Lundi;NR;Visiteur;Journee;Résident ;All-FIMU;6789
2016-05-16;Lundi;NR;Visiteur;Journee;Touriste Français;All-FIMU;1630
2016-05-16;Lundi;NR;Excursionniste;Journee;Résident ;All-FIMU;6738
2016-05-16;Lundi;NR;Excursionniste;Journee;Touriste Français;All-FIMU;#
2016-05-17;Mardi;CUMUL;Visiteur;Journee;Résident ;All-FIMU;5471
2016-05-17;Mardi;CUMUL;Visiteur;Journee;Touriste Français;All-FIMU;8235
2016-05-17;Mardi;CUMUL;Excursionniste;Journee;Résident ;All-FIMU;3480
2016-05-17;Mardi;CUMUL;Excursionniste;Journee;Touriste Français;All-FIMU;3718
2016-05-17;Mardi;F;Visiteur;Journee;Résident ;All-FIMU;6457
2016-05-17;Mardi;F;Visiteur;Journee;Touriste Français;All-FIMU;2185
2016-05-17;Mardi;F;Excursionniste;Journee;Résident ;All-FIMU;1667
2016-05-17;Mardi;F;Excursionniste;Journee;Touriste Français;All-FIMU;706
2016-05-17;Mardi;H;Visiteur;Journee;Résident ;All-FIMU;8379
2016-05-17;Mardi;H;Visiteur;Journee;Touriste Français;All-FIMU;9907
2016-05-17;Mardi;H;Excursionniste;Journee;Résident ;All-FIMU;4611
2016-05-17;Mardi;H;Excursionniste;Journee;Touriste Français;All-FIMU;8376
2016-05-17;Mardi;NR;Visiteur;Journee;Résident ;All-FIMU;1423
2016-05-17;Mardi;NR;Visiteur;Journee;Touriste Français;All-FIMU;1466
2016-05-17;Mardi;NR;Excursionniste;Journee;Résident ;All-FIMU;3874
2016-05-17;Mardi;NR;Excursionniste;Journee;Touriste Français;All-FIMU;#
2016-05-18;Mercredi;CUMUL;Visiteur;Journee;Résident ;All-FIMU;829
2016-05-18;Mercredi;CUMUL;Visiteur;Journee;Touriste Français;All-FIMU;1651
2016-05-18;Mercredi;CUMUL;Excursionniste;Journee;Résident ;All-FIMU;3771
2016-05-18;Mercredi;CUMUL;Excursionniste;Journee;Touriste Français;All-FIMU;9259
2016-05-18;Mercredi;F;Visiteur;Journee;Résident ;All-FIMU;1249
2016-05-18;Mercredi;F;Visiteur;Journee;Touriste Français;All-FIMU;65
2016-05-18;Mercredi;F;Excursionniste;Journee;Résident ;All-FIMU;3661
2016-05-18;Mercredi;F;Excursionniste;Journee;Touriste Français;All-FIMU;6709
2016-05-18;Mercredi;H;Visiteur;Journee;Résident ;All-FIMU;7697
2016-05-18;Mercredi;H;Visiteur;Journee;Touriste Français;All-FIMU;1445
2016-05-18;Mercredi;H;Excursionniste;Journee;Résident ;All-FIMU;6378
2016-05-18;Mercredi;H;Excursionniste;Journee;Touriste Français;All-FIMU;1024
2016-05-18;Mercredi;NR;Visiteur;Journee;Résident ;All-FIMU;8577
2016-05-18;Mercredi;NR;Visiteur;Journee;Touriste Français;All-FIMU;7337
2016-05-18;Mercredi;NR;Excursionniste;Journee;Résident ;All-FIMU;3440
2016-05-18;Mercredi;NR;Excursionniste;Journee;Touriste Français;All-FIMU;4284
2016-05-19;Jeudi;CUMUL;Visiteur;Journee;Résident ;All-FIMU;7217
2016-05-19;Jeudi;CUMUL;Visiteur;Journee;Touriste Français;All-FIMU;960
2016-05-19;Jeudi;CUMUL;Excursionniste;Journee;Résident ;All-FIMU;1328
2016-05-19;Jeudi;CUMUL;Excursionniste;Journee;Touriste Français;All-FIMU;7227
2016-05-19;Jeudi;F;Visiteur;Journee;Résident ;All-FIMU;8404
2016-05-19;Jeudi;F;Visiteur;Journee;Touriste Français;All-FIMU;315
2016-05-19;Jeudi;F;Excursionniste;Journee;Résident ;All-FIMU;5336
2016-05-19;Jeudi;F;Excursionniste;Journee;Touriste Français;All-FIMU;142
2016-05-19;Jeudi;H;Visiteur;Journee;Résident ;All-FIMU;1136
2016-05-19;Jeudi;H;Visiteur;Journee;Touriste Français;All-FIMU;8927
2016-05-19;Jeudi;H;Excursionniste;Journee;Résident ;All-FIMU;5532
2016-05-19;Jeudi;H;Excursionniste;Journee;Touriste Français;All-FIMU;8513
2016-05-19;Jeudi;NR;Visiteur;Journee;Résident ;All-FIMU;7673
2016-05-19;Jeudi;NR;Visiteur;Journee;Touriste Français;All-FIMU;3934
2016-05-19;Jeudi;NR;Excursionniste;Journee;Résident ;All-FIMU;2180
2016-05-19;Jeudi;NR;Excursionniste;Journee;Touriste Français;All-FIMU;2066
2016-05-20;Vendredi;CUMUL;Visiteur;Journee;Résident ;All-FIMU;4971
2016-05-20;Vendredi;CUMUL;Visiteur;Journee;Touriste Français;All-FIMU;2207
2016-05-20;Vendredi;CUMUL;Excursionniste;Journee;Résident ;All-FIMU;3377
2016-05-20;Vendredi;CUMUL;Excursionniste;Journee;Touriste Français;All-FIMU;2482
2016-05-20;Vendredi;F;Visiteur;Journee;Résident ;All-FIMU;7287
2016-05-20;Vendredi;F;Visiteur;Journee;Touriste Français;All-FIMU;3164
2016-05-20;Vendredi;F;Excursionniste;Journee;Résident ;All-FIMU;2797
2016-05-20;Vendredi;F;Excursionniste;Journee;Touriste Français;All-FIMU;5820
2016-05-20;Vendredi;H;Visiteur;Journee;Résident ;All-FIMU;9964
2016-05-20;Vendredi;H;Visiteur;Journee;Touriste Français;All-FIMU;6966
2016-05-20;Vendredi;H;Excursionniste;Journee;Résident ;All-FIMU;5119
2016-05-20;Vendredi;H;Excursionniste;Journee;Touriste Français;All-FIMU;108
2016-05-20;Vendredi;NR;Visiteur;Journee;Résident ;All-FIMU;3759
2016-05-20;Vendredi;NR;Visiteur;Journee;Touriste Français;All-FIMU;5621
2016-05-20;Vendredi;NR;Excursionniste;Journee;Résident ;All-FIMU;5270
2016-05-20;Vendredi;NR;Excursionniste;Journee;Touriste Français;All-FIMU;#
2016-05-21;Samedi;CUMUL;Visiteur;Journee;Résident ;All-FIMU;5484
2016-05-21;Samedi;CUMUL;Visiteur;Journee;Touriste Français;All-FIMU;6999
2016-05-21;Samedi;CUMUL;Excursionniste;Journee;Résident ;All-FIMU;6662
2016-05-21;Samedi;CUMUL;Excursionniste;Journee;Touriste Français;All-FIMU;131
2016-05-21;Samedi;F;Visiteur;Journee;Résident ;All-FIMU;3612
2016-05-21;Samedi;F;Visiteur;Journee;Touriste Français;All-FIMU;8733
2016-05-21;Samedi;F;Excursionniste;Journee;Résident ;All-FIMU;8366
2016-05-21;Samedi;F;Excursionniste;Journee;Touriste Français;All-FIMU;964
2016-05-21;Samedi;H;Visiteur;Journee;Résident ;All-FIMU;1247
2016-05-21;Samedi;H;Visiteur;Journee;Touriste Français;All-FIMU;8300
2016-05-21;Samedi;H;Excursionniste;Journee;Résident ;All-FIMU;856
2016-05-21;Samedi;H;Excursionniste;Journee;Touriste Français;All-FIMU;8611
2016-05-21;Samedi;NR;Visiteur;Journee;Résident ;All-FIMU;5695
2016-05-21;Samedi;NR;Visiteur;Journee;Touriste Français;All-FIMU;3199
2016-05-21;Samedi;NR;Excursionniste;Journee;Résident ;All-FIMU;6292
2016-05-21;Samedi;NR;Excursionniste;Journee;Touriste Français;All-FIMU;#
2016-05-22;Dimanche;CUMUL;Visiteur;Journee;Résident ;All-FIMU;7799
2016-05-22;Dimanche;CUMUL;Visiteur;Journee;Touriste Français;All-FIMU;3075
2016-05-22;Dimanche;CUMUL;Excursionniste;Journee;Résident ;All-FIMU;6590
2016-05-22;Dimanche;CUMUL;Excursionniste;Journee;Touriste Français;All-FIMU;8843
2016-05-22;Dimanche;F;Visiteur;Journee;Résident ;All-FIMU;2742
2016-05-22;Dimanche;F;Visiteur;Journee;Touriste Français;All-FIMU;2711
2016-05-22;Dimanche;F;Excursionniste;Journee;Résident ;All-FIMU;4938
2016-05-22;Dimanche;F;Excursionniste;Journee;Touriste Français;All-FIMU;574
2016-05-22;Dimanche;H;Visiteur;Journee;Résident ;All-FIMU;3013
2016-05-22;Dimanche;H;Visiteur;Journee;Touriste Français;All-FIMU;964
2016-05-22;Dimanche;H;Excursionniste;Journee;Résident ;All-FIMU;8545
2016-05-22;Dimanche;H;Excursionniste;Journee;Touriste Français;All-FIMU;6049
2016-05-22;Dimanche;NR;Visiteur;Journee;Résident ;All-FIMU;8569
2016-05-22;Dimanche;NR;Visiteur;Journee;Touriste Français;All-FIMU;6643
2016-05-22;Dimanche;NR;Excursionniste;Journee;Résident ;All-FIMU;#
2016-05-23;Lundi;CUMUL;Visiteur;Journee;Résident ;All-FIMU;1269
2016-05-23;Lundi;CUMUL;Visiteur;Journee;Touriste Français;All-FIMU;1333
2016-05-23;Lundi;CUMUL;Excursionniste;Journee;Résident ;All-FIMU;2242
2016-05-23;Lundi;CUMUL;Excursionniste;Journee;Touriste Français;All-FIMU;5867
2016-05-23;Lundi;F;Visiteur;Journee;Résident ;All-FIMU;3773
2016-05-23;Lundi;F;Visiteur;Journee;Touriste Français;All-FIMU;4914
2016-05-23;Lundi;F;Excursionniste;Journee;Résident ;All-FIMU;3138
2016-05-23;Lundi;F;Excursionniste;Journee;Touriste Français;All-FIMU;2325
2016-05-23;Lundi;H;Visiteur;Journee;Résident ;All-FIMU;3351
2016-05-23;Lundi;H;Visiteur;Journee;Touriste Français;All-FIMU;3818
2016-05-23;Lundi;H;Excursionniste;Journee;Résident ;All-FIMU;6114
2016-05-23;Lundi;H;Excursionniste;Journee;Touriste Français;All-FIMU;3763
2016-05-23;Lundi;NR;Visiteur;Journee;Résident ;All-FIMU;8877
2016-05-23;Lundi;NR;Visiteur;Journee;Touriste Français;All-FIMU;8872
2016-05-23;Lundi;NR;Excursionniste;Journee;Résident ;All-FIMU;4951
2016-05-23;Lundi;NR;Excursionniste;Journee;Touriste Français;All-FIMU;1050
2016-05-24;Mardi;CUMUL;Visiteur;Journee;Résident ;All-FIMU;3134
2016-05-24;Mardi;CUMUL;Visiteur;Journee;Touriste Français;All-FIMU;8315
2016-05-24;Mardi;CUMUL;Excursionniste;Journee;Résident ;All-FIMU;4255
2016-05-24;Mardi;CUMUL;Excursionniste;Journee;Touriste Français;All-FIMU;5533
2016-05-24;Mardi;F;Visiteur;Journee;Résident ;All-FIMU;2179
2016-05-24;Mardi;F;Visiteur;Journee;Touriste Français;All-FIMU;1848
2016-05-24;Mardi;F;Excursionniste;Journee;Résident ;All-FIMU;4671
2016-05-24;Mardi;F;Excursionniste;Journee;Touriste Français;All-FIMU;4745
2016-05-24;Mardi;H;Visiteur;Journee;Résident ;All-FIMU;3631
2016-05-24;Mardi;H;Visiteur;Journee;Touriste Français;All-FIMU;3623
2016-05-24;Mardi;H;Excursionniste;Journee;Résident ;All-FIMU;4330
2016-05-24;Mardi;H;Excursionniste;Journee;Touriste Français;All-FIMU;4515
2016-05-24;Mardi;NR;Visiteur;Journee;Résident ;All-FIMU;6493
2016-05-24;Mardi;NR;Visiteur;Journee;Touriste Français;All-FIMU;4846
2016-05-24;Mardi;NR;Excursionniste;Journee;Résident ;All-FIMU;3030
2016-05-24;Mardi;NR;Excursionniste;Journee;Touriste Français;All-FIMU;1941
2016-05-25;Mercredi;CUMUL;Visiteur;Journee;Résident ;All-FIMU;7371
2016-05-25;Mercredi;CUMUL;Visiteur;Journee;Touriste Français;All-FIMU;3107
2016-05-25;Mercredi;CUMUL;Excursionniste;Journee;Résident ;All-FIMU;3501
2016-05-25;Mercredi;CUMUL;Excursionniste;Journee;Touriste Français;All-FIMU;614
2016-05-25;Mercredi;F;Visiteur;Journee;Résident ;All-FIMU;534
2016-05-25;Mercredi;F;Visiteur;Journee;Touriste Français;All-FIMU;4563
2016-05-25;Mercredi;F;Excursionniste;Journee;Résident ;All-FIMU;2965
2016-05-25;Mercredi;F;Excursionniste;Journee;Touriste Français;All-FIMU;8961
2016-05-25;Mercredi;H;Visiteur;Journee;Résident ;All-FIMU;6286
2016-05-25;Mercredi;H;Visiteur;Journee;Touriste Français;All-FIMU;6046
2016-05-25;Mercredi;H;Excursionniste;Journee;Résident ;All-FIMU;9468
2016-05-25;Mercredi;H;Excursionniste;Journee;Touriste Français;All-FIMU;6251
2016-05-25;Mercredi;NR;Visiteur;Journee;Résident ;All-FIMU;147
2016-05-25;Mercredi;NR;Visiteur;Journee;Touriste Français;All-FIMU;5572
2016-05-25;Mercredi;NR;Excursionniste;Journee;Résident ;All-FIMU;7390
2016-05-25;Mercredi;NR;Excursionniste;Journee;Touriste Français;All-FIMU;4798
2016-05-26;Jeudi;CUMUL;Visiteur;Journee;Résident ;All-FIMU;8180
2016-05-26;Jeudi;CUMUL;Visiteur;Journee;Touriste Français;All-FIMU;3227
2016-05-26;Jeudi;CUMUL;Excursionniste;Journee;Résident ;All-FIMU;1467
2016-05-26;Jeudi;CUMUL;Excursionniste;Journee;Touriste Français;All-FIMU;5355
2016-05-26;Jeudi;F;Visiteur;Journee;Résident ;All-FIMU;1047
2016-05-26;Jeudi;F;Visiteur;Journee;Touriste Français;All-FIMU;7296
2016-05-26;Jeudi;F;Excursionniste;Journee;Résident ;All-FIMU;9562
2016-05-26;Jeudi;F;Excursionniste;Journee;Touriste Français;All-FIMU;2306
2016-05-26;Jeudi;H;Visiteur;Journee;Résident ;All-FIMU;1189
2016-05-26;Jeudi;H;Visiteur;Journee;Touriste Français;All-FIMU;6233
2016-05-26;Jeudi;H;Excursionniste;Journee;Résident ;All-FIMU;6358
2016-05-26;Jeudi;H;Excursionniste;Journee;Touriste Français;All-FIMU;1026
2016-05-26;Jeudi;NR;Visiteur;Journee;Résident ;All-FIMU;1649
2016-05-26;Jeudi;NR;Visiteur;Journee;Touriste Français;All-FIMU;1241
2016-05-26;Jeudi;NR;Excursionniste;Journee;Résident ;All-FIMU;3689
2016-05-26;Jeudi;NR;Excursionniste;Journee;Touriste Français;All-FIMU;#
2016-05-27;Vendredi;CUMUL;Visiteur;Journee;Résident ;All-FIMU;2035
2016-05-27;Vendredi;CUMUL;Visiteur;Journee;Touriste Français;All-FIMU;2697
2016-05-27;Vendredi;CUMUL;Excursionniste;Journee;Résident ;All-FIMU;3654
2016-05-27;Vendredi;CUMUL;Excursionniste;Journee;Touriste Français;All-FIMU;6982
2016-05-27;Vendredi;F;Visiteur;Journee;Résident ;All-FIMU;950
2016-05-27;Vendredi;F;Visiteur;Journee;Touriste Français;All-FIMU;5157
2016-05-27;Vendredi;F;Excursionniste;Journee;Résident ;All-FIMU;9770
2016-05-27;Vendredi;F;Excursionniste;Journee;Touriste Français;All-FIMU;8310
2016-05-27;Vendredi;H;Visiteur;Journee;Résident ;All-FIMU;1701
2016-05-27;Vendredi;H;Visiteur;Journee;Touriste Français;All-FIMU;455
2016-05-27;Vendredi;H;Excursionniste;Journee;Résident ;All-FIMU;9763
2016-05-27;Vendredi;H;Excursionniste;Journee;Touriste Français;All-FIMU;519
2016-05-27;Vendredi;NR;Visiteur;Journee;Résident ;All-FIMU;144
2016-05-27;Vendredi;NR;Visiteur;Journee;Touriste Français;All-FIMU;1962
2016-05-27;Vendredi;NR;Excursionniste;Journee;Résident ;All-FIMU;6222
2016-05-27;Vendredi;NR;Excursionniste;Journee;Touriste Français;All-FIMU;#
2016-05-28;Samedi;CUMUL;Visiteur;Journee;Résident ;All-FIMU;804
2016-05-28;Samedi;CUMUL;Visiteur;Journee;Touriste Français;All-FIMU;3319
2016-05-28;Samedi;CUMUL;Excursionniste;Journee;Résident ;All-FIMU;3617
2016-05-28;Samedi;CUMUL;Excursionniste;Journee;Touriste Français;All-FIMU;2619
2016-05-28;Samedi;F;Visiteur;Journee;Résident ;All-FIMU;1385
2016-05-28;Samedi;F;Visiteur;Journee;Touriste Français;All-FIMU;7436
2016-05-28;Samedi;F;Excursionniste;Journee;Résident ;All-FIMU;5994
2016-05-28;Samedi;F;Excursionniste;Journee;Touriste Français;All-FIMU;3327
2016-05-28;Samedi;H;Visiteur;Journee;Résident ;All-FIMU;5686
2016-05-28;Samedi;H;Visiteur;Journee;Touriste Français;All-FIMU;299
2016-05-28;Samedi;H;Excursionniste;Journee;Résident ;All-FIMU;671
2016-05-28;Samedi;H;Excursionniste;Journee;Touriste Français;All-FIMU;9283
2016-05-28;Samedi;NR;Visiteur;Journee;Résident ;All-FIMU;2404
2016-05-28;Samedi;NR;Visiteur;Journee;Touriste Français;All-FIMU;5995
2016-05-28;Samedi;NR;Excursionniste;Journee;Résident ;All-FIMU;#
2016-05-28;Samedi;NR;Excursionniste;Journee;Touriste Français;All-FIMU;#
2016-05-29;Dimanche;CUMUL;Visiteur;Journee;Résident ;All-FIMU;8693
2016-05-29;Dimanche;CUMUL;Visiteur;Journee;Touriste Français;All-FIMU;5947
2016-05-29;Dimanche;CUMUL;Excursionniste;Journee;Résident ;All-FIMU;890
2016-05-29;Dimanche;CUMUL;Excursionniste;Journee;Touriste Français;All-FIMU;9840
2016-05-29;Dimanche;F;Visiteur;Journee;Résident ;All-FIMU;8886
2016-05-29;Dimanche;F;Visiteur;Journee;Touriste Français;All-FIMU;4466
2016-05-29;Dimanche;F;Excursionniste;Journee;Résident ;All-FIMU;4953
2016-05-29;Dimanche;F;Excursionniste;Journee;Touriste Français;All-FIMU;8425
2016-05-29;Dimanche;H;Visiteur;Journee;Résident ;All-FIMU;8134
2016-05-29;Dimanche;H;Visiteur;Journee;Touriste Français;All-FIMU;458
2016-05-29;Dimanche;H;Excursionniste;Journee;Résident ;All-FIMU;8558
2016-05-29;Dimanche;H;Excursionniste;Journee;Touriste Français;All-FIMU;4743
2016-05-29;Dimanche;NR;Visiteur;Journee;Résident ;All-FIMU;6852
2016-05-29;Dimanche;NR;Visiteur;Journee;Touriste Français;All-FIMU;3165
2016-05-29;Dimanche;NR;Excursionniste;Journee;Résident ;All-FIMU;5597
2016-05-29;Dimanche;NR;Excursionniste;Journee;Touriste Français;All-FIMU;#
2016-05-30;Lundi;CUMUL;Visiteur;Journee;Résident ;All-FIMU;9217
2016-05-30;Lundi;CUMUL;Visiteur;Journee;Touriste Français;All-FIMU;5517
2016-05-30;Lundi;CUMUL;Excursionniste;Journee;Résident ;All-FIMU;4596
2016-05-30;Lundi;CUMUL;Excursionniste;Journee;Touriste Français;All-FIMU;6359
2016-05-30;Lundi;F;Visiteur;Journee;Résident ;All-FIMU;1148
2016-05-30;Lundi;F;Visiteur;Journee;Touriste Français;All-FIMU;3129
2016-05-30;Lundi;F;Excursionniste;Journee;Résident ;All-FIMU;8409
2016-05-30;Lundi;F;Excursionniste;Journee;Touriste Français;All-FIMU;3702
2016-05-30;Lundi;H;Visiteur;Journee;Résident ;All-FIMU;2139
2016-05-30;Lundi;H;Visiteur;Journee;Touriste Français;All-FIMU;9414
2016-05-30;Lundi;H;Excursionniste;Journee;Résident ;All-FIMU;7568
2016-05-30;Lundi;H;Excursionniste;Journee;Touriste Français;All-FIMU;471
2016-05-30;Lundi;NR;Visiteur;Journee;Résident ;All-FIMU;9121
2016-05-30;Lundi;NR;Visiteur;Journee;Touriste Français;All-FIMU;2062
2016-05-30;Lundi;NR;Excursionniste;Journee;Résident ;All-FIMU;3169
2016-05-30;Lundi;NR;Excursionniste;Journee;Touriste Français;All-FIMU;8757
2016-05-31;Mardi;CUMUL;Visiteur;Journee;Résident ;All-FIMU;8760
2016-05-31;Mardi;CUMUL;Visiteur;Journee;Touriste Français;All-FIMU;9108
2016-05-31;Mardi;CUMUL;Excursionniste;Journee;Résident ;All-FIMU;2181
2016-05-31;Mardi;CUMUL;Excursionniste;Journee;Touriste Français;All-FIMU;3322
2016-05-31;Mardi;F;Visiteur;Journee;Résident ;All-FIMU;3676
2016-05-31;Mardi;F;Visiteur;Journee;Touriste Français;All-FIMU;3376
2016-05-31;Mardi;F;Excursionniste;Journee;Résident ;All-FIMU;2648
2016-05-31;Mardi;F;Excursionniste;Journee;Touriste Français;All-FIMU;9706
2016-05-31;Mardi;H;Visiteur;Journee;Résident ;All-FIMU;6204
2016-05-31;Mardi;H;Visiteur;Journee;Touriste Français;All-FIMU;3984
2016-05-31;Mardi;H;Excursionniste;Journee;Résident ;All-FIMU;5983
2016-05-31;Mardi;H;Excursionniste;Journee;Touriste Français;All-FIMU;3852
2016-05-31;Mardi;NR;Visiteur;Journee;Résident ;All-FIMU;5682
2016-05-31;Mardi;NR;Visiteur;Journee;Touriste Français;All-FIMU;6523
2016-05-31;Mardi;NR;Excursionniste;Journee;Résident ;All-FIMU;4670
2016-05-31;Mardi;NR;Excursionniste;Journee;Touriste Français;All-FIMU;#
2016-06-01;Mercredi;CUMUL;Visiteur;Journee;Résident ;All-FIMU;3030
2016-06-01;Mercredi;CUMUL;Visiteur;Journee;Touriste Français;All-FIMU;4785
2016-06-01;Mercredi;CUMUL;Excursionniste;Journee;Résident ;All-FIMU;6893
2016-06-01;Mercredi;CUMUL;Excursionniste;Journee;Touriste Français;All-FIMU;794
2016-06-01;Mercredi;F;Visiteur;Journee;Résident ;All-FIMU;8962
2016-06-01;Mercredi;F;Visiteur;Journee;Touriste Français;All-FIMU;6640
2016-06-01;Mercredi;F;Excursionniste;Journee;Résident ;All-FIMU;9924
2016-06-01;Mercredi;F;Excursionniste;Journee;Touriste Français;All-FIMU;3344
2016-06-01;Mercredi;H;Visiteur;Journee;Résident ;All-FIMU;8939
2016-06-01;Mercredi;H;Visiteur;Journee;Touriste Français;All-FIMU;4501
2016-06-01;Mercredi;H;Excursionniste;Journee;Résident ;All-FIMU;4576
2016-06-01;Mercredi;H;Excursionniste;Journee;Touriste Français;All-FIMU;2709
2016-06-01;Mercredi;NR;Visiteur;Journee;Résident ;All-FIMU;7873
2016-06-01;Mercredi;NR;Visiteur;Journee;Touriste Français;All-FIMU;3647
2016-06-01;Mercredi;NR;Excursionniste;Journee;Résident ;All-FIMU;87
2016-06-01;Mercredi;NR;Excursionniste;Journee;Touriste Français;All-FIMU;#
2016-06-02;Jeudi;CUMUL;Visiteur;Journee;Résident ;All-FIMU;5479
2016-06-02;Jeudi;CUMUL;Visiteur;Journee;Touriste Français;All-FIMU;3450
2016-06-02;Jeudi;CUMUL;Excursionniste;Journee;Résident ;All-FIMU;3624
2016-06-02;Jeudi;CUMUL;Excursionniste;Journee;Touriste Français;All-FIMU;8966
2016-06-02;Jeudi;F;Visiteur;Journee;Résident ;All-FIMU;96
2016-06-02;Jeudi;F;Visiteur;Journee;Touriste Français;All-FIMU;9660
2016-06-02;Jeudi;F;Excursionniste;Journee;Résident ;All-FIMU;5427
2016-06-02;Jeudi;F;Excursionniste;Journee;Touriste Français;All-FIMU;4386
2016-06-02;Jeudi;H;Visiteur;Journee;Résident ;All-FIMU;2635
2016-06-02;Jeudi;H;Visiteur;Journee;Touriste Français;All-FIMU;4626
2016-06-02;Jeudi;H;Excursionniste;Journee;Résident ;All-FIMU;7294
2016-06-02;Jeudi;H;Excursionniste;Journee;Touriste Français;All-FIMU;3538
2016-06-02;Jeudi;NR;Visiteur;Journee;Résident ;All-FIMU;5023
2016-06-02;Jeudi;NR;Visiteur;Journee;Touriste Français;All-FIMU;2302
2016-06-02;Jeudi;NR;Excursionniste;Journee;Résident ;All-FIMU;4907
2016-06-02;Jeudi;NR;Excursionniste;Journee;Touriste Français;All-FIMU;#
2016-06-03;Vendredi;CUMUL;Visiteur;Journee;Résident ;All-FIMU;9535
2016-06-03;Vendredi;CUMUL;Visiteur;Journee;Touriste Français;All-FIMU;4643
2016-06-03;Vendredi;CUMUL;Excursionniste;Journee;Résident ;All-FIMU;5297
2016-06-03;Vendredi;CUMUL;Excursionniste;Journee;Touriste Français;All-FIMU;5912
2016-06-03;Vendredi;F;Visiteur;Journee;Résident ;All-FIMU;7507
2016-06-03;Vendredi;F;Visiteur;Journee;Touriste Français;All-FIMU;1257
2016-06-03;Vendredi;F;Excursionniste;Journee;Résident ;All-FIMU;7463
2016-06-03;Vendredi;F;Excursionniste;Journee;Touriste Français;All-FIMU;6409
2016-06-03;Vendredi;H;Visiteur;Journee;Résident ;All-FIMU;963
2016-06-03;Vendredi;H;Visiteur;Journee;Touriste Français;All-FIMU;6949
2016-06-03;Vendredi;H;Excursionniste;Journee;Résident ;All-FIMU;949
2016-06-03;Vendredi;H;Excursionniste;Journee;Touriste Français;All-FIMU;2111
2016-06-03;Vendredi;NR;Visiteur;Journee;Résident ;All-FIMU;2095
2016-06-03;Vendredi;NR;Visiteur;Journee;Touriste Français;All-FIMU;2125
2016-06-03;Vendredi;NR;Excursionniste;Journee;Résident ;All-FIMU;1546
2016-06-03;Vendredi;NR;Excursionniste;Journee;Touriste Français;All-FIMU;3444
2016-06-04;Samedi;CUMUL;Visiteur;Journee;Résident ;All-FIMU;9490
2016-06-04;Samedi;CUMUL;Visiteur;Journee;Touriste Français;All-FIMU;5102
2016-06-04;Samedi;CUMUL;Excursionniste;Journee;Résident ;All-FIMU;7419
2016-06-04;Samedi;CUMUL;Excursionniste;Journee;Touriste Français;All-FIMU;4580
2016-06-04;Samedi;F;Visiteur;Journee;Résident ;All-FIMU;2654
2016-06-04;Samedi;F;Visiteur;Journee;Touriste Français;All-FIMU;6502
2016-06-04;Samedi;F;Excursionniste;Journee;Résident ;All-FIMU;1561
2016-06-04;Samedi;F;Excursionniste;Journee;Touriste Français;All-FIMU;3536
2016-06-04;Samedi;H;Visiteur;Journee;Résident ;All-FIMU;3412
2016-06-04;Samedi;H;Visiteur;Journee;Touriste Français;All-FIMU;872
2016-06-04;Samedi;H;Excursionniste;Journee;Résident ;All-FIMU;7411
2016-06-04;Samedi;H;Excursionniste;Journee;Touriste Français;All-FIMU;8877
2016-06-04;Samedi;NR;Visiteur;Journee;Résident ;All-FIMU;1062
2016-06-04;Samedi;NR;Visiteur;Journee;Touriste Français;All-FIMU;8783
2016-06-04;Samedi;NR;Excursionniste;Journee;Résident ;All-FIMU;653
2016-06-04;Samedi;NR;Excursionniste;Journee;Touriste Français;All-FIMU;#
2016-06-05;Dimanche;CUMUL;Visiteur;Journee;Résident ;All-FIMU;5193
2016-06-05;Dimanche;CUMUL;Visiteur;Journee;Touriste Français;All-FIMU;8109
2016-06-05;Dimanche;CUMUL;Excursionniste;Journee;Résident ;All-FIMU;691
2016-06-05;Dimanche;CUMUL;Excursionniste;Journee;Touriste Français;All-FIMU;1109
2016-06-05;Dimanche;F;Visiteur;Journee;Résident ;All-FIMU;1600
2016-06-05;Dimanche;F;Visiteur;Journee;Touriste Français;All-FIMU;5868
2016-06-05;Dimanche;F;Excursionniste;Journee;Résident ;All-FIMU;3622
2016-06-05;Dimanche;F;Excursionniste;Journee;Touriste Français;All-FIMU;5394
2016-06-05;Dimanche;H;Visiteur;Journee;Résident ;All-FIMU;9530
2016-06-05;Dimanche;H;Visiteur;Journee;Touriste Français;All-FIMU;7745
2016-06-05;Dimanche;H;Excursionniste;Journee;Résident ;All-FIMU;3533
2016-06-05;Dimanche;H;Excursionniste;Journee;Touriste Français;All-FIMU;6176
2016-06-05;Dimanche;NR;Visiteur;Journee;Résident ;All-FIMU;2627
2016-06-05;Dimanche;NR;Visiteur;Journee;Touriste Français;All-FIMU;7339
2016-06-05;Dimanche;NR;Excursionniste;Journee;Résident ;All-FIMU;#
2016-06-05;Dimanche;NR;Excursionniste;Journee;Touriste Français;All-FIMU;#
2016-06-06;Lundi;CUMUL;Visiteur;Journee;Résident ;All-FIMU;8415
2016-06-06;Lundi;CUMUL;Visiteur;Journee;Touriste Français;All-FIMU;4164
2016-06-06;Lundi;CUMUL;Excursionniste;Journee;Résident ;All-FIMU;2256
2016-06-06;Lundi;CUMUL;Excursionniste;Journee;Touriste Français;All-FIMU;2397
2016-06-06;Lundi;F;Visiteur;Journee;Résident ;All-FIMU;7828
2016-06-06;Lundi;F;Visiteur;Journee;Touriste Français;All-FIMU;3278
2016-06-06;Lundi;F;Excursionniste;Journee;Résident ;All-FIMU;6140
2016-06-06;Lundi;F;Excursionniste;Journee;Touriste Français;All-FIMU;2494
2016-06-06;Lundi;H;Visiteur;Journee;Résident ;All-FIMU;4963
2016-06-06;Lundi;H;Visiteur;Journee;Touriste Français;All-FIMU;9877
2016-06-06;Lundi;H;Excursionniste;Journee;Résident ;All-FIMU;2993
2016-06-06;Lundi;H;Excursionniste;Journee;Touriste Français;All-FIMU;3333
2016-06-06;Lundi;NR;Visiteur;Journee;Résident ;All-FIMU;2833
2016-06-06;Lundi;NR;Visiteur;Journee;Touriste Français;All-FIMU;8860
2016-06-06;Lundi;NR;Excursionniste;Journee;Résident ;All-FIMU;8635
2016-06-06;Lundi;NR;Excursionniste;Journee;Touriste Français;All-FIMU;6698
2016-06-07;Mardi;CUMUL;Visiteur;Journee;Résident ;All-FIMU;4038
2016-06-07;Mardi;CUMUL;Visiteur;Journee;Touriste Français;All-FIMU;2351
2016-06-07;Mardi;CUMUL;Excursionniste;Journee;Résident ;All-FIMU;7248
2016-06-07;Mardi;CUMUL;Excursionniste;Journee;Touriste Français;All-FIMU;2421
2016-06-07;Mardi;F;Visiteur;Journee;Résident ;All-FIMU;257
2016-06-07;Mardi;F;Visiteur;Journee;Touriste Français;All-FIMU;7882
2016-06-07;Mardi;F;Excursionniste;Journee;Résident ;All-FIMU;1002
2016-06-07;Mardi;F;Excursionniste;Journee;Touriste Français;All-FIMU;4817
2016-06-07;Mardi;H;Visiteur;Journee;Résident ;All-FIMU;5571
2016-06-07;Mardi;H;Visiteur;Journee;Touriste Français;All-FIMU;8877
2016-06-07;Mardi;H;Excursionniste;Journee;Résident ;All-FIMU;9759
2016-06-07;Mardi;H;Excursionniste;Journee;Touriste Français;All-FIMU;5412
2016-06-07;Mardi;NR;Visiteur;Journee;Résident ;All-FIMU;3055
2016-06-07;Mardi;NR;Visiteur;Journee;Touriste Français;All-FIMU;8646
2016-06-07;Mardi;NR;Excursionniste;Journee;Résident ;All-FIMU;1972
2016-06-07;Mardi;NR;Excursionniste;Journee;Touriste Français;All-FIMU;9416
