Date;JourDeLaSemaine;DureeVisite;CategorieVisiteurs;ZoneAnalyse;Volume
2016-04-22;Vendredi;Duree1h;Résident ;All-FIMU;4608
2016-04-22;Vendredi;Duree1h;Touriste Français;All-FIMU;4468
2016-04-22;Vendredi;Duree1h;Touriste Etranger;All-FIMU;200
2016-04-22;Vendredi;Duree2h;Résident ;All-FIMU;5067
2016-04-22;Vendredi;Duree2h;Touriste Français;All-FIMU;5340
2016-04-22;Vendredi;Duree2h;Touriste Etranger;All-FIMU;4209
2016-04-22;Vendredi;Duree3h;Résident ;All-FIMU;947
2016-04-22;Vendredi;Duree3h;Touriste Français;All-FIMU;7570
2016-04-22;Vendredi;Duree3h;Touriste Etranger;All-FIMU;8440
2016-04-22;Vendredi;Duree4h;Résident ;All-FIMU;3460
2016-04-22;Vendredi;Duree4h;Touriste Français;All-FIMU;3791
2016-04-22;Vendredi;Duree4h;Touriste Etranger;All-FIMU;2574
2016-04-22;Vendredi;Duree5h;Résident ;All-FIMU;6497
2016-04-22;Vendredi;Duree5h;Touriste Français;All-FIMU;60
2016-04-22;Vendredi;Duree5h;Touriste Etranger;All-FIMU;#
2016-04-22;Vendredi;Duree6h;Résident ;All-FIMU;6300
2016-04-22;Vendredi;Duree6h;Touriste Français;All-FIMU;296
2016-04-22;Vendredi;Duree6h;Touriste Etranger;All-FIMU;5720
2016-04-22;Vendredi;Duree7h;Résident ;All-FIMU;199
2016-04-22;Vendredi;Duree7h;Touriste Français;All-FIMU;6379
2016-04-22;Vendredi;Duree7h;Touriste Etranger;All-FIMU;6266
2016-04-22;Vendredi;Duree8h;Résident ;All-FIMU;2911
2016-04-22;Vendredi;Duree8h;Touriste Français;All-FIMU;3067
2016-04-22;Vendredi;Duree8h;Touriste Etranger;All-FIMU;#
2016-04-22;Vendredi;Duree9h;Résident ;All-FIMU;8761
2016-04-22;Vendredi;Duree9h;Touriste Français;All-FIMU;6264
2016-04-22;Vendredi;Duree9h;Touriste Etranger;All-FIMU;#
2016-04-22;Vendredi;Duree10h;Résident ;All-FIMU;2927
2016-04-22;Vendredi;Duree10h;Touriste Français;All-FIMU;4835
2016-04-22;Vendredi;Duree10h;Touriste Etranger;All-FIMU;#
2016-04-22;Vendredi;Duree10h-18h;Résident ;All-FIMU;9155
2016-04-22;Vendredi;Duree10h-18h;Touriste Français;All-FIMU;119
2016-04-22;Vendredi;Duree10h-18h;Touriste Etranger;All-FIMU;2277
2016-04-23;Samedi;Duree1h;Résident ;All-FIMU;368
2016-04-23;Samedi;Duree1h;Touriste Français;All-FIMU;5486
2016-04-23;Samedi;Duree1h;Touriste Etranger;All-FIMU;3943
2016-04-23;Samedi;Duree2h;Résident ;All-FIMU;9996
2016-04-23;Samedi;Duree2h;Touriste Français;All-FIMU;8648
2016-04-23;Samedi;Duree2h;Touriste Etranger;All-FIMU;4145
2016-04-23;Samedi;Duree3h;Résident ;All-FIMU;7295
2016-04-23;Samedi;Duree3h;Touriste Français;All-FIMU;4324
2016-04-23;Samedi;Duree3h;Touriste Etranger;All-FIMU;8094
2016-04-23;Samedi;Duree4h;Résident ;All-FIMU;1884
2016-04-23;Samedi;Duree4h;Touriste Français;All-FIMU;4403
2016-04-23;Samedi;Duree4h;Touriste Etranger;All-FIMU;4974
2016-04-23;Samedi;Duree5h;Résident ;All-FIMU;5392
2016-04-23;Samedi;Duree5h;Touriste Français;All-FIMU;8162
2016-04-23;Samedi;Duree5h;Touriste Etranger;All-FIMU;6247
2016-04-23;Samedi;Duree6h;Résident ;All-FIMU;91
2016-04-23;Samedi;Duree6h;Touriste Français;All-FIMU;7870
2016-04-23;Samedi;Duree6h;Touriste Etranger;All-FIMU;919
2016-04-23;Samedi;Duree7h;Résident ;All-FIMU;8548
2016-04-23;Samedi;Duree7h;Touriste Français;All-FIMU;7687
2016-04-23;Samedi;Duree7h;Touriste Etranger;All-FIMU;#
2016-04-23;Samedi;Duree8h;Résident ;All-FIMU;7970
2016-04-23;Samedi;Duree8h;Touriste Français;All-FIMU;3882
2016-04-23;Samedi;Duree8h;Touriste Etranger;All-FIMU;3279
2016-04-23;Samedi;Duree9h;Résident ;All-FIMU;1220
2016-04-23;Samedi;Duree9h;Touriste Français;All-FIMU;3553
2016-04-23;Samedi;Duree9h;Touriste Etranger;All-FIMU;#
2016-04-23;Samedi;Duree10h;Résident ;All-FIMU;2648
2016-04-23;Samedi;Duree10h;Touriste Français;All-FIMU;7504
2016-04-23;Samedi;Duree10h;Touriste Etranger;All-FIMU;#
2016-04-23;Samedi;Duree10h-18h;Résident ;All-FIMU;5119
2016-04-23;Samedi;Duree10h-18h;Touriste Français;All-FIMU;6019
2016-04-23;Samedi;Duree10h-18h;Touriste Etranger;All-FIMU;4312
2016-04-24;Dimanche;Duree1h;Résident ;All-FIMU;1255
2016-04-24;Dimanche;Duree1h;Touriste Français;All-FIMU;6398
2016-04-24;Dimanche;Duree1h;Touriste Etranger;All-FIMU;1752
2016-04-24;Dimanche;Duree2h;Résident ;All-FIMU;8285
2016-04-24;Dimanche;Duree2h;Touriste Français;All-FIMU;9715
2016-04-24;Dimanche;Duree2h;Touriste Etranger;All-FIMU;4191
2016-04-24;Dimanche;Duree3h;Résident ;All-FIMU;9979
2016-04-24;Dimanche;Duree3h;Touriste Français;All-FIMU;7946
2016-04-24;Dimanche;Duree3h;Touriste Etranger;All-FIMU;5938
2016-04-24;Dimanche;Duree4h;Résident ;All-FIMU;108
2016-04-24;Dimanche;Duree4h;Touriste Français;All-FIMU;9303
2016-04-24;Dimanche;Duree4h;Touriste Etranger;All-FIMU;6838
2016-04-24;Dimanche;Duree5h;Résident ;All-FIMU;2654
2016-04-24;Dimanche;Duree5h;Touriste Français;All-FIMU;6896
2016-04-24;Dimanche;Duree5h;Touriste Etranger;All-FIMU;938
2016-04-24;Dimanche;Duree6h;Résident ;All-FIMU;1694
2016-04-24;Dimanche;Duree6h;Touriste Français;All-FIMU;7666
2016-04-24;Dimanche;Duree6h;Touriste Etranger;All-FIMU;4504
2016-04-24;Dimanche;Duree7h;Résident ;All-FIMU;9794
2016-04-24;Dimanche;Duree7h;Touriste Français;All-FIMU;5957
2016-04-24;Dimanche;Duree7h;Touriste Etranger;All-FIMU;#
2016-04-24;Dimanche;Duree8h;Résident ;All-FIMU;1119
2016-04-24;Dimanche;Duree8h;Touriste Français;All-FIMU;6475
2016-04-24;Dimanche;Duree8h;Touriste Etranger;All-FIMU;6252
2016-04-24;Dimanche;Duree9h;Résident ;All-FIMU;1861
2016-04-24;Dimanche;Duree9h;Touriste Français;All-FIMU;4373
2016-04-24;Dimanche;Duree9h;Touriste Etranger;All-FIMU;4517
2016-04-24;Dimanche;Duree10h;Résident ;All-FIMU;5097
2016-04-24;Dimanche;Duree10h;Touriste Français;All-FIMU;1685
2016-04-24;Dimanche;Duree10h;Touriste Etranger;All-FIMU;#
2016-04-24;Dimanche;Duree10h-18h;Résident ;All-FIMU;8652
2016-04-24;Dimanche;Duree10h-18h;Touriste Français;All-FIMU;3850
2016-04-24;Dimanche;Duree10h-18h;Touriste Etranger;All-FIMU;5563
2016-04-25;Lundi;Duree1h;Résident ;All-FIMU;1796
2016-04-25;Lundi;Duree1h;Touriste Français;All-FIMU;867
2016-04-25;Lundi;Duree1h;Touriste Etranger;All-FIMU;2142
2016-04-25;Lundi;Duree2h;Résident ;All-FIMU;1408
2016-04-25;Lundi;Duree2h;Touriste Français;All-FIMU;8876
2016-04-25;Lundi;Duree2h;Touriste Etranger;All-FIMU;5399
2016-04-25;Lundi;Duree3h;Résident ;All-FIMU;2868
2016-04-25;Lundi;Duree3h;Touriste Français;All-FIMU;3548
2016-04-25;Lundi;Duree3h;Touriste Etranger;All-FIMU;7867
2016-04-25;Lundi;Duree4h;Résident ;All-FIMU;8715
2016-04-25;Lundi;Duree4h;Touriste Français;All-FIMU;8417
2016-04-25;Lundi;Duree4h;Touriste Etranger;All-FIMU;4844
2016-04-25;Lundi;Duree5h;Résident ;All-FIMU;1765
2016-04-25;Lundi;Duree5h;Touriste Français;All-FIMU;7844
2016-04-25;Lundi;Duree5h;Touriste Etranger;All-FIMU;#
2016-04-25;Lundi;Duree6h;Résident ;All-FIMU;7136
2016-04-25;Lundi;Duree6h;Touriste Français;All-FIMU;4552
2016-04-25;Lundi;Duree6h;Touriste Etranger;All-FIMU;4372
2016-04-25;Lundi;Duree7h;Résident ;All-FIMU;2566
2016-04-25;Lundi;Duree7h;Touriste Français;All-FIMU;2631
2016-04-25;Lundi;Duree7h;Touriste Etranger;All-FIMU;1259
2016-04-25;Lundi;Duree8h;Résident ;All-FIMU;2307
2016-04-25;Lundi;Duree8h;Touriste Français;All-FIMU;3982
2016-04-25;Lundi;Duree8h;Touriste Etranger;All-FIMU;7409
2016-04-25;Lundi;Duree9h;Résident ;All-FIMU;5527
2016-04-25;Lundi;Duree9h;Touriste Français;All-FIMU;6464
2016-04-25;Lundi;Duree9h;Touriste Etranger;All-FIMU;8627
2016-04-25;Lundi;Duree10h;Résident ;All-FIMU;5329
2016-04-25;Lundi;Duree10h;Touriste Français;All-FIMU;9686
2016-04-25;Lundi;Duree10h-18h;Résident ;All-FIMU;2918
2016-04-25;Lundi;Duree10h-18h;Touriste Français;All-FIMU;21
2016-04-25;Lundi;Duree10h-18h;Touriste Etranger;All-FIMU;5646
2016-04-26;Mardi;Duree1h;Résident ;All-FIMU;5422
2016-04-26;Mardi;Duree1h;Touriste Français;All-FIMU;288
2016-04-26;Mardi;Duree1h;Touriste Etranger;All-FIMU;6692
2016-04-26;Mardi;Duree2h;Résident ;All-FIMU;5152
2016-04-26;Mardi;Duree2h;Touriste Français;All-FIMU;5277
2016-04-26;Mardi;Duree2h;Touriste Etranger;All-FIMU;4639
2016-04-26;Mardi;Duree3h;Résident ;All-FIMU;8783
2016-04-26;Mardi;Duree3h;Touriste Français;All-FIMU;249
2016-04-26;Mardi;Duree3h;Touriste Etranger;All-FIMU;9331
2016-04-26;Mardi;Duree4h;Résident ;All-FIMU;6023
2016-04-26;Mardi;Duree4h;Touriste Français;All-FIMU;6651
2016-04-26;Mardi;Duree4h;Touriste Etranger;All-FIMU;1122
2016-04-26;Mardi;Duree5h;Résident ;All-FIMU;8738
2016-04-26;Mardi;Duree5h;Touriste Français;All-FIMU;9765
2016-04-26;Mardi;Duree5h;Touriste Etranger;All-FIMU;2854
2016-04-26;Mardi;Duree6h;Résident ;All-FIMU;3447
2016-04-26;Mardi;Duree6h;Touriste Français;All-FIMU;3785
2016-04-26;Mardi;Duree6h;Touriste Etranger;All-FIMU;1162
2016-04-26;Mardi;Duree7h;Résident ;All-FIMU;262
2016-04-26;Mardi;Duree7h;Touriste Français;All-FIMU;3060
2016-04-26;Mardi;Duree7h;Touriste Etranger;All-FIMU;7133
2016-04-26;Mardi;Duree8h;Résident ;All-FIMU;9794
2016-04-26;Mardi;Duree8h;Touriste Français;All-FIMU;173
2016-04-26;Mardi;Duree8h;Touriste Etranger;All-FIMU;#
2016-04-26;Mardi;Duree9h;Résident ;All-FIMU;7914
2016-04-26;Mardi;Duree9h;Touriste Français;All-FIMU;3664
2016-04-26;Mardi;Duree9h;Touriste Etranger;All-FIMU;#
2016-04-26;Mardi;Duree10h;Résident ;All-FIMU;6120
2016-04-26;Mardi;Duree10h;Touriste Français;All-FIMU;3868
2016-04-26;Mardi;Duree10h;Touriste Etranger;All-FIMU;#
2016-04-26;Mardi;Duree10h-18h;Résident ;All-FIMU;7046
2016-04-26;Mardi;Duree10h-18h;Touriste Français;All-FIMU;3767
2016-04-26;Mardi;Duree10h-18h;Touriste Etranger;All-FIMU;8272
2016-04-27;Mercredi;Duree1h;Résident ;All-FIMU;3946
2016-04-27;Mercredi;Duree1h;Touriste Français;All-FIMU;4344
2016-04-27;Mercredi;Duree1h;Touriste Etranger;All-FIMU;5050
2016-04-27;Mercredi;Duree2h;Résident ;All-FIMU;9170
2016-04-27;Mercredi;Duree2h;Touriste Français;All-FIMU;2703
2016-04-27;Mercredi;Duree2h;Touriste Etranger;All-FIMU;3783
2016-04-27;Mercredi;Duree3h;Résident ;All-FIMU;4656
2016-04-27;Mercredi;Duree3h;Touriste Français;All-FIMU;5666
2016-04-27;Mercredi;Duree3h;Touriste Etranger;All-FIMU;4300
2016-04-27;Mercredi;Duree4h;Résident ;All-FIMU;668
2016-04-27;Mercredi;Duree4h;Touriste Français;All-FIMU;375
2016-04-27;Mercredi;Duree4h;Touriste Etranger;All-FIMU;8551
2016-04-27;Mercredi;Duree5h;Résident ;All-FIMU;2784
2016-04-27;Mercredi;Duree5h;Touriste Français;All-FIMU;6743
2016-04-27;Mercredi;Duree5h;Touriste Etranger;All-FIMU;1477
2016-04-27;Mercredi;Duree6h;Résident ;All-FIMU;830
2016-04-27;Mercredi;Duree6h;Touriste Français;All-FIMU;6325
2016-04-27;Mercredi;Duree6h;Touriste Etranger;All-FIMU;4368
2016-04-27;Mercredi;Duree7h;Résident ;All-FIMU;47
2016-04-27;Mercredi;Duree7h;Touriste Français;All-FIMU;6643
2016-04-27;Mercredi;Duree7h;Touriste Etranger;All-FIMU;2180
2016-04-27;Mercredi;Duree8h;Résident ;All-FIMU;9120
2016-04-27;Mercredi;Duree8h;Touriste Français;All-FIMU;7159
2016-04-27;Mercredi;Duree8h;Touriste Etranger;All-FIMU;1974
2016-04-27;Mercredi;Duree9h;Résident ;All-FIMU;6893
2016-04-27;Mercredi;Duree9h;Touriste Français;All-FIMU;9408
2016-04-27;Mercredi;Duree9h;Touriste Etranger;All-FIMU;#
2016-04-27;Mercredi;Duree10h;Résident ;All-FIMU;2770
2016-04-27;Mercredi;Duree10h;Touriste Français;All-FIMU;8106
2016-04-27;Mercredi;Duree10h;Touriste Etranger;All-FIMU;#
2016-04-27;Mercredi;Duree10h-18h;Résident ;All-FIMU;3439
2016-04-27;Mercredi;Duree10h-18h;Touriste Français;All-FIMU;4845
2016-04-27;Mercredi;Duree10h-18h;Touriste Etranger;All-FIMU;7568
2016-04-28;Jeudi;Duree1h;Résident ;All-FIMU;6404
2016-04-28;Jeudi;Duree1h;Touriste Français;All-FIMU;436
2016-04-28;Jeudi;Duree1h;Touriste Etranger;All-FIMU;9514
2016-04-28;Jeudi;Duree2h;Résident ;All-FIMU;8847
2016-04-28;Jeudi;Duree2h;Touriste Français;All-FIMU;5289
2016-04-28;Jeudi;Duree2h;Touriste Etranger;All-FIMU;9078
2016-04-28;Jeudi;Duree3h;Résident ;All-FIMU;7069
2016-04-28;Jeudi;Duree3h;Touriste Français;All-FIMU;1333
2016-04-28;Jeudi;Duree3h;Touriste Etranger;All-FIMU;6276
2016-04-28;Jeudi;Duree4h;Résident ;All-FIMU;8268
2016-04-28;Jeudi;Duree4h;Touriste Français;All-FIMU;3805
2016-04-28;Jeudi;Duree4h;Touriste Etranger;All-FIMU;6899
2016-04-28;Jeudi;Duree5h;Résident ;All-FIMU;1817
2016-04-28;Jeudi;Duree5h;Touriste Français;All-FIMU;4624
2016-04-28;Jeudi;Duree5h;Touriste Etranger;All-FIMU;5455
2016-04-28;Jeudi;Duree6h;Résident ;All-FIMU;5202
2016-04-28;Jeudi;Duree6h;Touriste Français;All-FIMU;1455
2016-04-28;Jeudi;Duree6h;Touriste Etranger;All-FIMU;119
2016-04-28;Jeudi;Duree7h;Résident ;All-FIMU;2865
2016-04-28;Jeudi;Duree7h;Touriste Français;All-FIMU;6828
2016-04-28;Jeudi;Duree7h;Touriste Etranger;All-FIMU;7068
2016-04-28;Jeudi;Duree8h;Résident ;All-FIMU;9525
2016-04-28;Jeudi;Duree8h;Touriste Français;All-FIMU;465
2016-04-28;Jeudi;Duree8h;Touriste Etranger;All-FIMU;#
2016-04-28;Jeudi;Duree9h;Résident ;All-FIMU;7989
2016-04-28;Jeudi;Duree9h;Touriste Français;All-FIMU;9560
2016-04-28;Jeudi;Duree9h;Touriste Etranger;All-FIMU;4248
2016-04-28;Jeudi;Duree10h;Résident ;All-FIMU;6222
2016-04-28;Jeudi;Duree10h;Touriste Français;All-FIMU;8400
2016-04-28;Jeudi;Duree10h;Touriste Etranger;All-FIMU;#
2016-04-28;Jeudi;Duree10h-18h;Résident ;All-FIMU;858
2016-04-28;Jeudi;Duree10h-18h;Touriste Français;All-FIMU;8992
2016-04-28;Jeudi;Duree10h-18h;Touriste Etranger;All-FIMU;809
2016-04-29;Vendredi;Duree1h;Résident ;All-FIMU;6337
2016-04-29;Vendredi;Duree1h;Touriste Français;All-FIMU;5987
2016-04-29;Vendredi;Duree1h;Touriste Etranger;All-FIMU;7128
2016-04-29;Vendredi;Duree2h;Résident ;All-FIMU;4862
2016-04-29;Vendredi;Duree2h;Touriste Français;All-FIMU;9886
2016-04-29;Vendredi;Duree2h;Touriste Etranger;All-FIMU;5332
2016-04-29;Vendredi;Duree3h;Résident ;All-FIMU;5551
2016-04-29;Vendredi;Duree3h;Touriste Français;All-FIMU;3020
2016-04-29;Vendredi;Duree3h;Touriste Etranger;All-FIMU;8591
2016-04-29;Vendredi;Duree4h;Résident ;All-FIMU;8271
2016-04-29;Vendredi;Duree4h;Touriste Français;All-FIMU;3454
2016-04-29;Vendredi;Duree4h;Touriste Etranger;All-FIMU;8819
2016-04-29;Vendredi;Duree5h;Résident ;All-FIMU;9949
2016-04-29;Vendredi;Duree5h;Touriste Français;All-FIMU;2751
2016-04-29;Vendredi;Duree5h;Touriste Etranger;All-FIMU;6703
2016-04-29;Vendredi;Duree6h;Résident ;All-FIMU;8163
2016-04-29;Vendredi;Duree6h;Touriste Français;All-FIMU;5456
2016-04-29;Vendredi;Duree6h;Touriste Etranger;All-FIMU;3116
2016-04-29;Vendredi;Duree7h;Résident ;All-FIMU;285
2016-04-29;Vendredi;Duree7h;Touriste Français;All-FIMU;6126
2016-04-29;Vendredi;Duree7h;Touriste Etranger;All-FIMU;8142
2016-04-29;Vendredi;Duree8h;Résident ;All-FIMU;3423
2016-04-29;Vendredi;Duree8h;Touriste Français;All-FIMU;2600
2016-04-29;Vendredi;Duree8h;Touriste Etranger;All-FIMU;738
2016-04-29;Vendredi;Duree9h;Résident ;All-FIMU;8363
2016-04-29;Vendredi;Duree9h;Touriste Français;All-FIMU;2126
2016-04-29;Vendredi;Duree9h;Touriste Etranger;All-FIMU;1630
2016-04-29;Vendredi;Duree10h;Résident ;All-FIMU;1862
2016-04-29;Vendredi;Duree10h;Touriste Français;All-FIMU;5257
2016-04-29;Vendredi;Duree10h;Touriste Etranger;All-FIMU;1460
2016-04-29;Vendredi;Duree10h-18h;Résident ;All-FIMU;1449
2016-04-29;Vendredi;Duree10h-18h;Touriste Français;All-FIMU;1577
2016-04-29;Vendredi;Duree10h-18h;Touriste Etranger;All-FIMU;7551
2016-04-30;Samedi;Duree1h;Résident ;All-FIMU;6191
2016-04-30;Samedi;Duree1h;Touriste Français;All-FIMU;5384
2016-04-30;Samedi;Duree1h;Touriste Etranger;All-FIMU;7786
2016-04-30;Samedi;Duree2h;Résident ;All-FIMU;9872
2016-04-30;Samedi;Duree2h;Touriste Français;All-FIMU;678
2016-04-30;Samedi;Duree2h;Touriste Etranger;All-FIMU;1806
2016-04-30;Samedi;Duree3h;Résident ;All-FIMU;3529
2016-04-30;Samedi;Duree3h;Touriste Français;All-FIMU;4995
2016-04-30;Samedi;Duree3h;Touriste Etranger;All-FIMU;9140
2016-04-30;Samedi;Duree4h;Résident ;All-FIMU;4417
2016-04-30;Samedi;Duree4h;Touriste Français;All-FIMU;1282
2016-04-30;Samedi;Duree4h;Touriste Etranger;All-FIMU;4050
2016-04-30;Samedi;Duree5h;Résident ;All-FIMU;2265
2016-04-30;Samedi;Duree5h;Touriste Français;All-FIMU;8410
2016-04-30;Samedi;Duree5h;Touriste Etranger;All-FIMU;4855
2016-04-30;Samedi;Duree6h;Résident ;All-FIMU;1993
2016-04-30;Samedi;Duree6h;Touriste Français;All-FIMU;8939
2016-04-30;Samedi;Duree6h;Touriste Etranger;All-FIMU;5217
2016-04-30;Samedi;Duree7h;Résident ;All-FIMU;6379
2016-04-30;Samedi;Duree7h;Touriste Français;All-FIMU;5410
2016-04-30;Samedi;Duree7h;Touriste Etranger;All-FIMU;218
2016-04-30;Samedi;Duree8h;Résident ;All-FIMU;9801
2016-04-30;Samedi;Duree8h;Touriste Français;All-FIMU;2164
2016-04-30;Samedi;Duree8h;Touriste Etranger;All-FIMU;8967
2016-04-30;Samedi;Duree9h;Résident ;All-FIMU;3360
2016-04-30;Samedi;Duree9h;Touriste Français;All-FIMU;973
2016-04-30;Samedi;Duree9h;Touriste Etranger;All-FIMU;7195
2016-04-30;Samedi;Duree10h;Résident ;All-FIMU;6878
2016-04-30;Samedi;Duree10h;Touriste Français;All-FIMU;2857
2016-04-30;Samedi;Duree10h;Touriste Etranger;All-FIMU;8562
2016-04-30;Samedi;Duree10h-18h;Résident ;All-FIMU;6892
2016-04-30;Samedi;Duree10h-18h;Touriste Français;All-FIMU;9938
2016-04-30;Samedi;Duree10h-18h;Touriste Etranger;All-FIMU;8024
2016-05-01;Dimanche;Duree1h;Résident ;All-FIMU;6593
2016-05-01;Dimanche;Duree1h;Touriste Français;All-FIMU;6821
2016-05-01;Dimanche;Duree1h;Touriste Etranger;All-FIMU;2469
2016-05-01;Dimanche;Duree2h;Résident ;All-FIMU;2368
2016-05-01;Dimanche;Duree2h;Touriste Français;All-FIMU;2048
2016-05-01;Dimanche;Duree2h;Touriste Etranger;All-FIMU;8838
2016-05-01;Dimanche;Duree3h;Résident ;All-FIMU;5104
2016-05-01;Dimanche;Duree3h;Touriste Français;All-FIMU;2139
2016-05-01;Dimanche;Duree3h;Touriste Etranger;All-FIMU;3678
2016-05-01;Dimanche;Duree4h;Résident ;All-FIMU;496
2016-05-01;Dimanche;Duree4h;Touriste Français;All-FIMU;9683
2016-05-01;Dimanche;Duree4h;Touriste Etranger;All-FIMU;5731
2016-05-01;Dimanche;Duree5h;Résident ;All-FIMU;8539
2016-05-01;Dimanche;Duree5h;Touriste Français;All-FIMU;8022
2016-05-01;Dimanche;Duree5h;Touriste Etranger;All-FIMU;7619
2016-05-01;Dimanche;Duree6h;Résident ;All-FIMU;5275
2016-05-01;Dimanche;Duree6h;Touriste Français;All-FIMU;4256
2016-05-01;Dimanche;Duree6h;Touriste Etranger;All-FIMU;8891
2016-05-01;Dimanche;Duree7h;Résident ;All-FIMU;8147
2016-05-01;Dimanche;Duree7h;Touriste Français;All-FIMU;9331
2016-05-01;Dimanche;Duree7h;Touriste Etranger;All-FIMU;#
2016-05-01;Dimanche;Duree8h;Résident ;All-FIMU;5453
2016-05-01;Dimanche;Duree8h;Touriste Français;All-FIMU;4558
2016-05-01;Dimanche;Duree8h;Touriste Etranger;All-FIMU;9536
2016-05-01;Dimanche;Duree9h;Résident ;All-FIMU;5786
2016-05-01;Dimanche;Duree9h;Touriste Français;All-FIMU;8759
2016-05-01;Dimanche;Duree9h;Touriste Etranger;All-FIMU;#
2016-05-01;Dimanche;Duree10h;Résident ;All-FIMU;3385
2016-05-01;Dimanche;Duree10h;Touriste Français;All-FIMU;3431
2016-05-01;Dimanche;Duree10h;Touriste Etranger;All-FIMU;#
2016-05-01;Dimanche;Duree10h-18h;Résident ;All-FIMU;3614
2016-05-01;Dimanche;Duree10h-18h;Touriste Français;All-FIMU;9498
2016-05-01;Dimanche;Duree10h-18h;Touriste Etranger;All-FIMU;5989
2016-05-02;Lundi;Duree1h;Résident ;All-FIMU;5087
2016-05-02;Lundi;Duree1h;Touriste Français;All-FIMU;9490
2016-05-02;Lundi;Duree1h;Touriste Etranger;All-FIMU;2334
2016-05-02;Lundi;Duree2h;Résident ;All-FIMU;8573
2016-05-02;Lundi;Duree2h;Touriste Français;All-FIMU;2790
2016-05-02;Lundi;Duree2h;Touriste Etranger;All-FIMU;5111
2016-05-02;Lundi;Duree3h;Résident ;All-FIMU;2803
2016-05-02;Lundi;Duree3h;Touriste Français;All-FIMU;9589
2016-05-02;Lundi;Duree3h;Touriste Etranger;All-FIMU;5078
2016-05-02;Lundi;Duree4h;Résident ;All-FIMU;7134
2016-05-02;Lundi;Duree4h;Touriste Français;All-FIMU;5524
2016-05-02;Lundi;Duree4h;Touriste Etranger;All-FIMU;3337
2016-05-02;Lundi;Duree5h;Résident ;All-FIMU;8022
2016-05-02;Lundi;Duree5h;Touriste Français;All-FIMU;94
2016-05-02;Lundi;Duree5h;Touriste Etranger;All-FIMU;3408
2016-05-02;Lundi;Duree6h;Résident ;All-FIMU;7400
2016-05-02;Lundi;Duree6h;Touriste Français;All-FIMU;6300
2016-05-02;Lundi;Duree6h;Touriste Etranger;All-FIMU;1508
2016-05-02;Lundi;Duree7h;Résident ;All-FIMU;9497
2016-05-02;Lundi;Duree7h;Touriste Français;All-FIMU;6891
2016-05-02;Lundi;Duree7h;Touriste Etranger;All-FIMU;#
2016-05-02;Lundi;Duree8h;Résident ;All-FIMU;2054
2016-05-02;Lundi;Duree8h;Touriste Français;All-FIMU;107
2016-05-02;Lundi;Duree8h;Touriste Etranger;All-FIMU;#
2016-05-02;Lundi;Duree9h;Résident ;All-FIMU;9722
2016-05-02;Lundi;Duree9h;Touriste Français;All-FIMU;6720
2016-05-02;Lundi;Duree9h;Touriste Etranger;All-FIMU;8097
2016-05-02;Lundi;Duree10h;Résident ;All-FIMU;6565
2016-05-02;Lundi;Duree10h;Touriste Français;All-FIMU;6895
2016-05-02;Lundi;Duree10h;Touriste Etranger;All-FIMU;#
2016-05-02;Lundi;Duree10h-18h;Résident ;All-FIMU;3360
2016-05-02;Lundi;Duree10h-18h;Touriste Français;All-FIMU;1291
2016-05-02;Lundi;Duree10h-18h;Touriste Etranger;All-FIMU;3380
2016-05-03;Mardi;Duree1h;Résident ;All-FIMU;1684
2016-05-03;Mardi;Duree1h;Touriste Français;All-FIMU;4142
2016-05-03;Mardi;Duree1h;Touriste Etranger;All-FIMU;9767
2016-05-03;Mardi;Duree2h;Résident ;All-FIMU;2590
2016-05-03;Mardi;Duree2h;Touriste Français;All-FIMU;1109
2016-05-03;Mardi;Duree2h;Touriste Etranger;All-FIMU;9427
2016-05-03;Mardi;Duree3h;Résident ;All-FIMU;9959
2016-05-03;Mardi;Duree3h;Touriste Français;All-FIMU;3183
2016-05-03;Mardi;Duree3h;Touriste Etranger;All-FIMU;7817
2016-05-03;Mardi;Duree4h;Résident ;All-FIMU;9849
2016-05-03;Mardi;Duree4h;Touriste Français;All-FIMU;3372
2016-05-03;Mardi;Duree4h;Touriste Etranger;All-FIMU;9917
2016-05-03;Mardi;Duree5h;Résident ;All-FIMU;4558
2016-05-03;Mardi;Duree5h;Touriste Français;All-FIMU;6352
2016-05-03;Mardi;Duree5h;Touriste Etranger;All-FIMU;4265
2016-05-03;Mardi;Duree6h;Résident ;All-FIMU;3776
2016-05-03;Mardi;Duree6h;Touriste Français;All-FIMU;2012
2016-05-03;Mardi;Duree6h;Touriste Etranger;All-FIMU;6785
2016-05-03;Mardi;Duree7h;Résident ;All-FIMU;7649
2016-05-03;Mardi;Duree7h;Touriste Français;All-FIMU;7532
2016-05-03;Mardi;Duree7h;Touriste Etranger;All-FIMU;#
2016-05-03;Mardi;Duree8h;Résident ;All-FIMU;3165
2016-05-03;Mardi;Duree8h;Touriste Français;All-FIMU;4358
2016-05-03;Mardi;Duree8h;Touriste Etranger;All-FIMU;#
2016-05-03;Mardi;Duree9h;Résident ;All-FIMU;3210
2016-05-03;Mardi;Duree9h;Touriste Français;All-FIMU;5004
2016-05-03;Mardi;Duree9h;Touriste Etranger;All-FIMU;#
2016-05-03;Mardi;Duree10h;Résident ;All-FIMU;1829
2016-05-03;Mardi;Duree10h;Touriste Français;All-FIMU;7969
2016-05-03;Mardi;Duree10h;Touriste Etranger;All-FIMU;#
2016-05-03;Mardi;Duree10h-18h;Résident ;All-FIMU;2334
2016-05-03;Mardi;Duree10h-18h;Touriste Français;All-FIMU;8128
2016-05-03;Mardi;Duree10h-18h;Touriste Etranger;All-FIMU;2455
2016-05-04;Mercredi;Duree1h;Résident ;All-FIMU;8378
2016-05-04;Mercredi;Duree1h;Touriste Français;All-FIMU;4258
2016-05-04;Mercredi;Duree1h;Touriste Etranger;All-FIMU;1708
2016-05-04;Mercredi;Duree2h;Résident ;All-FIMU;4960
2016-05-04;Mercredi;Duree2h;Touriste Français;All-FIMU;5273
2016-05-04;Mercredi;Duree2h;Touriste Etranger;All-FIMU;8855
2016-05-04;Mercredi;Duree3h;Résident ;All-FIMU;4062
2016-05-04;Mercredi;Duree3h;Touriste Français;All-FIMU;8022
2016-05-04;Mercredi;Duree3h;Touriste Etranger;All-FIMU;6334
2016-05-04;Mercredi;Duree4h;Résident ;All-FIMU;8135
2016-05-04;Mercredi;Duree4h;Touriste Français;All-FIMU;6844
2016-05-04;Mercredi;Duree4h;Touriste Etranger;All-FIMU;4378
2016-05-04;Mercredi;Duree5h;Résident ;All-FIMU;4521
2016-05-04;Mercredi;Duree5h;Touriste Français;All-FIMU;4425
2016-05-04;Mercredi;Duree5h;Touriste Etranger;All-FIMU;3962
2016-05-04;Mercredi;Duree6h;Résident ;All-FIMU;9493
2016-05-04;Mercredi;Duree6h;Touriste Français;All-FIMU;4924
2016-05-04;Mercredi;Duree6h;Touriste Etranger;All-FIMU;6990
2016-05-04;Mercredi;Duree7h;Résident ;All-FIMU;8459
2016-05-04;Mercredi;Duree7h;Touriste Français;All-FIMU;5294
2016-05-04;Mercredi;Duree7h;Touriste Etranger;All-FIMU;#
2016-05-04;Mercredi;Duree8h;Résident ;All-FIMU;436
2016-05-04;Mercredi;Duree8h;Touriste Français;All-FIMU;138
2016-05-04;Mercredi;Duree8h;Touriste Etranger;All-FIMU;#
2016-05-04;Mercredi;Duree9h;Résident ;All-FIMU;8877
2016-05-04;Mercredi;Duree9h;Touriste Français;All-FIMU;1507
2016-05-04;Mercredi;Duree9h;Touriste Etranger;All-FIMU;#
2016-05-04;Mercredi;Duree10h;Résident ;All-FIMU;6464
2016-05-04;Mercredi;Duree10h;Touriste Français;All-FIMU;3842
2016-05-04;Mercredi;Duree10h;Touriste Etranger;All-FIMU;#
2016-05-04;Mercredi;Duree10h-18h;Résident ;All-FIMU;1268
2016-05-04;Mercredi;Duree10h-18h;Touriste Français;All-FIMU;5126
2016-05-04;Mercredi;Duree10h-18h;Touriste Etranger;All-FIMU;1367
2016-05-05;Jeudi;Duree1h;Résident ;All-FIMU;8480
2016-05-05;Jeudi;Duree1h;Touriste Français;All-FIMU;6092
2016-05-05;Jeudi;Duree1h;Touriste Etranger;All-FIMU;3509
2016-05-05;Jeudi;Duree2h;Résident ;All-FIMU;9457
2016-05-05;Jeudi;Duree2h;Touriste Français;All-FIMU;3885
2016-05-05;Jeudi;Duree2h;Touriste Etranger;All-FIMU;5745
2016-05-05;Jeudi;Duree3h;Résident ;All-FIMU;5406
2016-05-05;Jeudi;Duree3h;Touriste Français;All-FIMU;5920
2016-05-05;Jeudi;Duree3h;Touriste Etranger;All-FIMU;7701
2016-05-05;Jeudi;Duree4h;Résident ;All-FIMU;1042
2016-05-05;Jeudi;Duree4h;Touriste Français;All-FIMU;4178
2016-05-05;Jeudi;Duree4h;Touriste Etranger;All-FIMU;3313
2016-05-05;Jeudi;Duree5h;Résident ;All-FIMU;56
2016-05-05;Jeudi;Duree5h;Touriste Français;All-FIMU;594
2016-05-05;Jeudi;Duree5h;Touriste Etranger;All-FIMU;3009
2016-05-05;Jeudi;Duree6h;Résident ;All-FIMU;4343
2016-05-05;Jeudi;Duree6h;Touriste Français;All-FIMU;9956
2016-05-05;Jeudi;Duree6h;Touriste Etranger;All-FIMU;9964
2016-05-05;Jeudi;Duree7h;Résident ;All-FIMU;6954
2016-05-05;Jeudi;Duree7h;Touriste Français;All-FIMU;1936
2016-05-05;Jeudi;Duree7h;Touriste Etranger;All-FIMU;5717
2016-05-05;Jeudi;Duree8h;Résident ;All-FIMU;1645
2016-05-05;Jeudi;Duree8h;Touriste Français;All-FIMU;9561
2016-05-05;Jeudi;Duree8h;Touriste Etranger;All-FIMU;407
2016-05-05;Jeudi;Duree9h;Résident ;All-FIMU;1746
2016-05-05;Jeudi;Duree9h;Touriste Français;All-FIMU;8145
2016-05-05;Jeudi;Duree9h;Touriste Etranger;All-FIMU;5240
2016-05-05;Jeudi;Duree10h;Résident ;All-FIMU;5678
2016-05-05;Jeudi;Duree10h;Touriste Français;All-FIMU;4584
2016-05-05;Jeudi;Duree10h;Touriste Etranger;All-FIMU;#
2016-05-05;Jeudi;Duree10h-18h;Résident ;All-FIMU;4477
2016-05-05;Jeudi;Duree10h-18h;Touriste Français;All-FIMU;1454
2016-05-05;Jeudi;Duree10h-18h;Touriste Etranger;All-FIMU;1460
2016-05-06;Vendredi;Duree1h;Résident ;All-FIMU;4260
2016-05-06;Vendredi;Duree1h;Touriste Français;All-FIMU;8339
2016-05-06;Vendredi;Duree1h;Touriste Etranger;All-FIMU;7267
2016-05-06;Vendredi;Duree2h;Résident ;All-FIMU;8750
2016-05-06;Vendredi;Duree2h;Touriste Français;All-FIMU;1352
2016-05-06;Vendredi;Duree2h;Touriste Etranger;All-FIMU;6481
2016-05-06;Vendredi;Duree3h;Résident ;All-FIMU;1304
2016-05-06;Vendredi;Duree3h;Touriste Français;All-FIMU;804
2016-05-06;Vendredi;Duree3h;Touriste Etranger;All-FIMU;3699
2016-05-06;Vendredi;Duree4h;Résident ;All-FIMU;9083
2016-05-06;Vendredi;Duree4h;Touriste Français;All-FIMU;3865
2016-05-06;Vendredi;Duree4h;Touriste Etranger;All-FIMU;5566
2016-05-06;Vendredi;Duree5h;Résident ;All-FIMU;9562
2016-05-06;Vendredi;Duree5h;Touriste Français;All-FIMU;5126
2016-05-06;Vendredi;Duree5h;Touriste Etranger;All-FIMU;87
2016-05-06;Vendredi;Duree6h;Résident ;All-FIMU;6785
2016-05-06;Vendredi;Duree6h;Touriste Français;All-FIMU;7694
2016-05-06;Vendredi;Duree6h;Touriste Etranger;All-FIMU;5569
2016-05-06;Vendredi;Duree7h;Résident ;All-FIMU;2345
2016-05-06;Vendredi;Duree7h;Touriste Français;All-FIMU;6384
2016-05-06;Vendredi;Duree7h;Touriste Etranger;All-FIMU;3102
2016-05-06;Vendredi;Duree8h;Résident ;All-FIMU;2208
2016-05-06;Vendredi;Duree8h;Touriste Français;All-FIMU;5118
2016-05-06;Vendredi;Duree8h;Touriste Etranger;All-FIMU;7553
2016-05-06;Vendredi;Duree9h;Résident ;All-FIMU;1206
2016-05-06;Vendredi;Duree9h;Touriste Français;All-FIMU;8241
2016-05-06;Vendredi;Duree9h;Touriste Etranger;All-FIMU;#
2016-05-06;Vendredi;Duree10h;Résident ;All-FIMU;2474
2016-05-06;Vendredi;Duree10h;Touriste Français;All-FIMU;5296
2016-05-06;Vendredi;Duree10h;Touriste Etranger;All-FIMU;#
2016-05-06;Vendredi;Duree10h-18h;Résident ;All-FIMU;9992
2016-05-06;Vendredi;Duree10h-18h;Touriste Français;All-FIMU;7280
2016-05-06;Vendredi;Duree10h-18h;Touriste Etranger;All-FIMU;9340
2016-05-07;Samedi;Duree1h;Résident ;All-FIMU;9326
2016-05-07;Samedi;Duree1h;Touriste Français;All-FIMU;661
2016-05-07;Samedi;Duree1h;Touriste Etranger;All-FIMU;4665
2016-05-07;Samedi;Duree2h;Résident ;All-FIMU;2257
2016-05-07;Samedi;Duree2h;Touriste Français;All-FIMU;5683
2016-05-07;Samedi;Duree2h;Touriste Etranger;All-FIMU;6842
2016-05-07;Samedi;Duree3h;Résident ;All-FIMU;3660
2016-05-07;Samedi;Duree3h;Touriste Français;All-FIMU;1238
2016-05-07;Samedi;Duree3h;Touriste Etranger;All-FIMU;4347
2016-05-07;Samedi;Duree4h;Résident ;All-FIMU;2290
2016-05-07;Samedi;Duree4h;Touriste Français;All-FIMU;3502
2016-05-07;Samedi;Duree4h;Touriste Etranger;All-FIMU;8118
2016-05-07;Samedi;Duree5h;Résident ;All-FIMU;7981
2016-05-07;Samedi;Duree5h;Touriste Français;All-FIMU;7557
2016-05-07;Samedi;Duree5h;Touriste Etranger;All-FIMU;4416
2016-05-07;Samedi;Duree6h;Résident ;All-FIMU;1963
2016-05-07;Samedi;Duree6h;Touriste Français;All-FIMU;8290
2016-05-07;Samedi;Duree6h;Touriste Etranger;All-FIMU;3667
2016-05-07;Samedi;Duree7h;Résident ;All-FIMU;9884
2016-05-07;Samedi;Duree7h;Touriste Français;All-FIMU;3352
2016-05-07;Samedi;Duree7h;Touriste Etranger;All-FIMU;4092
2016-05-07;Samedi;Duree8h;Résident ;All-FIMU;6526
2016-05-07;Samedi;Duree8h;Touriste Français;All-FIMU;4605
2016-05-07;Samedi;Duree8h;Touriste Etranger;All-FIMU;5174
2016-05-07;Samedi;Duree9h;Résident ;All-FIMU;1758
2016-05-07;Samedi;Duree9h;Touriste Français;All-FIMU;3519
2016-05-07;Samedi;Duree9h;Touriste Etranger;All-FIMU;3282
2016-05-07;Samedi;Duree10h;Résident ;All-FIMU;6043
2016-05-07;Samedi;Duree10h;Touriste Français;All-FIMU;5863
2016-05-07;Samedi;Duree10h;Touriste Etranger;All-FIMU;#
2016-05-07;Samedi;Duree10h-18h;Résident ;All-FIMU;7440
2016-05-07;Samedi;Duree10h-18h;Touriste Français;All-FIMU;794
2016-05-07;Samedi;Duree10h-18h;Touriste Etranger;All-FIMU;2842
2016-05-08;Dimanche;Duree1h;Résident ;All-FIMU;7814
2016-05-08;Dimanche;Duree1h;Touriste Français;All-FIMU;7318
2016-05-08;Dimanche;Duree1h;Touriste Etranger;All-FIMU;1469
2016-05-08;Dimanche;Duree2h;Résident ;All-FIMU;6312
2016-05-08;Dimanche;Duree2h;Touriste Français;All-FIMU;9459
2016-05-08;Dimanche;Duree2h;Touriste Etranger;All-FIMU;8834
2016-05-08;Dimanche;Duree3h;Résident ;All-FIMU;6001
2016-05-08;Dimanche;Duree3h;Touriste Français;All-FIMU;6591
2016-05-08;Dimanche;Duree3h;Touriste Etranger;All-FIMU;4935
2016-05-08;Dimanche;Duree4h;Résident ;All-FIMU;2074
2016-05-08;Dimanche;Duree4h;Touriste Français;All-FIMU;9492
2016-05-08;Dimanche;Duree4h;Touriste Etranger;All-FIMU;6822
2016-05-08;Dimanche;Duree5h;Résident ;All-FIMU;5476
2016-05-08;Dimanche;Duree5h;Touriste Français;All-FIMU;7480
2016-05-08;Dimanche;Duree5h;Touriste Etranger;All-FIMU;9625
2016-05-08;Dimanche;Duree6h;Résident ;All-FIMU;2976
2016-05-08;Dimanche;Duree6h;Touriste Français;All-FIMU;5844
2016-05-08;Dimanche;Duree6h;Touriste Etranger;All-FIMU;196
2016-05-08;Dimanche;Duree7h;Résident ;All-FIMU;743
2016-05-08;Dimanche;Duree7h;Touriste Français;All-FIMU;9282
2016-05-08;Dimanche;Duree7h;Touriste Etranger;All-FIMU;4652
2016-05-08;Dimanche;Duree8h;Résident ;All-FIMU;1758
2016-05-08;Dimanche;Duree8h;Touriste Français;All-FIMU;51
2016-05-08;Dimanche;Duree8h;Touriste Etranger;All-FIMU;#
2016-05-08;Dimanche;Duree9h;Résident ;All-FIMU;8325
2016-05-08;Dimanche;Duree9h;Touriste Français;All-FIMU;6221
2016-05-08;Dimanche;Duree9h;Touriste Etranger;All-FIMU;#
2016-05-08;Dimanche;Duree10h;Résident ;All-FIMU;6087
2016-05-08;Dimanche;Duree10h;Touriste Français;All-FIMU;2784
2016-05-08;Dimanche;Duree10h;Touriste Etranger;All-FIMU;#
2016-05-08;Dimanche;Duree10h-18h;Résident ;All-FIMU;6975
2016-05-08;Dimanche;Duree10h-18h;Touriste Français;All-FIMU;5350
2016-05-08;Dimanche;Duree10h-18h;Touriste Etranger;All-FIMU;2968
2016-05-09;Lundi;Duree1h;Résident ;All-FIMU;6376
2016-05-09;Lundi;Duree1h;Touriste Français;All-FIMU;9290
2016-05-09;Lundi;Duree1h;Touriste Etranger;All-FIMU;60
2016-05-09;Lundi;Duree2h;Résident ;All-FIMU;4340
2016-05-09;Lundi;Duree2h;Touriste Français;All-FIMU;3975
2016-05-09;Lundi;Duree2h;Touriste Etranger;All-FIMU;6578
2016-05-09;Lundi;Duree3h;Résident ;All-FIMU;8258
2016-05-09;Lundi;Duree3h;Touriste Français;All-FIMU;6963
2016-05-09;Lundi;Duree3h;Touriste Etranger;All-FIMU;5278
2016-05-09;Lundi;Duree4h;Résident ;All-FIMU;7278
2016-05-09;Lundi;Duree4h;Touriste Français;All-FIMU;168
2016-05-09;Lundi;Duree4h;Touriste Etranger;All-FIMU;655
2016-05-09;Lundi;Duree5h;Résident ;All-FIMU;6374
2016-05-09;Lundi;Duree5h;Touriste Français;All-FIMU;6152
2016-05-09;Lundi;Duree5h;Touriste Etranger;All-FIMU;4013
2016-05-09;Lundi;Duree6h;Résident ;All-FIMU;423
2016-05-09;Lundi;Duree6h;Touriste Français;All-FIMU;4016
2016-05-09;Lundi;Duree6h;Touriste Etranger;All-FIMU;3575
2016-05-09;Lundi;Duree7h;Résident ;All-FIMU;9920
2016-05-09;Lundi;Duree7h;Touriste Français;All-FIMU;1028
2016-05-09;Lundi;Duree7h;Touriste Etranger;All-FIMU;8876
2016-05-09;Lundi;Duree8h;Résident ;All-FIMU;2535
2016-05-09;Lundi;Duree8h;Touriste Français;All-FIMU;1505
2016-05-09;Lundi;Duree8h;Touriste Etranger;All-FIMU;#
2016-05-09;Lundi;Duree9h;Résident ;All-FIMU;4838
2016-05-09;Lundi;Duree9h;Touriste Français;All-FIMU;3088
2016-05-09;Lundi;Duree9h;Touriste Etranger;All-FIMU;#
2016-05-09;Lundi;Duree10h;Résident ;All-FIMU;4847
2016-05-09;Lundi;Duree10h;Touriste Français;All-FIMU;3680
2016-05-09;Lundi;Duree10h;Touriste Etranger;All-FIMU;#
2016-05-09;Lundi;Duree10h-18h;Résident ;All-FIMU;2109
2016-05-09;Lundi;Duree10h-18h;Touriste Français;All-FIMU;912
2016-05-09;Lundi;Duree10h-18h;Touriste Etranger;All-FIMU;6043
2016-05-10;Mardi;Duree1h;Résident ;All-FIMU;9280
2016-05-10;Mardi;Duree1h;Touriste Français;All-FIMU;4167
2016-05-10;Mardi;Duree1h;Touriste Etranger;All-FIMU;7299
2016-05-10;Mardi;Duree2h;Résident ;All-FIMU;3374
2016-05-10;Mardi;Duree2h;Touriste Français;All-FIMU;5729
2016-05-10;Mardi;Duree2h;Touriste Etranger;All-FIMU;42
2016-05-10;Mardi;Duree3h;Résident ;All-FIMU;1807
2016-05-10;Mardi;Duree3h;Touriste Français;All-FIMU;4046
2016-05-10;Mardi;Duree3h;Touriste Etranger;All-FIMU;7124
2016-05-10;Mardi;Duree4h;Résident ;All-FIMU;3738
2016-05-10;Mardi;Duree4h;Touriste Français;All-FIMU;2811
2016-05-10;Mardi;Duree4h;Touriste Etranger;All-FIMU;2856
2016-05-10;Mardi;Duree5h;Résident ;All-FIMU;964
2016-05-10;Mardi;Duree5h;Touriste Français;All-FIMU;7549
2016-05-10;Mardi;Duree5h;Touriste Etranger;All-FIMU;1023
2016-05-10;Mardi;Duree6h;Résident ;All-FIMU;6595
2016-05-10;Mardi;Duree6h;Touriste Français;All-FIMU;4009
2016-05-10;Mardi;Duree6h;Touriste Etranger;All-FIMU;6117
2016-05-10;Mardi;Duree7h;Résident ;All-FIMU;7772
2016-05-10;Mardi;Duree7h;Touriste Français;All-FIMU;3171
2016-05-10;Mardi;Duree7h;Touriste Etranger;All-FIMU;703
2016-05-10;Mardi;Duree8h;Résident ;All-FIMU;148
2016-05-10;Mardi;Duree8h;Touriste Français;All-FIMU;5443
2016-05-10;Mardi;Duree8h;Touriste Etranger;All-FIMU;#
2016-05-10;Mardi;Duree9h;Résident ;All-FIMU;3618
2016-05-10;Mardi;Duree9h;Touriste Français;All-FIMU;566
2016-05-10;Mardi;Duree9h;Touriste Etranger;All-FIMU;#
2016-05-10;Mardi;Duree10h;Résident ;All-FIMU;4583
2016-05-10;Mardi;Duree10h;Touriste Français;All-FIMU;9182
2016-05-10;Mardi;Duree10h;Touriste Etranger;All-FIMU;#
2016-05-10;Mardi;Duree10h-18h;Résident ;All-FIMU;3092
2016-05-10;Mardi;Duree10h-18h;Touriste Français;All-FIMU;4451
2016-05-10;Mardi;Duree10h-18h;Touriste Etranger;All-FIMU;8156
2016-05-11;Mercredi;Duree1h;Résident ;All-FIMU;4515
2016-05-11;Mercredi;Duree1h;Touriste Français;All-FIMU;7748
2016-05-11;Mercredi;Duree1h;Touriste Etranger;All-FIMU;8987
2016-05-11;Mercredi;Duree2h;Résident ;All-FIMU;5225
2016-05-11;Mercredi;Duree2h;Touriste Français;All-FIMU;1248
2016-05-11;Mercredi;Duree2h;Touriste Etranger;All-FIMU;7161
2016-05-11;Mercredi;Duree3h;Résident ;All-FIMU;3845
2016-05-11;Mercredi;Duree3h;Touriste Français;All-FIMU;1678
2016-05-11;Mercredi;Duree3h;Touriste Etranger;All-FIMU;6151
2016-05-11;Mercredi;Duree4h;Résident ;All-FIMU;1238
2016-05-11;Mercredi;Duree4h;Touriste Français;All-FIMU;6487
2016-05-11;Mercredi;Duree4h;Touriste Etranger;All-FIMU;8423
2016-05-11;Mercredi;Duree5h;Résident ;All-FIMU;447
2016-05-11;Mercredi;Duree5h;Touriste Français;All-FIMU;8689
2016-05-11;Mercredi;Duree5h;Touriste Etranger;All-FIMU;2162
2016-05-11;Mercredi;Duree6h;Résident ;All-FIMU;7464
2016-05-11;Mercredi;Duree6h;Touriste Français;All-FIMU;9028
2016-05-11;Mercredi;Duree6h;Touriste Etranger;All-FIMU;8854
2016-05-11;Mercredi;Duree7h;Résident ;All-FIMU;4589
2016-05-11;Mercredi;Duree7h;Touriste Français;All-FIMU;8263
2016-05-11;Mercredi;Duree7h;Touriste Etranger;All-FIMU;1290
2016-05-11;Mercredi;Duree8h;Résident ;All-FIMU;6878
2016-05-11;Mercredi;Duree8h;Touriste Français;All-FIMU;6804
2016-05-11;Mercredi;Duree8h;Touriste Etranger;All-FIMU;8184
2016-05-11;Mercredi;Duree9h;Résident ;All-FIMU;4968
2016-05-11;Mercredi;Duree9h;Touriste Français;All-FIMU;6111
2016-05-11;Mercredi;Duree9h;Touriste Etranger;All-FIMU;1354
2016-05-11;Mercredi;Duree10h;Résident ;All-FIMU;8520
2016-05-11;Mercredi;Duree10h;Touriste Français;All-FIMU;5946
2016-05-11;Mercredi;Duree10h;Touriste Etranger;All-FIMU;#
2016-05-11;Mercredi;Duree10h-18h;Résident ;All-FIMU;613
2016-05-11;Mercredi;Duree10h-18h;Touriste Français;All-FIMU;3260
2016-05-11;Mercredi;Duree10h-18h;Touriste Etranger;All-FIMU;4586
2016-05-12;Jeudi;Duree1h;Résident ;All-FIMU;633
2016-05-12;Jeudi;Duree1h;Touriste Français;All-FIMU;8970
2016-05-12;Jeudi;Duree1h;Touriste Etranger;All-FIMU;6898
2016-05-12;Jeudi;Duree2h;Résident ;All-FIMU;8641
2016-05-12;Jeudi;Duree2h;Touriste Français;All-FIMU;7535
2016-05-12;Jeudi;Duree2h;Touriste Etranger;All-FIMU;9886
2016-05-12;Jeudi;Duree3h;Résident ;All-FIMU;2987
2016-05-12;Jeudi;Duree3h;Touriste Français;All-FIMU;5222
2016-05-12;Jeudi;Duree3h;Touriste Etranger;All-FIMU;7501
2016-05-12;Jeudi;Duree4h;Résident ;All-FIMU;5212
2016-05-12;Jeudi;Duree4h;Touriste Français;All-FIMU;4390
2016-05-12;Jeudi;Duree4h;Touriste Etranger;All-FIMU;825
2016-05-12;Jeudi;Duree5h;Résident ;All-FIMU;2722
2016-05-12;Jeudi;Duree5h;Touriste Français;All-FIMU;212
2016-05-12;Jeudi;Duree5h;Touriste Etranger;All-FIMU;1731
2016-05-12;Jeudi;Duree6h;Résident ;All-FIMU;2142
2016-05-12;Jeudi;Duree6h;Touriste Français;All-FIMU;3621
2016-05-12;Jeudi;Duree6h;Touriste Etranger;All-FIMU;7978
2016-05-12;Jeudi;Duree7h;Résident ;All-FIMU;61
2016-05-12;Jeudi;Duree7h;Touriste Français;All-FIMU;7715
2016-05-12;Jeudi;Duree7h;Touriste Etranger;All-FIMU;5905
2016-05-12;Jeudi;Duree8h;Résident ;All-FIMU;2214
2016-05-12;Jeudi;Duree8h;Touriste Français;All-FIMU;4992
2016-05-12;Jeudi;Duree8h;Touriste Etranger;All-FIMU;#
2016-05-12;Jeudi;Duree9h;Résident ;All-FIMU;6234
2016-05-12;Jeudi;Duree9h;Touriste Français;All-FIMU;951
2016-05-12;Jeudi;Duree9h;Touriste Etranger;All-FIMU;#
2016-05-12;Jeudi;Duree10h;Résident ;All-FIMU;3650
2016-05-12;Jeudi;Duree10h;Touriste Français;All-FIMU;145
2016-05-12;Jeudi;Duree10h;Touriste Etranger;All-FIMU;#
2016-05-12;Jeudi;Duree10h-18h;Résident ;All-FIMU;5511
2016-05-12;Jeudi;Duree10h-18h;Touriste Français;All-FIMU;6764
2016-05-12;Jeudi;Duree10h-18h;Touriste Etranger;All-FIMU;6361
2016-05-13;Vendredi;Duree1h;Résident ;All-FIMU;6126
2016-05-13;Vendredi;Duree1h;Touriste Français;All-FIMU;6741
2016-05-13;Vendredi;Duree1h;Touriste Etranger;All-FIMU;2204
2016-05-13;Vendredi;Duree2h;Résident ;All-FIMU;1832
2016-05-13;Vendredi;Duree2h;Touriste Français;All-FIMU;2395
2016-05-13;Vendredi;Duree2h;Touriste Etranger;All-FIMU;4052
2016-05-13;Vendredi;Duree3h;Résident ;All-FIMU;5102
2016-05-13;Vendredi;Duree3h;Touriste Français;All-FIMU;3304
2016-05-13;Vendredi;Duree3h;Touriste Etranger;All-FIMU;4230
2016-05-13;Vendredi;Duree4h;Résident ;All-FIMU;4572
2016-05-13;Vendredi;Duree4h;Touriste Français;All-FIMU;6148
2016-05-13;Vendredi;Duree4h;Touriste Etranger;All-FIMU;9531
2016-05-13;Vendredi;Duree5h;Résident ;All-FIMU;1316
2016-05-13;Vendredi;Duree5h;Touriste Français;All-FIMU;4177
2016-05-13;Vendredi;Duree5h;Touriste Etranger;All-FIMU;7822
2016-05-13;Vendredi;Duree6h;Résident ;All-FIMU;7945
2016-05-13;Vendredi;Duree6h;Touriste Français;All-FIMU;6218
2016-05-13;Vendredi;Duree6h;Touriste Etranger;All-FIMU;3508
2016-05-13;Vendredi;Duree7h;Résident ;All-FIMU;253
2016-05-13;Vendredi;Duree7h;Touriste Français;All-FIMU;8130
2016-05-13;Vendredi;Duree7h;Touriste Etranger;All-FIMU;3546
2016-05-13;Vendredi;Duree8h;Résident ;All-FIMU;9916
2016-05-13;Vendredi;Duree8h;Touriste Français;All-FIMU;3468
2016-05-13;Vendredi;Duree8h;Touriste Etranger;All-FIMU;3204
2016-05-13;Vendredi;Duree9h;Résident ;All-FIMU;2467
2016-05-13;Vendredi;Duree9h;Touriste Français;All-FIMU;2433
2016-05-13;Vendredi;Duree9h;Touriste Etranger;All-FIMU;7645
2016-05-13;Vendredi;Duree10h;Résident ;All-FIMU;5788
2016-05-13;Vendredi;Duree10h;Touriste Français;All-FIMU;9423
2016-05-13;Vendredi;Duree10h;Touriste Etranger;All-FIMU;3701
2016-05-13;Vendredi;Duree10h-18h;Résident ;All-FIMU;2043
2016-05-13;Vendredi;Duree10h-18h;Touriste Français;All-FIMU;6823
2016-05-13;Vendredi;Duree10h-18h;Touriste Etranger;All-FIMU;3602
2016-05-14;Samedi;Duree1h;Résident ;All-FIMU;2754
2016-05-14;Samedi;Duree1h;Touriste Français;All-FIMU;3466
2016-05-14;Samedi;Duree1h;Touriste Etranger;All-FIMU;8981
2016-05-14;Samedi;Duree2h;Résident ;All-FIMU;4463
2016-05-14;Samedi;Duree2h;Touriste Français;All-FIMU;7876
2016-05-14;Samedi;Duree2h;Touriste Etranger;All-FIMU;8646
2016-05-14;Samedi;Duree3h;Résident ;All-FIMU;5769
2016-05-14;Samedi;Duree3h;Touriste Français;All-FIMU;2459
2016-05-14;Samedi;Duree3h;Touriste Etranger;All-FIMU;4666
2016-05-14;Samedi;Duree4h;Résident ;All-FIMU;6871
2016-05-14;Samedi;Duree4h;Touriste Français;All-FIMU;4417
2016-05-14;Samedi;Duree4h;Touriste Etranger;All-FIMU;9983
2016-05-14;Samedi;Duree5h;Résident ;All-FIMU;6348
2016-05-14;Samedi;Duree5h;Touriste Français;All-FIMU;1394
2016-05-14;Samedi;Duree5h;Touriste Etranger;All-FIMU;881
2016-05-14;Samedi;Duree6h;Résident ;All-FIMU;5572
2016-05-14;Samedi;Duree6h;Touriste Français;All-FIMU;3461
2016-05-14;Samedi;Duree6h;Touriste Etranger;All-FIMU;2890
2016-05-14;Samedi;Duree7h;Résident ;All-FIMU;7218
2016-05-14;Samedi;Duree7h;Touriste Français;All-FIMU;1377
2016-05-14;Samedi;Duree7h;Touriste Etranger;All-FIMU;6460
2016-05-14;Samedi;Duree8h;Résident ;All-FIMU;3508
2016-05-14;Samedi;Duree8h;Touriste Français;All-FIMU;9960
2016-05-14;Samedi;Duree8h;Touriste Etranger;All-FIMU;2423
2016-05-14;Samedi;Duree9h;Résident ;All-FIMU;5338
2016-05-14;Samedi;Duree9h;Touriste Français;All-FIMU;6368
2016-05-14;Samedi;Duree9h;Touriste Etranger;All-FIMU;2403
2016-05-14;Samedi;Duree10h;Résident ;All-FIMU;2088
2016-05-14;Samedi;Duree10h;Touriste Français;All-FIMU;3761
2016-05-14;Samedi;Duree10h;Touriste Etranger;All-FIMU;364
2016-05-14;Samedi;Duree10h-18h;Résident ;All-FIMU;7600
2016-05-14;Samedi;Duree10h-18h;Touriste Français;All-FIMU;5600
2016-05-14;Samedi;Duree10h-18h;Touriste Etranger;All-FIMU;3955
2016-05-15;Dimanche;Duree1h;Résident ;All-FIMU;6778
2016-05-15;Dimanche;Duree1h;Touriste Français;All-FIMU;6025
2016-05-15;Dimanche;Duree1h;Touriste Etranger;All-FIMU;4173
2016-05-15;Dimanche;Duree2h;Résident ;All-FIMU;4181
2016-05-15;Dimanche;Duree2h;Touriste Français;All-FIMU;7288
2016-05-15;Dimanche;Duree2h;Touriste Etranger;All-FIMU;7850
2016-05-15;Dimanche;Duree3h;Résident ;All-FIMU;4431
2016-05-15;Dimanche;Duree3h;Touriste Français;All-FIMU;6738
2016-05-15;Dimanche;Duree3h;Touriste Etranger;All-FIMU;4507
2016-05-15;Dimanche;Duree4h;Résident ;All-FIMU;2191
2016-05-15;Dimanche;Duree4h;Touriste Français;All-FIMU;869
2016-05-15;Dimanche;Duree4h;Touriste Etranger;All-FIMU;66
2016-05-15;Dimanche;Duree5h;Résident ;All-FIMU;4359
2016-05-15;Dimanche;Duree5h;Touriste Français;All-FIMU;4635
2016-05-15;Dimanche;Duree5h;Touriste Etranger;All-FIMU;8005
2016-05-15;Dimanche;Duree6h;Résident ;All-FIMU;668
2016-05-15;Dimanche;Duree6h;Touriste Français;All-FIMU;3085
2016-05-15;Dimanche;Duree6h;Touriste Etranger;All-FIMU;8038
2016-05-15;Dimanche;Duree7h;Résident ;All-FIMU;6917
2016-05-15;Dimanche;Duree7h;Touriste Français;All-FIMU;6629
2016-05-15;Dimanche;Duree7h;Touriste Etranger;All-FIMU;6295
2016-05-15;Dimanche;Duree8h;Résident ;All-FIMU;7389
2016-05-15;Dimanche;Duree8h;Touriste Français;All-FIMU;2021
2016-05-15;Dimanche;Duree8h;Touriste Etranger;All-FIMU;5907
2016-05-15;Dimanche;Duree9h;Résident ;All-FIMU;3791
2016-05-15;Dimanche;Duree9h;Touriste Français;All-FIMU;8856
2016-05-15;Dimanche;Duree9h;Touriste Etranger;All-FIMU;9031
2016-05-15;Dimanche;Duree10h;Résident ;All-FIMU;2118
2016-05-15;Dimanche;Duree10h;Touriste Français;All-FIMU;6828
2016-05-15;Dimanche;Duree10h;Touriste Etranger;All-FIMU;6340
2016-05-15;Dimanche;Duree10h-18h;Résident ;All-FIMU;1069
2016-05-15;Dimanche;Duree10h-18h;Touriste Français;All-FIMU;4876
2016-05-15;Dimanche;Duree10h-18h;Touriste Etranger;All-FIMU;7657
2016-05-16;Lundi;Duree1h;Résident ;All-FIMU;7175
2016-05-16;Lundi;Duree1h;Touriste Français;All-FIMU;1053
2016-05-16;Lundi;Duree1h;Touriste Etranger;All-FIMU;9978
2016-05-16;Lundi;Duree2h;Résident ;All-FIMU;6028
2016-05-16;Lundi;Duree2h;Touriste Français;All-FIMU;4438
2016-05-16;Lundi;Duree2h;Touriste Etranger;All-FIMU;5803
2016-05-16;Lundi;Duree3h;Résident ;All-FIMU;4074
2016-05-16;Lundi;Duree3h;Touriste Français;All-FIMU;3551
2016-05-16;Lundi;Duree3h;Touriste Etranger;All-FIMU;6367
2016-05-16;Lundi;Duree4h;Résident ;All-FIMU;8749
2016-05-16;Lundi;Duree4h;Touriste Français;All-FIMU;4480
2016-05-16;Lundi;Duree4h;Touriste Etranger;All-FIMU;3039
2016-05-16;Lundi;Duree5h;Résident ;All-FIMU;1277
2016-05-16;Lundi;Duree5h;Touriste Français;All-FIMU;9398
2016-05-16;Lundi;Duree5h;Touriste Etranger;All-FIMU;7076
2016-05-16;Lundi;Duree6h;Résident ;All-FIMU;3132
2016-05-16;Lundi;Duree6h;Touriste Français;All-FIMU;3723
2016-05-16;Lundi;Duree6h;Touriste Etranger;All-FIMU;185
2016-05-16;Lundi;Duree7h;Résident ;All-FIMU;6393
2016-05-16;Lundi;Duree7h;Touriste Français;All-FIMU;2771
2016-05-16;Lundi;Duree7h;Touriste Etranger;All-FIMU;7016
2016-05-16;Lundi;Duree8h;Résident ;All-FIMU;4416
2016-05-16;Lundi;Duree8h;Touriste Français;All-FIMU;447
2016-05-16;Lundi;Duree8h;Touriste Etranger;All-FIMU;6831
2016-05-16;Lundi;Duree9h;Résident ;All-FIMU;3139
2016-05-16;Lundi;Duree9h;Touriste Français;All-FIMU;3455
2016-05-16;Lundi;Duree9h;Touriste Etranger;All-FIMU;4798
2016-05-16;Lundi;Duree10h;Résident ;All-FIMU;6767
2016-05-16;Lundi;Duree10h;Touriste Français;All-FIMU;155
2016-05-16;Lundi;Duree10h;Touriste Etranger;All-FIMU;#
2016-05-16;Lundi;Duree10h-18h;Résident ;All-FIMU;9621
2016-05-16;Lundi;Duree10h-18h;Touriste Français;All-FIMU;3450
2016-05-16;Lundi;Duree10h-18h;Touriste Etranger;All-FIMU;4168
2016-05-17;Mardi;Duree1h;Résident ;All-FIMU;5684
2016-05-17;Mardi;Duree1h;Touriste Français;All-FIMU;6397
2016-05-17;Mardi;Duree1h;Touriste Etranger;All-FIMU;66
2016-05-17;Mardi;Duree2h;Résident ;All-FIMU;3432
2016-05-17;Mardi;Duree2h;Touriste Français;All-FIMU;5660
2016-05-17;Mardi;Duree2h;Touriste Etranger;All-FIMU;8962
2016-05-17;Mardi;Duree3h;Résident ;All-FIMU;8318
2016-05-17;Mardi;Duree3h;Touriste Français;All-FIMU;2484
2016-05-17;Mardi;Duree3h;Touriste Etranger;All-FIMU;4931
2016-05-17;Mardi;Duree4h;Résident ;All-FIMU;1713
2016-05-17;Mardi;Duree4h;Touriste Français;All-FIMU;9086
2016-05-17;Mardi;Duree4h;Touriste Etranger;All-FIMU;9305
2016-05-17;Mardi;Duree5h;Résident ;All-FIMU;1676
2016-05-17;Mardi;Duree5h;Touriste Français;All-FIMU;1548
2016-05-17;Mardi;Duree5h;Touriste Etranger;All-FIMU;6135
2016-05-17;Mardi;Duree6h;Résident ;All-FIMU;2460
2016-05-17;Mardi;Duree6h;Touriste Français;All-FIMU;9267
2016-05-17;Mardi;Duree6h;Touriste Etranger;All-FIMU;737
2016-05-17;Mardi;Duree7h;Résident ;All-FIMU;344
2016-05-17;Mardi;Duree7h;Touriste Français;All-FIMU;204
2016-05-17;Mardi;Duree7h;Touriste Etranger;All-FIMU;4467
2016-05-17;Mardi;Duree8h;Résident ;All-FIMU;6095
2016-05-17;Mardi;Duree8h;Touriste Français;All-FIMU;9924
2016-05-17;Mardi;Duree8h;Touriste Etranger;All-FIMU;7115
2016-05-17;Mardi;Duree9h;Résident ;All-FIMU;8473
2016-05-17;Mardi;Duree9h;Touriste Français;All-FIMU;3344
2016-05-17;Mardi;Duree9h;Touriste Etranger;All-FIMU;#
2016-05-17;Mardi;Duree10h;Résident ;All-FIMU;5392
2016-05-17;Mardi;Duree10h;Touriste Français;All-FIMU;2468
2016-05-17;Mardi;Duree10h;Touriste Etranger;All-FIMU;#
2016-05-17;Mardi;Duree10h-18h;Résident ;All-FIMU;1313
2016-05-17;Mardi;Duree10h-18h;Touriste Français;All-FIMU;6988
2016-05-17;Mardi;Duree10h-18h;Touriste Etranger;All-FIMU;959
2016-05-18;Mercredi;Duree1h;Résident ;All-FIMU;5348
2016-05-18;Mercredi;Duree1h;Touriste Français;All-FIMU;4416
2016-05-18;Mercredi;Duree1h;Touriste Etranger;All-FIMU;617
2016-05-18;Mercredi;Duree2h;Résident ;All-FIMU;7987
2016-05-18;Mercredi;Duree2h;Touriste Français;All-FIMU;1894
2016-05-18;Mercredi;Duree2h;Touriste Etranger;All-FIMU;6763
2016-05-18;Mercredi;Duree3h;Résident ;All-FIMU;3689
2016-05-18;Mercredi;Duree3h;Touriste Français;All-FIMU;9939
2016-05-18;Mercredi;Duree3h;Touriste Etranger;All-FIMU;6561
2016-05-18;Mercredi;Duree4h;Résident ;All-FIMU;9474
2016-05-18;Mercredi;Duree4h;Touriste Français;All-FIMU;9318
2016-05-18;Mercredi;Duree4h;Touriste Etranger;All-FIMU;1185
2016-05-18;Mercredi;Duree5h;Résident ;All-FIMU;6244
2016-05-18;Mercredi;Duree5h;Touriste Français;All-FIMU;9321
2016-05-18;Mercredi;Duree5h;Touriste Etranger;All-FIMU;3510
2016-05-18;Mercredi;Duree6h;Résident ;All-FIMU;4217
2016-05-18;Mercredi;Duree6h;Touriste Français;All-FIMU;7825
2016-05-18;Mercredi;Duree6h;Touriste Etranger;All-FIMU;9258
2016-05-18;Mercredi;Duree7h;Résident ;All-FIMU;8354
2016-05-18;Mercredi;Duree7h;Touriste Français;All-FIMU;3302
2016-05-18;Mercredi;Duree7h;Touriste Etranger;All-FIMU;7632
2016-05-18;Mercredi;Duree8h;Résident ;All-FIMU;5314
2016-05-18;Mercredi;Duree8h;Touriste Français;All-FIMU;3710
2016-05-18;Mercredi;Duree8h;Touriste Etranger;All-FIMU;#
2016-05-18;Mercredi;Duree9h;Résident ;All-FIMU;3814
2016-05-18;Mercredi;Duree9h;Touriste Français;All-FIMU;2691
2016-05-18;Mercredi;Duree9h;Touriste Etranger;All-FIMU;7386
2016-05-18;Mercredi;Duree10h;Résident ;All-FIMU;7548
2016-05-18;Mercredi;Duree10h;Touriste Français;All-FIMU;988
2016-05-18;Mercredi;Duree10h;Touriste Etranger;All-FIMU;#
2016-05-18;Mercredi;Duree10h-18h;Résident ;All-FIMU;4188
2016-05-18;Mercredi;Duree10h-18h;Touriste Français;All-FIMU;2811
2016-05-18;Mercredi;Duree10h-18h;Touriste Etranger;All-FIMU;9416
2016-05-19;Jeudi;Duree1h;Résident ;All-FIMU;641
2016-05-19;Jeudi;Duree1h;Touriste Français;All-FIMU;7350
2016-05-19;Jeudi;Duree1h;Touriste Etranger;All-FIMU;7198
2016-05-19;Jeudi;Duree2h;Résident ;All-FIMU;3642
2016-05-19;Jeudi;Duree2h;Touriste Français;All-FIMU;2300
2016-05-19;Jeudi;Duree2h;Touriste Etranger;All-FIMU;265
2016-05-19;Jeudi;Duree3h;Résident ;All-FIMU;9613
2016-05-19;Jeudi;Duree3h;Touriste Français;All-FIMU;6505
2016-05-19;Jeudi;Duree3h;Touriste Etranger;All-FIMU;8503
2016-05-19;Jeudi;Duree4h;Résident ;All-FIMU;1518
2016-05-19;Jeudi;Duree4h;Touriste Français;All-FIMU;8097
2016-05-19;Jeudi;Duree4h;Touriste Etranger;All-FIMU;3873
2016-05-19;Jeudi;Duree5h;Résident ;All-FIMU;1660
2016-05-19;Jeudi;Duree5h;Touriste Français;All-FIMU;959
2016-05-19;Jeudi;Duree5h;Touriste Etranger;All-FIMU;9983
2016-05-19;Jeudi;Duree6h;Résident ;All-FIMU;9559
2016-05-19;Jeudi;Duree6h;Touriste Français;All-FIMU;3738
2016-05-19;Jeudi;Duree6h;Touriste Etranger;All-FIMU;4022
2016-05-19;Jeudi;Duree7h;Résident ;All-FIMU;6887
2016-05-19;Jeudi;Duree7h;Touriste Français;All-FIMU;8449
2016-05-19;Jeudi;Duree7h;Touriste Etranger;All-FIMU;3231
2016-05-19;Jeudi;Duree8h;Résident ;All-FIMU;2122
2016-05-19;Jeudi;Duree8h;Touriste Français;All-FIMU;1642
2016-05-19;Jeudi;Duree8h;Touriste Etranger;All-FIMU;4827
2016-05-19;Jeudi;Duree9h;Résident ;All-FIMU;8843
2016-05-19;Jeudi;Duree9h;Touriste Français;All-FIMU;296
2016-05-19;Jeudi;Duree9h;Touriste Etranger;All-FIMU;#
2016-05-19;Jeudi;Duree10h;Résident ;All-FIMU;6871
2016-05-19;Jeudi;Duree10h;Touriste Français;All-FIMU;3055
2016-05-19;Jeudi;Duree10h;Touriste Etranger;All-FIMU;#
2016-05-19;Jeudi;Duree10h-18h;Résident ;All-FIMU;2413
2016-05-19;Jeudi;Duree10h-18h;Touriste Français;All-FIMU;8889
2016-05-19;Jeudi;Duree10h-18h;Touriste Etranger;All-FIMU;4308
2016-05-20;Vendredi;Duree1h;Résident ;All-FIMU;589
2016-05-20;Vendredi;Duree1h;Touriste Français;All-FIMU;395
2016-05-20;Vendredi;Duree1h;Touriste Etranger;All-FIMU;1565
2016-05-20;Vendredi;Duree2h;Résident ;All-FIMU;9166
2016-05-20;Vendredi;Duree2h;Touriste Français;All-FIMU;3018
2016-05-20;Vendredi;Duree2h;Touriste Etranger;All-FIMU;6709
2016-05-20;Vendredi;Duree3h;Résident ;All-FIMU;7622
2016-05-20;Vendredi;Duree3h;Touriste Français;All-FIMU;6478
2016-05-20;Vendredi;Duree3h;Touriste Etranger;All-FIMU;6396
2016-05-20;Vendredi;Duree4h;Résident ;All-FIMU;4623
2016-05-20;Vendredi;Duree4h;Touriste Français;All-FIMU;8794
2016-05-20;Vendredi;Duree4h;Touriste Etranger;All-FIMU;7569
2016-05-20;Vendredi;Duree5h;Résident ;All-FIMU;1688
2016-05-20;Vendredi;Duree5h;Touriste Français;All-FIMU;4860
2016-05-20;Vendredi;Duree5h;Touriste Etranger;All-FIMU;3700
2016-05-20;Vendredi;Duree6h;Résident ;All-FIMU;736
2016-05-20;Vendredi;Duree6h;Touriste Français;All-FIMU;5223
2016-05-20;Vendredi;Duree6h;Touriste Etranger;All-FIMU;5659
2016-05-20;Vendredi;Duree7h;Résident ;All-FIMU;6765
2016-05-20;Vendredi;Duree7h;Touriste Français;All-FIMU;9864
2016-05-20;Vendredi;Duree7h;Touriste Etranger;All-FIMU;#
2016-05-20;Vendredi;Duree8h;Résident ;All-FIMU;7041
2016-05-20;Vendredi;Duree8h;Touriste Français;All-FIMU;9721
2016-05-20;Vendredi;Duree8h;Touriste Etranger;All-FIMU;3445
2016-05-20;Vendredi;Duree9h;Résident ;All-FIMU;8464
2016-05-20;Vendredi;Duree9h;Touriste Français;All-FIMU;5398
2016-05-20;Vendredi;Duree9h;Touriste Etranger;All-FIMU;#
2016-05-20;Vendredi;Duree10h;Résident ;All-FIMU;3353
2016-05-20;Vendredi;Duree10h;Touriste Français;All-FIMU;9234
2016-05-20;Vendredi;Duree10h-18h;Résident ;All-FIMU;6386
2016-05-20;Vendredi;Duree10h-18h;Touriste Français;All-FIMU;6793
2016-05-20;Vendredi;Duree10h-18h;Touriste Etranger;All-FIMU;6326
2016-05-21;Samedi;Duree1h;Résident ;All-FIMU;8715
2016-05-21;Samedi;Duree1h;Touriste Français;All-FIMU;8607
2016-05-21;Samedi;Duree1h;Touriste Etranger;All-FIMU;5075
2016-05-21;Samedi;Duree2h;Résident ;All-FIMU;7418
2016-05-21;Samedi;Duree2h;Touriste Français;All-FIMU;5757
2016-05-21;Samedi;Duree2h;Touriste Etranger;All-FIMU;3336
2016-05-21;Samedi;Duree3h;Résident ;All-FIMU;4094
2016-05-21;Samedi;Duree3h;Touriste Français;All-FIMU;9901
2016-05-21;Samedi;Duree3h;Touriste Etranger;All-FIMU;2595
2016-05-21;Samedi;Duree4h;Résident ;All-FIMU;9976
2016-05-21;Samedi;Duree4h;Touriste Français;All-FIMU;2818
2016-05-21;Samedi;Duree4h;Touriste Etranger;All-FIMU;5210
2016-05-21;Samedi;Duree5h;Résident ;All-FIMU;7998
2016-05-21;Samedi;Duree5h;Touriste Français;All-FIMU;8983
2016-05-21;Samedi;Duree5h;Touriste Etranger;All-FIMU;5567
2016-05-21;Samedi;Duree6h;Résident ;All-FIMU;2299
2016-05-21;Samedi;Duree6h;Touriste Français;All-FIMU;9644
2016-05-21;Samedi;Duree6h;Touriste Etranger;All-FIMU;4746
2016-05-21;Samedi;Duree7h;Résident ;All-FIMU;1456
2016-05-21;Samedi;Duree7h;Touriste Français;All-FIMU;4586
2016-05-21;Samedi;Duree7h;Touriste Etranger;All-FIMU;3598
2016-05-21;Samedi;Duree8h;Résident ;All-FIMU;5882
2016-05-21;Samedi;Duree8h;Touriste Français;All-FIMU;9816
2016-05-21;Samedi;Duree8h;Touriste Etranger;All-FIMU;#
2016-05-21;Samedi;Duree9h;Résident ;All-FIMU;6523
2016-05-21;Samedi;Duree9h;Touriste Français;All-FIMU;4428
2016-05-21;Samedi;Duree9h;Touriste Etranger;All-FIMU;6674
2016-05-21;Samedi;Duree10h;Résident ;All-FIMU;9954
2016-05-21;Samedi;Duree10h;Touriste Français;All-FIMU;4552
2016-05-21;Samedi;Duree10h;Touriste Etranger;All-FIMU;#
2016-05-21;Samedi;Duree10h-18h;Résident ;All-FIMU;8154
2016-05-21;Samedi;Duree10h-18h;Touriste Français;All-FIMU;6665
2016-05-21;Samedi;Duree10h-18h;Touriste Etranger;All-FIMU;5445
2016-05-22;Dimanche;Duree1h;Résident ;All-FIMU;6958
2016-05-22;Dimanche;Duree1h;Touriste Français;All-FIMU;7494
2016-05-22;Dimanche;Duree1h;Touriste Etranger;All-FIMU;5401
2016-05-22;Dimanche;Duree2h;Résident ;All-FIMU;4294
2016-05-22;Dimanche;Duree2h;Touriste Français;All-FIMU;5195
2016-05-22;Dimanche;Duree2h;Touriste Etranger;All-FIMU;5710
2016-05-22;Dimanche;Duree3h;Résident ;All-FIMU;5494
2016-05-22;Dimanche;Duree3h;Touriste Français;All-FIMU;5992
2016-05-22;Dimanche;Duree3h;Touriste Etranger;All-FIMU;5637
2016-05-22;Dimanche;Duree4h;Résident ;All-FIMU;7387
2016-05-22;Dimanche;Duree4h;Touriste Français;All-FIMU;5869
2016-05-22;Dimanche;Duree4h;Touriste Etranger;All-FIMU;8815
2016-05-22;Dimanche;Duree5h;Résident ;All-FIMU;5071
2016-05-22;Dimanche;Duree5h;Touriste Français;All-FIMU;5920
2016-05-22;Dimanche;Duree5h;Touriste Etranger;All-FIMU;8428
2016-05-22;Dimanche;Duree6h;Résident ;All-FIMU;5893
2016-05-22;Dimanche;Duree6h;Touriste Français;All-FIMU;3658
2016-05-22;Dimanche;Duree6h;Touriste Etranger;All-FIMU;6538
2016-05-22;Dimanche;Duree7h;Résident ;All-FIMU;733
2016-05-22;Dimanche;Duree7h;Touriste Français;All-FIMU;2503
2016-05-22;Dimanche;Duree7h;Touriste Etranger;All-FIMU;9912
2016-05-22;Dimanche;Duree8h;Résident ;All-FIMU;3011
2016-05-22;Dimanche;Duree8h;Touriste Français;All-FIMU;2763
2016-05-22;Dimanche;Duree8h;Touriste Etranger;All-FIMU;#
2016-05-22;Dimanche;Duree9h;Résident ;All-FIMU;3839
2016-05-22;Dimanche;Duree9h;Touriste Français;All-FIMU;5659
2016-05-22;Dimanche;Duree9h;Touriste Etranger;All-FIMU;#
2016-05-22;Dimanche;Duree10h;Résident ;All-FIMU;4901
2016-05-22;Dimanche;Duree10h;Touriste Français;All-FIMU;9523
2016-05-22;Dimanche;Duree10h;Touriste Etranger;All-FIMU;#
2016-05-22;Dimanche;Duree10h-18h;Résident ;All-FIMU;2076
2016-05-22;Dimanche;Duree10h-18h;Touriste Français;All-FIMU;5259
2016-05-22;Dimanche;Duree10h-18h;Touriste Etranger;All-FIMU;8889
2016-05-23;Lundi;Duree1h;Résident ;All-FIMU;5437
2016-05-23;Lundi;Duree1h;Touriste Français;All-FIMU;22
2016-05-23;Lundi;Duree1h;Touriste Etranger;All-FIMU;8917
2016-05-23;Lundi;Duree2h;Résident ;All-FIMU;6171
2016-05-23;Lundi;Duree2h;Touriste Français;All-FIMU;6779
2016-05-23;Lundi;Duree2h;Touriste Etranger;All-FIMU;6580
2016-05-23;Lundi;Duree3h;Résident ;All-FIMU;9593
2016-05-23;Lundi;Duree3h;Touriste Français;All-FIMU;4283
2016-05-23;Lundi;Duree3h;Touriste Etranger;All-FIMU;2096
2016-05-23;Lundi;Duree4h;Résident ;All-FIMU;4524
2016-05-23;Lundi;Duree4h;Touriste Français;All-FIMU;751
2016-05-23;Lundi;Duree4h;Touriste Etranger;All-FIMU;1674
2016-05-23;Lundi;Duree5h;Résident ;All-FIMU;5357
2016-05-23;Lundi;Duree5h;Touriste Français;All-FIMU;7221
2016-05-23;Lundi;Duree5h;Touriste Etranger;All-FIMU;6691
2016-05-23;Lundi;Duree6h;Résident ;All-FIMU;3768
2016-05-23;Lundi;Duree6h;Touriste Français;All-FIMU;3194
2016-05-23;Lundi;Duree6h;Touriste Etranger;All-FIMU;7240
2016-05-23;Lundi;Duree7h;Résident ;All-FIMU;6805
2016-05-23;Lundi;Duree7h;Touriste Français;All-FIMU;9829
2016-05-23;Lundi;Duree7h;Touriste Etranger;All-FIMU;6056
2016-05-23;Lundi;Duree8h;Résident ;All-FIMU;4580
2016-05-23;Lundi;Duree8h;Touriste Français;All-FIMU;4860
2016-05-23;Lundi;Duree8h;Touriste Etranger;All-FIMU;#
2016-05-23;Lundi;Duree9h;Résident ;All-FIMU;4931
2016-05-23;Lundi;Duree9h;Touriste Français;All-FIMU;5712
2016-05-23;Lundi;Duree9h;Touriste Etranger;All-FIMU;#
2016-05-23;Lundi;Duree10h;Résident ;All-FIMU;6244
2016-05-23;Lundi;Duree10h;Touriste Français;All-FIMU;8740
2016-05-23;Lundi;Duree10h;Touriste Etranger;All-FIMU;#
2016-05-23;Lundi;Duree10h-18h;Résident ;All-FIMU;3976
2016-05-23;Lundi;Duree10h-18h;Touriste Français;All-FIMU;4543
2016-05-23;Lundi;Duree10h-18h;Touriste Etranger;All-FIMU;2107
2016-05-24;Mardi;Duree1h;Résident ;All-FIMU;2609
2016-05-24;Mardi;Duree1h;Touriste Français;All-FIMU;6638
2016-05-24;Mardi;Duree1h;Touriste Etranger;All-FIMU;5191
2016-05-24;Mardi;Duree2h;Résident ;All-FIMU;7565
2016-05-24;Mardi;Duree2h;Touriste Français;All-FIMU;6838
2016-05-24;Mardi;Duree2h;Touriste Etranger;All-FIMU;9388
2016-05-24;Mardi;Duree3h;Résident ;All-FIMU;1095
2016-05-24;Mardi;Duree3h;Touriste Français;All-FIMU;1014
2016-05-24;Mardi;Duree3h;Touriste Etranger;All-FIMU;2175
2016-05-24;Mardi;Duree4h;Résident ;All-FIMU;4288
2016-05-24;Mardi;Duree4h;Touriste Français;All-FIMU;9054
2016-05-24;Mardi;Duree4h;Touriste Etranger;All-FIMU;6562
2016-05-24;Mardi;Duree5h;Résident ;All-FIMU;8760
2016-05-24;Mardi;Duree5h;Touriste Français;All-FIMU;2777
2016-05-24;Mardi;Duree5h;Touriste Etranger;All-FIMU;7679
2016-05-24;Mardi;Duree6h;Résident ;All-FIMU;5250
2016-05-24;Mardi;Duree6h;Touriste Français;All-FIMU;8961
2016-05-24;Mardi;Duree6h;Touriste Etranger;All-FIMU;4758
2016-05-24;Mardi;Duree7h;Résident ;All-FIMU;1738
2016-05-24;Mardi;Duree7h;Touriste Français;All-FIMU;6836
2016-05-24;Mardi;Duree7h;Touriste Etranger;All-FIMU;2174
2016-05-24;Mardi;Duree8h;Résident ;All-FIMU;1532
2016-05-24;Mardi;Duree8h;Touriste Français;All-FIMU;490
2016-05-24;Mardi;Duree8h;Touriste Etranger;All-FIMU;2894
2016-05-24;Mardi;Duree9h;Résident ;All-FIMU;4188
2016-05-24;Mardi;Duree9h;Touriste Français;All-FIMU;9098
2016-05-24;Mardi;Duree9h;Touriste Etranger;All-FIMU;2543
2016-05-24;Mardi;Duree10h;Résident ;All-FIMU;6764
2016-05-24;Mardi;Duree10h;Touriste Français;All-FIMU;4733
2016-05-24;Mardi;Duree10h;Touriste Etranger;All-FIMU;#
2016-05-24;Mardi;Duree10h-18h;Résident ;All-FIMU;3907
2016-05-24;Mardi;Duree10h-18h;Touriste Français;All-FIMU;6320
2016-05-24;Mardi;Duree10h-18h;Touriste Etranger;All-FIMU;6893
2016-05-25;Mercredi;Duree1h;Résident ;All-FIMU;7422
2016-05-25;Mercredi;Duree1h;Touriste Français;All-FIMU;872
2016-05-25;Mercredi;Duree1h;Touriste Etranger;All-FIMU;7016
2016-05-25;Mercredi;Duree2h;Résident ;All-FIMU;4050
2016-05-25;Mercredi;Duree2h;Touriste Français;All-FIMU;5743
2016-05-25;Mercredi;Duree2h;Touriste Etranger;All-FIMU;1771
2016-05-25;Mercredi;Duree3h;Résident ;All-FIMU;6834
2016-05-25;Mercredi;Duree3h;Touriste Français;All-FIMU;8851
2016-05-25;Mercredi;Duree3h;Touriste Etranger;All-FIMU;1786
2016-05-25;Mercredi;Duree4h;Résident ;All-FIMU;6747
2016-05-25;Mercredi;Duree4h;Touriste Français;All-FIMU;1432
2016-05-25;Mercredi;Duree4h;Touriste Etranger;All-FIMU;8922
2016-05-25;Mercredi;Duree5h;Résident ;All-FIMU;9661
2016-05-25;Mercredi;Duree5h;Touriste Français;All-FIMU;2251
2016-05-25;Mercredi;Duree5h;Touriste Etranger;All-FIMU;1124
2016-05-25;Mercredi;Duree6h;Résident ;All-FIMU;1475
2016-05-25;Mercredi;Duree6h;Touriste Français;All-FIMU;8787
2016-05-25;Mercredi;Duree6h;Touriste Etranger;All-FIMU;4458
2016-05-25;Mercredi;Duree7h;Résident ;All-FIMU;8885
2016-05-25;Mercredi;Duree7h;Touriste Français;All-FIMU;38
2016-05-25;Mercredi;Duree7h;Touriste Etranger;All-FIMU;#
2016-05-25;Mercredi;Duree8h;Résident ;All-FIMU;4484
2016-05-25;Mercredi;Duree8h;Touriste Français;All-FIMU;1564
2016-05-25;Mercredi;Duree8h;Touriste Etranger;All-FIMU;7896
2016-05-25;Mercredi;Duree9h;Résident ;All-FIMU;9475
2016-05-25;Mercredi;Duree9h;Touriste Français;All-FIMU;5340
2016-05-25;Mercredi;Duree9h;Touriste Etranger;All-FIMU;2744
2016-05-25;Mercredi;Duree10h;Résident ;All-FIMU;2825
2016-05-25;Mercredi;Duree10h;Touriste Français;All-FIMU;9228
2016-05-25;Mercredi;Duree10h;Touriste Etranger;All-FIMU;#
2016-05-25;Mercredi;Duree10h-18h;Résident ;All-FIMU;3708
2016-05-25;Mercredi;Duree10h-18h;Touriste Français;All-FIMU;8416
2016-05-25;Mercredi;Duree10h-18h;Touriste Etranger;All-FIMU;5937
2016-05-26;Jeudi;Duree1h;Résident ;All-FIMU;282
2016-05-26;Jeudi;Duree1h;Touriste Français;All-FIMU;6158
2016-05-26;Jeudi;Duree1h;Touriste Etranger;All-FIMU;8742
2016-05-26;Jeudi;Duree2h;Résident ;All-FIMU;1099
2016-05-26;Jeudi;Duree2h;Touriste Français;All-FIMU;9151
2016-05-26;Jeudi;Duree2h;Touriste Etranger;All-FIMU;9527
2016-05-26;Jeudi;Duree3h;Résident ;All-FIMU;3591
2016-05-26;Jeudi;Duree3h;Touriste Français;All-FIMU;7654
2016-05-26;Jeudi;Duree3h;Touriste Etranger;All-FIMU;8247
2016-05-26;Jeudi;Duree4h;Résident ;All-FIMU;3838
2016-05-26;Jeudi;Duree4h;Touriste Français;All-FIMU;1106
2016-05-26;Jeudi;Duree4h;Touriste Etranger;All-FIMU;1346
2016-05-26;Jeudi;Duree5h;Résident ;All-FIMU;6447
2016-05-26;Jeudi;Duree5h;Touriste Français;All-FIMU;4584
2016-05-26;Jeudi;Duree5h;Touriste Etranger;All-FIMU;9458
2016-05-26;Jeudi;Duree6h;Résident ;All-FIMU;6099
2016-05-26;Jeudi;Duree6h;Touriste Français;All-FIMU;1511
2016-05-26;Jeudi;Duree6h;Touriste Etranger;All-FIMU;8977
2016-05-26;Jeudi;Duree7h;Résident ;All-FIMU;3690
2016-05-26;Jeudi;Duree7h;Touriste Français;All-FIMU;443
2016-05-26;Jeudi;Duree7h;Touriste Etranger;All-FIMU;9219
2016-05-26;Jeudi;Duree8h;Résident ;All-FIMU;6687
2016-05-26;Jeudi;Duree8h;Touriste Français;All-FIMU;9236
2016-05-26;Jeudi;Duree8h;Touriste Etranger;All-FIMU;#
2016-05-26;Jeudi;Duree9h;Résident ;All-FIMU;9881
2016-05-26;Jeudi;Duree9h;Touriste Français;All-FIMU;4453
2016-05-26;Jeudi;Duree9h;Touriste Etranger;All-FIMU;#
2016-05-26;Jeudi;Duree10h;Résident ;All-FIMU;6333
2016-05-26;Jeudi;Duree10h;Touriste Français;All-FIMU;7290
2016-05-26;Jeudi;Duree10h;Touriste Etranger;All-FIMU;#
2016-05-26;Jeudi;Duree10h-18h;Résident ;All-FIMU;7539
2016-05-26;Jeudi;Duree10h-18h;Touriste Français;All-FIMU;7381
2016-05-26;Jeudi;Duree10h-18h;Touriste Etranger;All-FIMU;1520
2016-05-27;Vendredi;Duree1h;Résident ;All-FIMU;3285
2016-05-27;Vendredi;Duree1h;Touriste Français;All-FIMU;911
2016-05-27;Vendredi;Duree1h;Touriste Etranger;All-FIMU;9209
2016-05-27;Vendredi;Duree2h;Résident ;All-FIMU;2847
2016-05-27;Vendredi;Duree2h;Touriste Français;All-FIMU;6336
2016-05-27;Vendredi;Duree2h;Touriste Etranger;All-FIMU;9836
2016-05-27;Vendredi;Duree3h;Résident ;All-FIMU;7896
2016-05-27;Vendredi;Duree3h;Touriste Français;All-FIMU;2012
2016-05-27;Vendredi;Duree3h;Touriste Etranger;All-FIMU;5053
2016-05-27;Vendredi;Duree4h;Résident ;All-FIMU;5683
2016-05-27;Vendredi;Duree4h;Touriste Français;All-FIMU;2750
2016-05-27;Vendredi;Duree4h;Touriste Etranger;All-FIMU;8665
2016-05-27;Vendredi;Duree5h;Résident ;All-FIMU;5479
2016-05-27;Vendredi;Duree5h;Touriste Français;All-FIMU;6177
2016-05-27;Vendredi;Duree5h;Touriste Etranger;All-FIMU;4670
2016-05-27;Vendredi;Duree6h;Résident ;All-FIMU;8643
2016-05-27;Vendredi;Duree6h;Touriste Français;All-FIMU;872
2016-05-27;Vendredi;Duree6h;Touriste Etranger;All-FIMU;5769
2016-05-27;Vendredi;Duree7h;Résident ;All-FIMU;251
2016-05-27;Vendredi;Duree7h;Touriste Français;All-FIMU;1343
2016-05-27;Vendredi;Duree7h;Touriste Etranger;All-FIMU;3615
2016-05-27;Vendredi;Duree8h;Résident ;All-FIMU;8468
2016-05-27;Vendredi;Duree8h;Touriste Français;All-FIMU;9568
2016-05-27;Vendredi;Duree8h;Touriste Etranger;All-FIMU;9667
2016-05-27;Vendredi;Duree9h;Résident ;All-FIMU;6309
2016-05-27;Vendredi;Duree9h;Touriste Français;All-FIMU;5996
2016-05-27;Vendredi;Duree9h;Touriste Etranger;All-FIMU;1372
2016-05-27;Vendredi;Duree10h;Résident ;All-FIMU;347
2016-05-27;Vendredi;Duree10h;Touriste Français;All-FIMU;3100
2016-05-27;Vendredi;Duree10h;Touriste Etranger;All-FIMU;#
2016-05-27;Vendredi;Duree10h-18h;Résident ;All-FIMU;3590
2016-05-27;Vendredi;Duree10h-18h;Touriste Français;All-FIMU;6114
2016-05-27;Vendredi;Duree10h-18h;Touriste Etranger;All-FIMU;1396
2016-05-28;Samedi;Duree1h;Résident ;All-FIMU;2168
2016-05-28;Samedi;Duree1h;Touriste Français;All-FIMU;6783
2016-05-28;Samedi;Duree1h;Touriste Etranger;All-FIMU;1459
2016-05-28;Samedi;Duree2h;Résident ;All-FIMU;9821
2016-05-28;Samedi;Duree2h;Touriste Français;All-FIMU;2708
2016-05-28;Samedi;Duree2h;Touriste Etranger;All-FIMU;2260
2016-05-28;Samedi;Duree3h;Résident ;All-FIMU;7554
2016-05-28;Samedi;Duree3h;Touriste Français;All-FIMU;7710
2016-05-28;Samedi;Duree3h;Touriste Etranger;All-FIMU;4230
2016-05-28;Samedi;Duree4h;Résident ;All-FIMU;9748
2016-05-28;Samedi;Duree4h;Touriste Français;All-FIMU;8118
2016-05-28;Samedi;Duree4h;Touriste Etranger;All-FIMU;508
2016-05-28;Samedi;Duree5h;Résident ;All-FIMU;1740
2016-05-28;Samedi;Duree5h;Touriste Français;All-FIMU;4838
2016-05-28;Samedi;Duree5h;Touriste Etranger;All-FIMU;8149
2016-05-28;Samedi;Duree6h;Résident ;All-FIMU;363
2016-05-28;Samedi;Duree6h;Touriste Français;All-FIMU;845
2016-05-28;Samedi;Duree6h;Touriste Etranger;All-FIMU;3365
2016-05-28;Samedi;Duree7h;Résident ;All-FIMU;6320
2016-05-28;Samedi;Duree7h;Touriste Français;All-FIMU;1369
2016-05-28;Samedi;Duree7h;Touriste Etranger;All-FIMU;5455
2016-05-28;Samedi;Duree8h;Résident ;All-FIMU;6723
2016-05-28;Samedi;Duree8h;Touriste Français;All-FIMU;1579
2016-05-28;Samedi;Duree8h;Touriste Etranger;All-FIMU;2353
2016-05-28;Samedi;Duree9h;Résident ;All-FIMU;448
2016-05-28;Samedi;Duree9h;Touriste Français;All-FIMU;7714
2016-05-28;Samedi;Duree9h;Touriste Etranger;All-FIMU;#
2016-05-28;Samedi;Duree10h;Résident ;All-FIMU;8415
2016-05-28;Samedi;Duree10h;Touriste Français;All-FIMU;5386
2016-05-28;Samedi;Duree10h;Touriste Etranger;All-FIMU;#
2016-05-28;Samedi;Duree10h-18h;Résident ;All-FIMU;744
2016-05-28;Samedi;Duree10h-18h;Touriste Français;All-FIMU;6473
2016-05-28;Samedi;Duree10h-18h;Touriste Etranger;All-FIMU;9396
2016-05-29;Dimanche;Duree1h;Résident ;All-FIMU;5155
2016-05-29;Dimanche;Duree1h;Touriste Français;All-FIMU;334
2016-05-29;Dimanche;Duree1h;Touriste Etranger;All-FIMU;6422
2016-05-29;Dimanche;Duree2h;Résident ;All-FIMU;4370
2016-05-29;Dimanche;Duree2h;Touriste Français;All-FIMU;8416
2016-05-29;Dimanche;Duree2h;Touriste Etranger;All-FIMU;5170
2016-05-29;Dimanche;Duree3h;Résident ;All-FIMU;8875
2016-05-29;Dimanche;Duree3h;Touriste Français;All-FIMU;3104
2016-05-29;Dimanche;Duree3h;Touriste Etranger;All-FIMU;3072
2016-05-29;Dimanche;Duree4h;Résident ;All-FIMU;7344
2016-05-29;Dimanche;Duree4h;Touriste Français;All-FIMU;6115
2016-05-29;Dimanche;Duree4h;Touriste Etranger;All-FIMU;6923
2016-05-29;Dimanche;Duree5h;Résident ;All-FIMU;8701
2016-05-29;Dimanche;Duree5h;Touriste Français;All-FIMU;2341
2016-05-29;Dimanche;Duree5h;Touriste Etranger;All-FIMU;7168
2016-05-29;Dimanche;Duree6h;Résident ;All-FIMU;7886
2016-05-29;Dimanche;Duree6h;Touriste Français;All-FIMU;453
2016-05-29;Dimanche;Duree6h;Touriste Etranger;All-FIMU;4616
2016-05-29;Dimanche;Duree7h;Résident ;All-FIMU;1788
2016-05-29;Dimanche;Duree7h;Touriste Français;All-FIMU;4978
2016-05-29;Dimanche;Duree7h;Touriste Etranger;All-FIMU;#
2016-05-29;Dimanche;Duree8h;Résident ;All-FIMU;2273
2016-05-29;Dimanche;Duree8h;Touriste Français;All-FIMU;3342
2016-05-29;Dimanche;Duree8h;Touriste Etranger;All-FIMU;#
2016-05-29;Dimanche;Duree9h;Résident ;All-FIMU;458
2016-05-29;Dimanche;Duree9h;Touriste Français;All-FIMU;#
2016-05-29;Dimanche;Duree9h;Touriste Etranger;All-FIMU;#
2016-05-29;Dimanche;Duree10h;Résident ;All-FIMU;1403
2016-05-29;Dimanche;Duree10h;Touriste Français;All-FIMU;#
2016-05-29;Dimanche;Duree10h;Touriste Etranger;All-FIMU;#
2016-05-29;Dimanche;Duree10h-18h;Résident ;All-FIMU;9640
2016-05-29;Dimanche;Duree10h-18h;Touriste Français;All-FIMU;6815
2016-05-29;Dimanche;Duree10h-18h;Touriste Etranger;All-FIMU;95
2016-05-30;Lundi;Duree1h;Résident ;All-FIMU;9372
2016-05-30;Lundi;Duree1h;Touriste Français;All-FIMU;2254
2016-05-30;Lundi;Duree1h;Touriste Etranger;All-FIMU;616
2016-05-30;Lundi;Duree2h;Résident ;All-FIMU;4799
2016-05-30;Lundi;Duree2h;Touriste Français;All-FIMU;2463
2016-05-30;Lundi;Duree2h;Touriste Etranger;All-FIMU;4123
2016-05-30;Lundi;Duree3h;Résident ;All-FIMU;3764
2016-05-30;Lundi;Duree3h;Touriste Français;All-FIMU;5562
2016-05-30;Lundi;Duree3h;Touriste Etranger;All-FIMU;4647
2016-05-30;Lundi;Duree4h;Résident ;All-FIMU;2290
2016-05-30;Lundi;Duree4h;Touriste Français;All-FIMU;3568
2016-05-30;Lundi;Duree4h;Touriste Etranger;All-FIMU;5311
2016-05-30;Lundi;Duree5h;Résident ;All-FIMU;8144
2016-05-30;Lundi;Duree5h;Touriste Français;All-FIMU;261
2016-05-30;Lundi;Duree5h;Touriste Etranger;All-FIMU;701
2016-05-30;Lundi;Duree6h;Résident ;All-FIMU;6171
2016-05-30;Lundi;Duree6h;Touriste Français;All-FIMU;9558
2016-05-30;Lundi;Duree6h;Touriste Etranger;All-FIMU;3849
2016-05-30;Lundi;Duree7h;Résident ;All-FIMU;7196
2016-05-30;Lundi;Duree7h;Touriste Français;All-FIMU;4421
2016-05-30;Lundi;Duree7h;Touriste Etranger;All-FIMU;9024
2016-05-30;Lundi;Duree8h;Résident ;All-FIMU;5920
2016-05-30;Lundi;Duree8h;Touriste Français;All-FIMU;1676
2016-05-30;Lundi;Duree8h;Touriste Etranger;All-FIMU;#
2016-05-30;Lundi;Duree9h;Résident ;All-FIMU;3172
2016-05-30;Lundi;Duree9h;Touriste Français;All-FIMU;4604
2016-05-30;Lundi;Duree9h;Touriste Etranger;All-FIMU;8399
2016-05-30;Lundi;Duree10h;Résident ;All-FIMU;9768
2016-05-30;Lundi;Duree10h;Touriste Français;All-FIMU;2025
2016-05-30;Lundi;Duree10h;Touriste Etranger;All-FIMU;#
2016-05-30;Lundi;Duree10h-18h;Résident ;All-FIMU;833
2016-05-30;Lundi;Duree10h-18h;Touriste Français;All-FIMU;9140
2016-05-30;Lundi;Duree10h-18h;Touriste Etranger;All-FIMU;797
2016-05-31;Mardi;Duree1h;Résident ;All-FIMU;730
2016-05-31;Mardi;Duree1h;Touriste Français;All-FIMU;3974
2016-05-31;Mardi;Duree1h;Touriste Etranger;All-FIMU;3044
2016-05-31;Mardi;Duree2h;Résident ;All-FIMU;3651
2016-05-31;Mardi;Duree2h;Touriste Français;All-FIMU;9780
2016-05-31;Mardi;Duree2h;Touriste Etranger;All-FIMU;1737
2016-05-31;Mardi;Duree3h;Résident ;All-FIMU;8126
2016-05-31;Mardi;Duree3h;Touriste Français;All-FIMU;5126
2016-05-31;Mardi;Duree3h;Touriste Etranger;All-FIMU;5190
2016-05-31;Mardi;Duree4h;Résident ;All-FIMU;1935
2016-05-31;Mardi;Duree4h;Touriste Français;All-FIMU;5100
2016-05-31;Mardi;Duree4h;Touriste Etranger;All-FIMU;6481
2016-05-31;Mardi;Duree5h;Résident ;All-FIMU;6201
2016-05-31;Mardi;Duree5h;Touriste Français;All-FIMU;2042
2016-05-31;Mardi;Duree5h;Touriste Etranger;All-FIMU;9054
2016-05-31;Mardi;Duree6h;Résident ;All-FIMU;2909
2016-05-31;Mardi;Duree6h;Touriste Français;All-FIMU;6501
2016-05-31;Mardi;Duree6h;Touriste Etranger;All-FIMU;9429
2016-05-31;Mardi;Duree7h;Résident ;All-FIMU;5077
2016-05-31;Mardi;Duree7h;Touriste Français;All-FIMU;1096
2016-05-31;Mardi;Duree7h;Touriste Etranger;All-FIMU;758
2016-05-31;Mardi;Duree8h;Résident ;All-FIMU;6529
2016-05-31;Mardi;Duree8h;Touriste Français;All-FIMU;5242
2016-05-31;Mardi;Duree8h;Touriste Etranger;All-FIMU;1853
2016-05-31;Mardi;Duree9h;Résident ;All-FIMU;905
2016-05-31;Mardi;Duree9h;Touriste Français;All-FIMU;8180
2016-05-31;Mardi;Duree9h;Touriste Etranger;All-FIMU;#
2016-05-31;Mardi;Duree10h;Résident ;All-FIMU;3231
2016-05-31;Mardi;Duree10h;Touriste Français;All-FIMU;4492
2016-05-31;Mardi;Duree10h;Touriste Etranger;All-FIMU;#
2016-05-31;Mardi;Duree10h-18h;Résident ;All-FIMU;4379
2016-05-31;Mardi;Duree10h-18h;Touriste Français;All-FIMU;9344
2016-05-31;Mardi;Duree10h-18h;Touriste Etranger;All-FIMU;5090
2016-06-01;Mercredi;Duree1h;Résident ;All-FIMU;6443
2016-06-01;Mercredi;Duree1h;Touriste Français;All-FIMU;7488
2016-06-01;Mercredi;Duree1h;Touriste Etranger;All-FIMU;6905
2016-06-01;Mercredi;Duree2h;Résident ;All-FIMU;2628
2016-06-01;Mercredi;Duree2h;Touriste Français;All-FIMU;205
2016-06-01;Mercredi;Duree2h;Touriste Etranger;All-FIMU;1165
2016-06-01;Mercredi;Duree3h;Résident ;All-FIMU;6789
2016-06-01;Mercredi;Duree3h;Touriste Français;All-FIMU;8952
2016-06-01;Mercredi;Duree3h;Touriste Etranger;All-FIMU;8746
2016-06-01;Mercredi;Duree4h;Résident ;All-FIMU;9708
2016-06-01;Mercredi;Duree4h;Touriste Français;All-FIMU;6753
2016-06-01;Mercredi;Duree4h;Touriste Etranger;All-FIMU;3275
2016-06-01;Mercredi;Duree5h;Résident ;All-FIMU;6290
2016-06-01;Mercredi;Duree5h;Touriste Français;All-FIMU;728
2016-06-01;Mercredi;Duree5h;Touriste Etranger;All-FIMU;9341
2016-06-01;Mercredi;Duree6h;Résident ;All-FIMU;4890
2016-06-01;Mercredi;Duree6h;Touriste Français;All-FIMU;3086
2016-06-01;Mercredi;Duree6h;Touriste Etranger;All-FIMU;5622
2016-06-01;Mercredi;Duree7h;Résident ;All-FIMU;8864
2016-06-01;Mercredi;Duree7h;Touriste Français;All-FIMU;8797
2016-06-01;Mercredi;Duree7h;Touriste Etranger;All-FIMU;#
2016-06-01;Mercredi;Duree8h;Résident ;All-FIMU;324
2016-06-01;Mercredi;Duree8h;Touriste Français;All-FIMU;5353
2016-06-01;Mercredi;Duree8h;Touriste Etranger;All-FIMU;6586
2016-06-01;Mercredi;Duree9h;Résident ;All-FIMU;1375
2016-06-01;Mercredi;Duree9h;Touriste Français;All-FIMU;3317
2016-06-01;Mercredi;Duree9h;Touriste Etranger;All-FIMU;#
2016-06-01;Mercredi;Duree10h;Résident ;All-FIMU;8432
2016-06-01;Mercredi;Duree10h;Touriste Français;All-FIMU;6736
2016-06-01;Mercredi;Duree10h;Touriste Etranger;All-FIMU;#
2016-06-01;Mercredi;Duree10h-18h;Résident ;All-FIMU;7050
2016-06-01;Mercredi;Duree10h-18h;Touriste Français;All-FIMU;1511
2016-06-01;Mercredi;Duree10h-18h;Touriste Etranger;All-FIMU;9115
2016-06-02;Jeudi;Duree1h;Résident ;All-FIMU;5705
2016-06-02;Jeudi;Duree1h;Touriste Français;All-FIMU;9061
2016-06-02;Jeudi;Duree1h;Touriste Etranger;All-FIMU;2692
2016-06-02;Jeudi;Duree2h;Résident ;All-FIMU;5947
2016-06-02;Jeudi;Duree2h;Touriste Français;All-FIMU;3265
2016-06-02;Jeudi;Duree2h;Touriste Etranger;All-FIMU;1878
2016-06-02;Jeudi;Duree3h;Résident ;All-FIMU;4560
2016-06-02;Jeudi;Duree3h;Touriste Français;All-FIMU;5864
2016-06-02;Jeudi;Duree3h;Touriste Etranger;All-FIMU;6027
2016-06-02;Jeudi;Duree4h;Résident ;All-FIMU;9051
2016-06-02;Jeudi;Duree4h;Touriste Français;All-FIMU;4331
2016-06-02;Jeudi;Duree4h;Touriste Etranger;All-FIMU;5550
2016-06-02;Jeudi;Duree5h;Résident ;All-FIMU;7234
2016-06-02;Jeudi;Duree5h;Touriste Français;All-FIMU;732
2016-06-02;Jeudi;Duree5h;Touriste Etranger;All-FIMU;9830
2016-06-02;Jeudi;Duree6h;Résident ;All-FIMU;3081
2016-06-02;Jeudi;Duree6h;Touriste Français;All-FIMU;6052
2016-06-02;Jeudi;Duree6h;Touriste Etranger;All-FIMU;1564
2016-06-02;Jeudi;Duree7h;Résident ;All-FIMU;1260
2016-06-02;Jeudi;Duree7h;Touriste Français;All-FIMU;3747
2016-06-02;Jeudi;Duree7h;Touriste Etranger;All-FIMU;9531
2016-06-02;Jeudi;Duree8h;Résident ;All-FIMU;63
2016-06-02;Jeudi;Duree8h;Touriste Français;All-FIMU;4161
2016-06-02;Jeudi;Duree8h;Touriste Etranger;All-FIMU;#
2016-06-02;Jeudi;Duree9h;Résident ;All-FIMU;8756
2016-06-02;Jeudi;Duree9h;Touriste Français;All-FIMU;2137
2016-06-02;Jeudi;Duree9h;Touriste Etranger;All-FIMU;#
2016-06-02;Jeudi;Duree10h;Résident ;All-FIMU;7263
2016-06-02;Jeudi;Duree10h;Touriste Français;All-FIMU;6756
2016-06-02;Jeudi;Duree10h;Touriste Etranger;All-FIMU;#
2016-06-02;Jeudi;Duree10h-18h;Résident ;All-FIMU;7959
2016-06-02;Jeudi;Duree10h-18h;Touriste Français;All-FIMU;6513
2016-06-02;Jeudi;Duree10h-18h;Touriste Etranger;All-FIMU;7278
2016-06-03;Vendredi;Duree1h;Résident ;All-FIMU;9206
2016-06-03;Vendredi;Duree1h;Touriste Français;All-FIMU;2534
2016-06-03;Vendredi;Duree1h;Touriste Etranger;All-FIMU;5570
2016-06-03;Vendredi;Duree2h;Résident ;All-FIMU;6331
2016-06-03;Vendredi;Duree2h;Touriste Français;All-FIMU;3224
2016-06-03;Vendredi;Duree2h;Touriste Etranger;All-FIMU;8846
2016-06-03;Vendredi;Duree3h;Résident ;All-FIMU;4224
2016-06-03;Vendredi;Duree3h;Touriste Français;All-FIMU;8828
2016-06-03;Vendredi;Duree3h;Touriste Etranger;All-FIMU;5817
2016-06-03;Vendredi;Duree4h;Résident ;All-FIMU;7887
2016-06-03;Vendredi;Duree4h;Touriste Français;All-FIMU;3348
2016-06-03;Vendredi;Duree4h;Touriste Etranger;All-FIMU;9480
2016-06-03;Vendredi;Duree5h;Résident ;All-FIMU;3612
2016-06-03;Vendredi;Duree5h;Touriste Français;All-FIMU;827
2016-06-03;Vendredi;Duree5h;Touriste Etranger;All-FIMU;9275
2016-06-03;Vendredi;Duree6h;Résident ;All-FIMU;3001
2016-06-03;Vendredi;Duree6h;Touriste Français;All-FIMU;5014
2016-06-03;Vendredi;Duree6h;Touriste Etranger;All-FIMU;2952
2016-06-03;Vendredi;Duree7h;Résident ;All-FIMU;821
2016-06-03;Vendredi;Duree7h;Touriste Français;All-FIMU;1130
2016-06-03;Vendredi;Duree7h;Touriste Etranger;All-FIMU;5131
2016-06-03;Vendredi;Duree8h;Résident ;All-FIMU;8484
2016-06-03;Vendredi;Duree8h;Touriste Français;All-FIMU;9239
2016-06-03;Vendredi;Duree8h;Touriste Etranger;All-FIMU;805
2016-06-03;Vendredi;Duree9h;Résident ;All-FIMU;5842
2016-06-03;Vendredi;Duree9h;Touriste Français;All-FIMU;5200
2016-06-03;Vendredi;Duree9h;Touriste Etranger;All-FIMU;#
2016-06-03;Vendredi;Duree10h;Résident ;All-FIMU;3870
2016-06-03;Vendredi;Duree10h;Touriste Français;All-FIMU;4546
2016-06-03;Vendredi;Duree10h;Touriste Etranger;All-FIMU;#
2016-06-03;Vendredi;Duree10h-18h;Résident ;All-FIMU;5774
2016-06-03;Vendredi;Duree10h-18h;Touriste Français;All-FIMU;266
2016-06-03;Vendredi;Duree10h-18h;Touriste Etranger;All-FIMU;2510
2016-06-04;Samedi;Duree1h;Résident ;All-FIMU;2379
2016-06-04;Samedi;Duree1h;Touriste Français;All-FIMU;8237
2016-06-04;Samedi;Duree1h;Touriste Etranger;All-FIMU;8615
2016-06-04;Samedi;Duree2h;Résident ;All-FIMU;333
2016-06-04;Samedi;Duree2h;Touriste Français;All-FIMU;2808
2016-06-04;Samedi;Duree2h;Touriste Etranger;All-FIMU;3595
2016-06-04;Samedi;Duree3h;Résident ;All-FIMU;1922
2016-06-04;Samedi;Duree3h;Touriste Français;All-FIMU;3217
2016-06-04;Samedi;Duree3h;Touriste Etranger;All-FIMU;9594
2016-06-04;Samedi;Duree4h;Résident ;All-FIMU;222
2016-06-04;Samedi;Duree4h;Touriste Français;All-FIMU;4307
2016-06-04;Samedi;Duree4h;Touriste Etranger;All-FIMU;1848
2016-06-04;Samedi;Duree5h;Résident ;All-FIMU;1166
2016-06-04;Samedi;Duree5h;Touriste Français;All-FIMU;6292
2016-06-04;Samedi;Duree5h;Touriste Etranger;All-FIMU;5528
2016-06-04;Samedi;Duree6h;Résident ;All-FIMU;1826
2016-06-04;Samedi;Duree6h;Touriste Français;All-FIMU;2798
2016-06-04;Samedi;Duree6h;Touriste Etranger;All-FIMU;4959
2016-06-04;Samedi;Duree7h;Résident ;All-FIMU;3146
2016-06-04;Samedi;Duree7h;Touriste Français;All-FIMU;3203
2016-06-04;Samedi;Duree7h;Touriste Etranger;All-FIMU;2130
2016-06-04;Samedi;Duree8h;Résident ;All-FIMU;5016
2016-06-04;Samedi;Duree8h;Touriste Français;All-FIMU;2101
2016-06-04;Samedi;Duree8h;Touriste Etranger;All-FIMU;2498
2016-06-04;Samedi;Duree9h;Résident ;All-FIMU;3158
2016-06-04;Samedi;Duree9h;Touriste Français;All-FIMU;4867
2016-06-04;Samedi;Duree9h;Touriste Etranger;All-FIMU;7074
2016-06-04;Samedi;Duree10h;Résident ;All-FIMU;7715
2016-06-04;Samedi;Duree10h;Touriste Français;All-FIMU;6769
2016-06-04;Samedi;Duree10h;Touriste Etranger;All-FIMU;#
2016-06-04;Samedi;Duree10h-18h;Résident ;All-FIMU;4019
2016-06-04;Samedi;Duree10h-18h;Touriste Français;All-FIMU;7318
2016-06-04;Samedi;Duree10h-18h;Touriste Etranger;All-FIMU;3725
2016-06-05;Dimanche;Duree1h;Résident ;All-FIMU;2212
2016-06-05;Dimanche;Duree1h;Touriste Français;All-FIMU;6207
2016-06-05;Dimanche;Duree1h;Touriste Etranger;All-FIMU;4379
2016-06-05;Dimanche;Duree2h;Résident ;All-FIMU;2908
2016-06-05;Dimanche;Duree2h;Touriste Français;All-FIMU;8661
2016-06-05;Dimanche;Duree2h;Touriste Etranger;All-FIMU;2696
2016-06-05;Dimanche;Duree3h;Résident ;All-FIMU;8193
2016-06-05;Dimanche;Duree3h;Touriste Français;All-FIMU;6796
2016-06-05;Dimanche;Duree3h;Touriste Etranger;All-FIMU;1473
2016-06-05;Dimanche;Duree4h;Résident ;All-FIMU;8749
2016-06-05;Dimanche;Duree4h;Touriste Français;All-FIMU;9124
2016-06-05;Dimanche;Duree4h;Touriste Etranger;All-FIMU;6297
2016-06-05;Dimanche;Duree5h;Résident ;All-FIMU;3663
2016-06-05;Dimanche;Duree5h;Touriste Français;All-FIMU;3699
2016-06-05;Dimanche;Duree5h;Touriste Etranger;All-FIMU;8211
2016-06-05;Dimanche;Duree6h;Résident ;All-FIMU;6341
2016-06-05;Dimanche;Duree6h;Touriste Français;All-FIMU;3338
2016-06-05;Dimanche;Duree6h;Touriste Etranger;All-FIMU;2523
2016-06-05;Dimanche;Duree7h;Résident ;All-FIMU;9512
2016-06-05;Dimanche;Duree7h;Touriste Français;All-FIMU;3166
2016-06-05;Dimanche;Duree7h;Touriste Etranger;All-FIMU;#
2016-06-05;Dimanche;Duree8h;Résident ;All-FIMU;7852
2016-06-05;Dimanche;Duree8h;Touriste Français;All-FIMU;8815
2016-06-05;Dimanche;Duree8h;Touriste Etranger;All-FIMU;8635
2016-06-05;Dimanche;Duree9h;Résident ;All-FIMU;4782
2016-06-05;Dimanche;Duree9h;Touriste Français;All-FIMU;1592
2016-06-05;Dimanche;Duree9h;Touriste Etranger;All-FIMU;#
2016-06-05;Dimanche;Duree10h;Résident ;All-FIMU;7195
2016-06-05;Dimanche;Duree10h;Touriste Français;All-FIMU;3428
2016-06-05;Dimanche;Duree10h;Touriste Etranger;All-FIMU;8866
2016-06-05;Dimanche;Duree10h-18h;Résident ;All-FIMU;5330
2016-06-05;Dimanche;Duree10h-18h;Touriste Français;All-FIMU;5175
2016-06-05;Dimanche;Duree10h-18h;Touriste Etranger;All-FIMU;1883
2016-06-06;Lundi;Duree1h;Résident ;All-FIMU;8228
2016-06-06;Lundi;Duree1h;Touriste Français;All-FIMU;8576
2016-06-06;Lundi;Duree1h;Touriste Etranger;All-FIMU;5876
2016-06-06;Lundi;Duree2h;Résident ;All-FIMU;5697
2016-06-06;Lundi;Duree2h;Touriste Français;All-FIMU;3238
2016-06-06;Lundi;Duree2h;Touriste Etranger;All-FIMU;9122
2016-06-06;Lundi;Duree3h;Résident ;All-FIMU;2421
2016-06-06;Lundi;Duree3h;Touriste Français;All-FIMU;5135
2016-06-06;Lundi;Duree3h;Touriste Etranger;All-FIMU;5416
2016-06-06;Lundi;Duree4h;Résident ;All-FIMU;1626
2016-06-06;Lundi;Duree4h;Touriste Français;All-FIMU;7724
2016-06-06;Lundi;Duree4h;Touriste Etranger;All-FIMU;4930
2016-06-06;Lundi;Duree5h;Résident ;All-FIMU;5437
2016-06-06;Lundi;Duree5h;Touriste Français;All-FIMU;1156
2016-06-06;Lundi;Duree5h;Touriste Etranger;All-FIMU;1832
2016-06-06;Lundi;Duree6h;Résident ;All-FIMU;2143
2016-06-06;Lundi;Duree6h;Touriste Français;All-FIMU;692
2016-06-06;Lundi;Duree6h;Touriste Etranger;All-FIMU;5410
2016-06-06;Lundi;Duree7h;Résident ;All-FIMU;6501
2016-06-06;Lundi;Duree7h;Touriste Français;All-FIMU;7756
2016-06-06;Lundi;Duree7h;Touriste Etranger;All-FIMU;#
2016-06-06;Lundi;Duree8h;Résident ;All-FIMU;9700
2016-06-06;Lundi;Duree8h;Touriste Français;All-FIMU;9567
2016-06-06;Lundi;Duree8h;Touriste Etranger;All-FIMU;7462
2016-06-06;Lundi;Duree9h;Résident ;All-FIMU;2523
2016-06-06;Lundi;Duree9h;Touriste Français;All-FIMU;3596
2016-06-06;Lundi;Duree9h;Touriste Etranger;All-FIMU;#
2016-06-06;Lundi;Duree10h;Résident ;All-FIMU;827
2016-06-06;Lundi;Duree10h;Touriste Français;All-FIMU;6411
2016-06-06;Lundi;Duree10h;Touriste Etranger;All-FIMU;#
2016-06-06;Lundi;Duree10h-18h;Résident ;All-FIMU;1365
2016-06-06;Lundi;Duree10h-18h;Touriste Français;All-FIMU;2534
2016-06-06;Lundi;Duree10h-18h;Touriste Etranger;All-FIMU;2381
2016-06-07;Mardi;Duree1h;Résident ;All-FIMU;7979
2016-06-07;Mardi;Duree1h;Touriste Français;All-FIMU;4657
2016-06-07;Mardi;Duree1h;Touriste Etranger;All-FIMU;1241
2016-06-07;Mardi;Duree2h;Résident ;All-FIMU;5977
2016-06-07;Mardi;Duree2h;Touriste Français;All-FIMU;592
2016-06-07;Mardi;Duree2h;Touriste Etranger;All-FIMU;2167
2016-06-07;Mardi;Duree3h;Résident ;All-FIMU;4753
2016-06-07;Mardi;Duree3h;Touriste Français;All-FIMU;6438
2016-06-07;Mardi;Duree3h;Touriste Etranger;All-FIMU;3410
2016-06-07;Mardi;Duree4h;Résident ;All-FIMU;2230
2016-06-07;Mardi;Duree4h;Touriste Français;All-FIMU;4786
2016-06-07;Mardi;Duree4h;Touriste Etranger;All-FIMU;6119
2016-06-07;Mardi;Duree5h;Résident ;All-FIMU;1971
2016-06-07;Mardi;Duree5h;Touriste Français;All-FIMU;2579
2016-06-07;Mardi;Duree5h;Touriste Etranger;All-FIMU;5806
2016-06-07;Mardi;Duree6h;Résident ;All-FIMU;6055
2016-06-07;Mardi;Duree6h;Touriste Français;All-FIMU;6613
2016-06-07;Mardi;Duree6h;Touriste Etranger;All-FIMU;2765
2016-06-07;Mardi;Duree7h;Résident ;All-FIMU;2780
2016-06-07;Mardi;Duree7h;Touriste Français;All-FIMU;4091
2016-06-07;Mardi;Duree7h;Touriste Etranger;All-FIMU;8259
2016-06-07;Mardi;Duree8h;Résident ;All-FIMU;7773
2016-06-07;Mardi;Duree8h;Touriste Français;All-FIMU;9586
2016-06-07;Mardi;Duree8h;Touriste Etranger;All-FIMU;#
2016-06-07;Mardi;Duree9h;Résident ;All-FIMU;1500
2016-06-07;Mardi;Duree9h;Touriste Français;All-FIMU;7146
2016-06-07;Mardi;Duree9h;Touriste Etranger;All-FIMU;3565
2016-06-07;Mardi;Duree10h;Résident ;All-FIMU;1742
2016-06-07;Mardi;Duree10h;Touriste Français;All-FIMU;6278
2016-06-07;Mardi;Duree10h;Touriste Etranger;All-FIMU;#
2016-06-07;Mardi;Duree10h-18h;Résident ;All-FIMU;6670
2016-06-07;Mardi;Duree10h-18h;Touriste Français;All-FIMU;8569
2016-06-07;Mardi;Duree10h-18h;Touriste Etranger;All-FIMU;1725
